,AsyD1,AsyD2
Suff_diff,-0.23224894994384027,-0.22972995245825656
Comp_diff,0.2197805934216075,0.25085002977274984
