,scaled attention,attention,deeplift,gradients,lime,ig,deepliftshap,gradientshap,scaled attention,attention,deeplift,gradients,lime,ig,deepliftshap,gradientshap
Full,2.5844147973193645,1.729762171244195,1.16183358822468,1.6237566412914068,0.9684755189430969,1.6005987426869557,1.0281632021313734,0.9865948820510405,2.270274351461766,1.5643729443170282,1.1279353022595149,1.64113736350289,0.764733619407492,1.6077307387133044,1.0463754153609992,1.014157036645448
SynD,2.158759311757364,1.6087820342514962,1.2993908080036174,1.3759213956466148,0.9499863530892123,1.371475593018371,1.1161945038830539,0.9632260771990826,2.5168103048635273,1.7554535988247895,1.3385524720122486,1.6498844958695515,0.8477295128854498,1.6577021792356161,1.1048956152059521,0.9861337596572833
AsyD1,2.391008261701204,1.6975578727823906,1.3921448203988478,1.5792970163173146,0.8496299517052789,1.5941280626090888,1.1455807695335267,0.9625598059342881,2.2970297114419203,1.619434814973243,1.387928562871297,1.6693069692594573,0.8347760858535002,1.6857873395658662,1.1072014576455695,0.9908413449241669
AsyD2,2.3884892642156204,1.6858748255988825,1.3556319401753463,1.5982334151674713,0.8812220167254505,1.6104522440286178,1.1277829926374539,0.9532315559308857,2.265960275090778,1.5982124009098886,1.3087480422175644,1.6323464697964665,0.8001710809794239,1.6497995446799754,1.0661128642818714,0.9535759558414942
AsyD1+2,2.389748762958412,1.6917163491906364,1.373888380287097,1.5887652157423928,0.8654259842153647,1.6022901533188532,1.1366818810854902,0.9578956809325869,2.281494993266349,1.6088236079415656,1.3483383025444307,1.650826719527962,0.817473583416462,1.6677934421229208,1.0866571609637203,0.9722086503828306
