,scaled attention,attention,deeplift,gradients,lime,ig,deepliftshap,gradientshap,scaled attention,attention,deeplift,gradients,lime,ig,deepliftshap,gradientshap
Full,2.1956604741054053,1.4584770894187806,1.3108944289880222,1.3254721745605798,0.9960749786036456,1.2814573231454411,1.1241127614219197,1.0094143583561759,1.7569922137956433,1.1170265077575041,1.1702880663742792,1.2690637172996526,0.8751737527749287,1.2934466845204213,1.0449430210724904,1.0283684327746287
InDomain,1.7949380364197618,1.3212090908120357,1.0988376925603178,1.127230529468759,1.03074694211363,1.1280741773964118,1.0436420771464858,1.0140567236062357,1.5543729563443327,1.1482888386163221,1.0838109777270943,1.1386155748083393,0.9361320378093473,1.1361656319443385,1.0389478083662707,0.987168420947345
OOD1,1.94871828357498,1.3777810071284353,1.12228236672322,1.1902221257785597,1.0247277918662305,1.1987136499591846,1.0500226415269,1.0174244707420412,1.412834596453619,1.0933783310790937,1.058427840535476,1.1147262644768134,0.9300761373706282,1.1188269145694965,1.0235537751102415,0.9565470687398796
OOD2,1.9761696105242528,1.3879963418466865,1.116661673624856,1.1986097851516095,1.027675466897051,1.1936973850478532,1.057325787645047,1.0117094525070123,1.4430673904034856,1.0958525297386583,1.0537166358450465,1.1369317969981736,0.9385864452891706,1.1376178758135918,1.0381237584702694,0.9730144703934405
OOD1+2,1.9624439470496164,1.3828886744875608,1.119472020174038,1.1944159554650846,1.0262016293816407,1.196205517503519,1.0536742145859734,1.0145669616245268,1.4279509934285524,1.094615430408876,1.0560722381902612,1.1258290307374934,0.9343312913298993,1.128222395191544,1.0308387667902554,0.96478076956666
