,LSTM F1,LSTM std,KUMA F1,KUMA std,SPECTRA F1,SPECTRA std
0,47.972330471390904,0.3584334136023,29.283046945276105,3.0922889832188,36.156,2.2016425686291496
1,39.1319235829338,1.2569947964623,24.2938215292736,4.992970133096301,32.766,6.49364535526848
2,43.3417637182808,1.4144845485819002,26.969159323562604,6.995298509399,33.568,4.44338497094276
3,43.163279844430804,1.8452848653197,26.980992652931203,7.2345210051153,34.65999999999999,5.79627035256293
