{
    "deepliftshap": {
        "sufficiency": {
            "mean": 0.20292378826512278,
            "std": 0.1809648304781298
        },
        "comprehensiveness": {
            "mean": 0.3943161599608569,
            "std": 0.4455513654854654
        },
        "AOPC - sufficiency": {
            "mean": 0.199883939897202,
            "std": 0.16814775928109754
        },
        "AOPC - comprehensiveness": {
            "mean": 0.36163302886225007,
            "std": 0.29797187849081774
        }
    },
    "random": {
        "sufficiency": {
            "mean": 0.19791698208476072,
            "std": 0.17547581655518507
        },
        "comprehensiveness": {
            "mean": 0.37197630953447636,
            "std": 0.4437192062239954
        },
        "AOPC - sufficiency": {
            "mean": 0.1915253747182397,
            "std": 0.16152456943116206
        },
        "AOPC - comprehensiveness": {
            "mean": 0.34807622283828904,
            "std": 0.2993512882714342
        }
    },
    "gradients": {
        "sufficiency": {
            "mean": 0.2031055230071062,
            "std": 0.18984716945725863
        },
        "comprehensiveness": {
            "mean": 0.43925308468566654,
            "std": 0.43432690167544985
        },
        "AOPC - sufficiency": {
            "mean": 0.21589324955034342,
            "std": 0.1722875894272165
        },
        "AOPC - comprehensiveness": {
            "mean": 0.39632500854413416,
            "std": 0.28464516341220425
        }
    },
    "deeplift": {
        "sufficiency": {
            "mean": 0.21824623191553247,
            "std": 0.19510783275129112
        },
        "comprehensiveness": {
            "mean": 0.39361603346949686,
            "std": 0.4367223753924692
        },
        "AOPC - sufficiency": {
            "mean": 0.21045530082214028,
            "std": 0.17678942490507285
        },
        "AOPC - comprehensiveness": {
            "mean": 0.3772488313979208,
            "std": 0.28465572095756325
        }
    },
    "lime": {
        "sufficiency": {
            "mean": 0.20633476093602762,
            "std": 0.18280014876832168
        },
        "comprehensiveness": {
            "mean": 0.3511384493035764,
            "std": 0.425558147456253
        },
        "AOPC - sufficiency": {
            "mean": 0.19741419432799215,
            "std": 0.16403171365528402
        },
        "AOPC - comprehensiveness": {
            "mean": 0.3258453037985888,
            "std": 0.2792202518294928
        }
    },
    "ig": {
        "sufficiency": {
            "mean": 0.2025331815781033,
            "std": 0.18744527092377647
        },
        "comprehensiveness": {
            "mean": 0.4373126468351661,
            "std": 0.43620246711247884
        },
        "AOPC - sufficiency": {
            "mean": 0.21605482953581737,
            "std": 0.17111397463472983
        },
        "AOPC - comprehensiveness": {
            "mean": 0.3954722416858638,
            "std": 0.28503559301922426
        }
    },
    "scaled attention": {
        "sufficiency": {
            "mean": 0.3652638121994781,
            "std": 0.2965068626361353
        },
        "comprehensiveness": {
            "mean": 0.650146435629068,
            "std": 0.36275544764855533
        },
        "AOPC - sufficiency": {
            "mean": 0.34377618002131566,
            "std": 0.19974621999926387
        },
        "AOPC - comprehensiveness": {
            "mean": 0.5410402675263206,
            "std": 0.24095508239937505
        }
    },
    "attention": {
        "sufficiency": {
            "mean": 0.21480364370033367,
            "std": 0.1984521005088991
        },
        "comprehensiveness": {
            "mean": 0.4607428286556617,
            "std": 0.42849186735074035
        },
        "AOPC - sufficiency": {
            "mean": 0.2530450661989198,
            "std": 0.1749404874073174
        },
        "AOPC - comprehensiveness": {
            "mean": 0.399692041672935,
            "std": 0.2555720153991256
        }
    },
    "gradientshap": {
        "sufficiency": {
            "mean": 0.20101786908240118,
            "std": 0.1771931698558531
        },
        "comprehensiveness": {
            "mean": 0.37500517133338895,
            "std": 0.44036348102450507
        },
        "AOPC - sufficiency": {
            "mean": 0.19421759397423494,
            "std": 0.16209934155454533
        },
        "AOPC - comprehensiveness": {
            "mean": 0.34360985526859034,
            "std": 0.29448987383213093
        }
    }
}