{
    "attention": {
        "sufficiency": {
            "mean": 0.34363240764052166,
            "std": 0.3937737390838345
        },
        "comprehensiveness": {
            "mean": 0.33870962917080305,
            "std": 0.4064135218851892
        },
        "AOPC - sufficiency": {
            "mean": 0.25302248065321187,
            "std": 0.20865971895558155
        },
        "AOPC - comprehensiveness": {
            "mean": 0.2551247761295589,
            "std": 0.23122757120624615
        }
    },
    "random": {
        "sufficiency": {
            "mean": 0.21489951744658684,
            "std": 0.34359613898465013
        },
        "comprehensiveness": {
            "mean": 0.2414172942962852,
            "std": 0.357397117691986
        },
        "AOPC - sufficiency": {
            "mean": 0.18630218427543835,
            "std": 0.2055485354507952
        },
        "AOPC - comprehensiveness": {
            "mean": 0.20714537672546562,
            "std": 0.22132273905168934
        }
    },
    "scaled attention": {
        "sufficiency": {
            "mean": 0.5737902126906143,
            "std": 0.3789598202070685
        },
        "comprehensiveness": {
            "mean": 0.5485363770081482,
            "std": 0.4061443479101278
        },
        "AOPC - sufficiency": {
            "mean": 0.4010320437642766,
            "std": 0.22062414847438833
        },
        "AOPC - comprehensiveness": {
            "mean": 0.43552303770739165,
            "std": 0.2696288793615446
        }
    },
    "lime": {
        "sufficiency": {
            "mean": 0.18561886589809018,
            "std": 0.323134513391793
        },
        "comprehensiveness": {
            "mean": 0.2110076296944788,
            "std": 0.34001002238409467
        },
        "AOPC - sufficiency": {
            "mean": 0.16876676884030736,
            "std": 0.19956038155361575
        },
        "AOPC - comprehensiveness": {
            "mean": 0.18292915153618738,
            "std": 0.21243066329151805
        }
    },
    "deeplift": {
        "sufficiency": {
            "mean": 0.17229795444025753,
            "std": 0.31792995091784804
        },
        "comprehensiveness": {
            "mean": 0.17830321762766657,
            "std": 0.3149915671357878
        },
        "AOPC - sufficiency": {
            "mean": 0.1477578739459885,
            "std": 0.17824242966489492
        },
        "AOPC - comprehensiveness": {
            "mean": 0.13607342119987384,
            "std": 0.1631014843715821
        }
    },
    "gradients": {
        "sufficiency": {
            "mean": 0.3525518925498535,
            "std": 0.39007013154493064
        },
        "comprehensiveness": {
            "mean": 0.3270938480450287,
            "std": 0.3986391995959547
        },
        "AOPC - sufficiency": {
            "mean": 0.26809498853593894,
            "std": 0.22594407677078457
        },
        "AOPC - comprehensiveness": {
            "mean": 0.26929843036587686,
            "std": 0.25331946079850864
        }
    }
}