{
    "lime": {
        "sufficiency": {
            "mean": 0.15109794075096103,
            "std": 0.3075105236440522
        },
        "comprehensiveness": {
            "mean": 0.2541712785783583,
            "std": 0.3664252801788157
        },
        "AOPC - sufficiency": {
            "mean": 0.14863122905282922,
            "std": 0.2052241294973937
        },
        "AOPC - comprehensiveness": {
            "mean": 0.21908787456787057,
            "std": 0.22734743435314597
        }
    },
    "attention": {
        "sufficiency": {
            "mean": 0.32407681356108464,
            "std": 0.37668075975692833
        },
        "comprehensiveness": {
            "mean": 0.4493884300965515,
            "std": 0.4273360495862383
        },
        "AOPC - sufficiency": {
            "mean": 0.2482264738323556,
            "std": 0.19150004868554815
        },
        "AOPC - comprehensiveness": {
            "mean": 0.3285787183676355,
            "std": 0.21690804782327192
        }
    },
    "scaled attention": {
        "sufficiency": {
            "mean": 0.6012343477002768,
            "std": 0.38305055192204307
        },
        "comprehensiveness": {
            "mean": 0.7221382449532815,
            "std": 0.36860720412432246
        },
        "AOPC - sufficiency": {
            "mean": 0.4163889796871271,
            "std": 0.22106694144135158
        },
        "AOPC - comprehensiveness": {
            "mean": 0.5341353196382879,
            "std": 0.23263026883596455
        }
    },
    "random": {
        "sufficiency": {
            "mean": 0.16865813770647398,
            "std": 0.32379245474595986
        },
        "comprehensiveness": {
            "mean": 0.28405293169747603,
            "std": 0.3794494737215206
        },
        "AOPC - sufficiency": {
            "mean": 0.17553370545597854,
            "std": 0.21052378887924847
        },
        "AOPC - comprehensiveness": {
            "mean": 0.24105797346717947,
            "std": 0.227232741670948
        }
    },
    "gradients": {
        "sufficiency": {
            "mean": 0.25585742405329426,
            "std": 0.3643079877751282
        },
        "comprehensiveness": {
            "mean": 0.40183269419826156,
            "std": 0.4174421106788411
        },
        "AOPC - sufficiency": {
            "mean": 0.2397619634484959,
            "std": 0.22126315733955118
        },
        "AOPC - comprehensiveness": {
            "mean": 0.32550054781255044,
            "std": 0.2442898863272761
        }
    },
    "deeplift": {
        "sufficiency": {
            "mean": 0.14885278899577042,
            "std": 0.29814938516210515
        },
        "comprehensiveness": {
            "mean": 0.270091159698981,
            "std": 0.37112955481955684
        },
        "AOPC - sufficiency": {
            "mean": 0.1736661237035981,
            "std": 0.16999825848083672
        },
        "AOPC - comprehensiveness": {
            "mean": 0.2321848999386829,
            "std": 0.17561672123111413
        }
    }
}