{
    "lime": {
        "sufficiency": {
            "mean": 0.15247107593228468,
            "std": 0.31071234343095855
        },
        "comprehensiveness": {
            "mean": 0.24771707410119792,
            "std": 0.3624286566147139
        },
        "AOPC - sufficiency": {
            "mean": 0.1494287258875698,
            "std": 0.207157754678325
        },
        "AOPC - comprehensiveness": {
            "mean": 0.21445073886168234,
            "std": 0.22637405620298057
        }
    },
    "attention": {
        "sufficiency": {
            "mean": 0.3179195256523559,
            "std": 0.37382099604527824
        },
        "comprehensiveness": {
            "mean": 0.4390505747570493,
            "std": 0.42755380773606527
        },
        "AOPC - sufficiency": {
            "mean": 0.248218831903414,
            "std": 0.18909794060821955
        },
        "AOPC - comprehensiveness": {
            "mean": 0.3257259542189995,
            "std": 0.21907845029120657
        }
    },
    "scaled attention": {
        "sufficiency": {
            "mean": 0.6123114490834666,
            "std": 0.3809003741346485
        },
        "comprehensiveness": {
            "mean": 0.7215419237312442,
            "std": 0.3701933779444849
        },
        "AOPC - sufficiency": {
            "mean": 0.42413437187162434,
            "std": 0.22141074341613048
        },
        "AOPC - comprehensiveness": {
            "mean": 0.5350355350609874,
            "std": 0.233010057484261
        }
    },
    "random": {
        "sufficiency": {
            "mean": 0.17253071217001245,
            "std": 0.32724779424177003
        },
        "comprehensiveness": {
            "mean": 0.27948885068038537,
            "std": 0.3774322974626142
        },
        "AOPC - sufficiency": {
            "mean": 0.17736591056731826,
            "std": 0.2137407681158505
        },
        "AOPC - comprehensiveness": {
            "mean": 0.2390043857038067,
            "std": 0.22868147160597008
        }
    },
    "gradients": {
        "sufficiency": {
            "mean": 0.26279192678018526,
            "std": 0.36804230991734616
        },
        "comprehensiveness": {
            "mean": 0.3943997163772082,
            "std": 0.41684319389709784
        },
        "AOPC - sufficiency": {
            "mean": 0.24380635345984927,
            "std": 0.2264068383707988
        },
        "AOPC - comprehensiveness": {
            "mean": 0.32119119486623615,
            "std": 0.24572739226629026
        }
    },
    "deeplift": {
        "sufficiency": {
            "mean": 0.14536101124821682,
            "std": 0.29313150436673524
        },
        "comprehensiveness": {
            "mean": 0.25699471677945435,
            "std": 0.3632806222823557
        },
        "AOPC - sufficiency": {
            "mean": 0.1704038590034438,
            "std": 0.16667061248016518
        },
        "AOPC - comprehensiveness": {
            "mean": 0.22682318206524768,
            "std": 0.17397713091897477
        }
    }
}