{
    "lime": {
        "sufficiency": {
            "mean": 0.14633250943627935,
            "std": 0.30353904310604385
        },
        "comprehensiveness": {
            "mean": 0.24631027755352067,
            "std": 0.35949444250482365
        },
        "AOPC - sufficiency": {
            "mean": 0.1426804094111466,
            "std": 0.19830595321407107
        },
        "AOPC - comprehensiveness": {
            "mean": 0.21108956432760745,
            "std": 0.21873028341135725
        }
    },
    "attention": {
        "sufficiency": {
            "mean": 0.3395198216892851,
            "std": 0.3741631975745528
        },
        "comprehensiveness": {
            "mean": 0.4621382502918446,
            "std": 0.4240256928810961
        },
        "AOPC - sufficiency": {
            "mean": 0.25060697869595444,
            "std": 0.1840481983074067
        },
        "AOPC - comprehensiveness": {
            "mean": 0.33890457253011275,
            "std": 0.21323747551355865
        }
    },
    "scaled attention": {
        "sufficiency": {
            "mean": 0.6354294433364969,
            "std": 0.3690012705454895
        },
        "comprehensiveness": {
            "mean": 0.7422613372873339,
            "std": 0.3576016399601621
        },
        "AOPC - sufficiency": {
            "mean": 0.42535890820118333,
            "std": 0.21043723221874575
        },
        "AOPC - comprehensiveness": {
            "mean": 0.5427268814788363,
            "std": 0.22410195793453633
        }
    },
    "random": {
        "sufficiency": {
            "mean": 0.16278309491150575,
            "std": 0.31913747104924445
        },
        "comprehensiveness": {
            "mean": 0.2817418474092003,
            "std": 0.37520021288481187
        },
        "AOPC - sufficiency": {
            "mean": 0.17209441484968735,
            "std": 0.20702468186147255
        },
        "AOPC - comprehensiveness": {
            "mean": 0.23710911873579454,
            "std": 0.22043314455756838
        }
    },
    "gradients": {
        "sufficiency": {
            "mean": 0.2271625580405427,
            "std": 0.34849369865737123
        },
        "comprehensiveness": {
            "mean": 0.37132611952590333,
            "std": 0.40647882719367784
        },
        "AOPC - sufficiency": {
            "mean": 0.21699972099441317,
            "std": 0.20796361571579594
        },
        "AOPC - comprehensiveness": {
            "mean": 0.29997371335118506,
            "std": 0.23452429228095173
        }
    },
    "deeplift": {
        "sufficiency": {
            "mean": 0.15872373829374076,
            "std": 0.30332096049163504
        },
        "comprehensiveness": {
            "mean": 0.27698132728941754,
            "std": 0.3696262291267124
        },
        "AOPC - sufficiency": {
            "mean": 0.17865902646392,
            "std": 0.17301451763352224
        },
        "AOPC - comprehensiveness": {
            "mean": 0.2417197158932297,
            "std": 0.17650554516048944
        }
    }
}