{
    "random": {
        "sufficiency": {
            "mean": 0.437012321825277,
            "std": 0.39911822145769066
        },
        "comprehensiveness": {
            "mean": 0.22749518574976405,
            "std": 0.3274015766275139
        },
        "AOPC - sufficiency": {
            "mean": 0.3531255714313266,
            "std": 0.2425829390929244
        },
        "AOPC - comprehensiveness": {
            "mean": 0.18173379499977244,
            "std": 0.17352719407409725
        }
    },
    "scaled attention": {
        "sufficiency": {
            "mean": 0.5581856714574178,
            "std": 0.40394506167626576
        },
        "comprehensiveness": {
            "mean": 0.3615214403733487,
            "std": 0.38047315664585357
        },
        "AOPC - sufficiency": {
            "mean": 0.4181741899820042,
            "std": 0.24722203213535587
        },
        "AOPC - comprehensiveness": {
            "mean": 0.2834392669377087,
            "std": 0.2177929558835357
        }
    },
    "deeplift": {
        "sufficiency": {
            "mean": 0.3882620736875688,
            "std": 0.39920976871087643
        },
        "comprehensiveness": {
            "mean": 0.2056309128003873,
            "std": 0.30618485032152365
        },
        "AOPC - sufficiency": {
            "mean": 0.30892021948930976,
            "std": 0.2411326683169551
        },
        "AOPC - comprehensiveness": {
            "mean": 0.1585298964137328,
            "std": 0.16608968037628188
        }
    },
    "lime": {
        "sufficiency": {
            "mean": 0.43008145776715184,
            "std": 0.3982432731174462
        },
        "comprehensiveness": {
            "mean": 0.22331013057631516,
            "std": 0.32414857751810755
        },
        "AOPC - sufficiency": {
            "mean": 0.34064772183623443,
            "std": 0.24499582126829147
        },
        "AOPC - comprehensiveness": {
            "mean": 0.17817454778429082,
            "std": 0.17186153035055313
        }
    },
    "attention": {
        "sufficiency": {
            "mean": 0.47146077663303676,
            "std": 0.4051044662303933
        },
        "comprehensiveness": {
            "mean": 0.27585541663628577,
            "std": 0.3569178612007489
        },
        "AOPC - sufficiency": {
            "mean": 0.37880252453759927,
            "std": 0.2430165386383214
        },
        "AOPC - comprehensiveness": {
            "mean": 0.22428279600997897,
            "std": 0.20311439633880893
        }
    },
    "gradients": {
        "sufficiency": {
            "mean": 0.4128278717354137,
            "std": 0.3945729093985925
        },
        "comprehensiveness": {
            "mean": 0.1898909385569644,
            "std": 0.3007905921649151
        },
        "AOPC - sufficiency": {
            "mean": 0.33451488182275724,
            "std": 0.2424511759489586
        },
        "AOPC - comprehensiveness": {
            "mean": 0.16353219293797705,
            "std": 0.16297477697702456
        }
    }
}