{
    "random": {
        "sufficiency": {
            "mean": 0.5088643715630198,
            "std": 0.40473587577392867
        },
        "comprehensiveness": {
            "mean": 0.24692233459418184,
            "std": 0.33647909968331735
        },
        "AOPC - sufficiency": {
            "mean": 0.41511009487733536,
            "std": 0.2513502600679125
        },
        "AOPC - comprehensiveness": {
            "mean": 0.18863212057610362,
            "std": 0.17833428390139838
        }
    },
    "scaled attention": {
        "sufficiency": {
            "mean": 0.6396585391809716,
            "std": 0.3904588720719823
        },
        "comprehensiveness": {
            "mean": 0.3995524188180755,
            "std": 0.3948876429560172
        },
        "AOPC - sufficiency": {
            "mean": 0.48391475931626154,
            "std": 0.2463806341069426
        },
        "AOPC - comprehensiveness": {
            "mean": 0.30538172219150317,
            "std": 0.22709476245601687
        }
    },
    "deeplift": {
        "sufficiency": {
            "mean": 0.5093572563929778,
            "std": 0.4115421895452805
        },
        "comprehensiveness": {
            "mean": 0.2537284109636189,
            "std": 0.33980525314328197
        },
        "AOPC - sufficiency": {
            "mean": 0.3959167507482173,
            "std": 0.24345591624565824
        },
        "AOPC - comprehensiveness": {
            "mean": 0.20008809370121214,
            "std": 0.186163673792438
        }
    },
    "lime": {
        "sufficiency": {
            "mean": 0.5235169967066315,
            "std": 0.4068437190420405
        },
        "comprehensiveness": {
            "mean": 0.24759535000056834,
            "std": 0.33647410090977864
        },
        "AOPC - sufficiency": {
            "mean": 0.416045604035539,
            "std": 0.25258393293251774
        },
        "AOPC - comprehensiveness": {
            "mean": 0.18241080889214292,
            "std": 0.1763518064347159
        }
    },
    "attention": {
        "sufficiency": {
            "mean": 0.5813539212784958,
            "std": 0.39877043544638807
        },
        "comprehensiveness": {
            "mean": 0.32437142384968665,
            "std": 0.3801582619537522
        },
        "AOPC - sufficiency": {
            "mean": 0.45059104110166115,
            "std": 0.23968726163045231
        },
        "AOPC - comprehensiveness": {
            "mean": 0.24237180884161236,
            "std": 0.2214425443266743
        }
    },
    "gradients": {
        "sufficiency": {
            "mean": 0.5505780564616334,
            "std": 0.40147908239899577
        },
        "comprehensiveness": {
            "mean": 0.2748010015491951,
            "std": 0.35807582261871657
        },
        "AOPC - sufficiency": {
            "mean": 0.4420470528786321,
            "std": 0.24135868785622983
        },
        "AOPC - comprehensiveness": {
            "mean": 0.21349804363700778,
            "std": 0.20733787280591934
        }
    }
}