{
    "attention": {
        "sufficiency": {
            "mean": 0.44888050242013877,
            "std": 0.40801823677880106
        },
        "comprehensiveness": {
            "mean": 0.31505330083156746,
            "std": 0.3686306704225858
        },
        "AOPC - sufficiency": {
            "mean": 0.36683390688608075,
            "std": 0.24578096275840175
        },
        "AOPC - comprehensiveness": {
            "mean": 0.23961276607111542,
            "std": 0.21072636520152366
        }
    },
    "deepliftshap": {
        "sufficiency": {
            "mean": 0.3525866681651827,
            "std": 0.3767023497709644
        },
        "comprehensiveness": {
            "mean": 0.2260099025932747,
            "std": 0.32025981675056325
        },
        "AOPC - sufficiency": {
            "mean": 0.30947419548625016,
            "std": 0.22484127334860024
        },
        "AOPC - comprehensiveness": {
            "mean": 0.18539725527990952,
            "std": 0.17555402124702663
        }
    },
    "scaled attention": {
        "sufficiency": {
            "mean": 0.5270628345823296,
            "std": 0.4056548429507611
        },
        "comprehensiveness": {
            "mean": 0.3767029273859806,
            "std": 0.38144898500797997
        },
        "AOPC - sufficiency": {
            "mean": 0.40095116739242803,
            "std": 0.2449424519877242
        },
        "AOPC - comprehensiveness": {
            "mean": 0.3042583885661768,
            "std": 0.21750950701418126
        }
    },
    "gradientshap": {
        "sufficiency": {
            "mean": 0.36786242822126425,
            "std": 0.3780072337780381
        },
        "comprehensiveness": {
            "mean": 0.21341284929921472,
            "std": 0.31215155160383334
        },
        "AOPC - sufficiency": {
            "mean": 0.3221173908925195,
            "std": 0.22392315206973218
        },
        "AOPC - comprehensiveness": {
            "mean": 0.17955138051580363,
            "std": 0.16541116874526046
        }
    },
    "random": {
        "sufficiency": {
            "mean": 0.39587005940407716,
            "std": 0.3853765646184801
        },
        "comprehensiveness": {
            "mean": 0.2143705741543233,
            "std": 0.3135799520445844
        },
        "AOPC - sufficiency": {
            "mean": 0.3361024706090451,
            "std": 0.2304870371375238
        },
        "AOPC - comprehensiveness": {
            "mean": 0.18473510758983033,
            "std": 0.174863242446534
        }
    },
    "lime": {
        "sufficiency": {
            "mean": 0.39159225827260263,
            "std": 0.38563345481335776
        },
        "comprehensiveness": {
            "mean": 0.21093108619177484,
            "std": 0.3062800441194325
        },
        "AOPC - sufficiency": {
            "mean": 0.3353717919398434,
            "std": 0.238085552801252
        },
        "AOPC - comprehensiveness": {
            "mean": 0.17959256488520237,
            "std": 0.1691972802069431
        }
    },
    "gradients": {
        "sufficiency": {
            "mean": 0.4985482878110805,
            "std": 0.3843883550620008
        },
        "comprehensiveness": {
            "mean": 0.29278463350912537,
            "std": 0.3496244149948168
        },
        "AOPC - sufficiency": {
            "mean": 0.38787551548279303,
            "std": 0.22476698582393528
        },
        "AOPC - comprehensiveness": {
            "mean": 0.24861363918022442,
            "std": 0.19475371046842777
        }
    },
    "ig": {
        "sufficiency": {
            "mean": 0.5110815264524817,
            "std": 0.3827255492917963
        },
        "comprehensiveness": {
            "mean": 0.3048749564222416,
            "std": 0.35086217721344676
        },
        "AOPC - sufficiency": {
            "mean": 0.3964724445146804,
            "std": 0.22776333372394822
        },
        "AOPC - comprehensiveness": {
            "mean": 0.2538070170314023,
            "std": 0.20032138273363026
        }
    },
    "deeplift": {
        "sufficiency": {
            "mean": 0.30794392332309156,
            "std": 0.366354529424482
        },
        "comprehensiveness": {
            "mean": 0.24060958633692697,
            "std": 0.3378004790354788
        },
        "AOPC - sufficiency": {
            "mean": 0.29057247460241786,
            "std": 0.2248517831313979
        },
        "AOPC - comprehensiveness": {
            "mean": 0.17468849307049605,
            "std": 0.17446922654815142
        }
    }
}