{
    "deeplift": {
        "sufficiency": {
            "mean": 0.2986877814693034,
            "std": 0.366877233091982
        },
        "comprehensiveness": {
            "mean": 0.25041125248532387,
            "std": 0.3482646467442837
        },
        "AOPC - sufficiency": {
            "mean": 0.28324515514932913,
            "std": 0.22341666593135848
        },
        "AOPC - comprehensiveness": {
            "mean": 0.1810875169486163,
            "std": 0.17822667739425535
        }
    },
    "scaled attention": {
        "sufficiency": {
            "mean": 0.5231008634020062,
            "std": 0.4069833584626248
        },
        "comprehensiveness": {
            "mean": 0.3819372421968065,
            "std": 0.38342501277032076
        },
        "AOPC - sufficiency": {
            "mean": 0.4000721698490662,
            "std": 0.24639165573439625
        },
        "AOPC - comprehensiveness": {
            "mean": 0.3058289819397121,
            "std": 0.21799064386355194
        }
    },
    "gradients": {
        "sufficiency": {
            "mean": 0.32993895887642466,
            "std": 0.38061803008445244
        },
        "comprehensiveness": {
            "mean": 0.1743376788100583,
            "std": 0.28700697446882095
        },
        "AOPC - sufficiency": {
            "mean": 0.30345130589565983,
            "std": 0.2208740013901991
        },
        "AOPC - comprehensiveness": {
            "mean": 0.17799325088400414,
            "std": 0.16084495887585906
        }
    },
    "random": {
        "sufficiency": {
            "mean": 0.3997862761615731,
            "std": 0.38285012171686933
        },
        "comprehensiveness": {
            "mean": 0.21227481562264672,
            "std": 0.31072811994567556
        },
        "AOPC - sufficiency": {
            "mean": 0.33310783838580565,
            "std": 0.22990205804559902
        },
        "AOPC - comprehensiveness": {
            "mean": 0.18234559770979436,
            "std": 0.17367197346164093
        }
    },
    "attention": {
        "sufficiency": {
            "mean": 0.4524473024102885,
            "std": 0.4064027003623121
        },
        "comprehensiveness": {
            "mean": 0.31243386935451906,
            "std": 0.3658514338539385
        },
        "AOPC - sufficiency": {
            "mean": 0.3694164804718973,
            "std": 0.24479119442426814
        },
        "AOPC - comprehensiveness": {
            "mean": 0.23807097268557953,
            "std": 0.20964903301293678
        }
    },
    "lime": {
        "sufficiency": {
            "mean": 0.3935187510133883,
            "std": 0.38570464959571465
        },
        "comprehensiveness": {
            "mean": 0.21645184505102277,
            "std": 0.30889142292884064
        },
        "AOPC - sufficiency": {
            "mean": 0.327483673068136,
            "std": 0.23546199812394
        },
        "AOPC - comprehensiveness": {
            "mean": 0.17907447869457568,
            "std": 0.1742044758124347
        }
    }
}