{
    "attention": {
        "sufficiency": {
            "mean": 0.47236381875460237,
            "std": 0.4031939834598273
        },
        "comprehensiveness": {
            "mean": 0.3708800463374654,
            "std": 0.3855614588137489
        },
        "AOPC - sufficiency": {
            "mean": 0.38550086610239365,
            "std": 0.25226304764290647
        },
        "AOPC - comprehensiveness": {
            "mean": 0.2807522921418444,
            "std": 0.22552998424876963
        }
    },
    "deepliftshap": {
        "sufficiency": {
            "mean": 0.37499380730557724,
            "std": 0.37511209134420886
        },
        "comprehensiveness": {
            "mean": 0.2536522104848678,
            "std": 0.33027410049032535
        },
        "AOPC - sufficiency": {
            "mean": 0.32633540827130736,
            "std": 0.22759524273581674
        },
        "AOPC - comprehensiveness": {
            "mean": 0.20066144982357073,
            "std": 0.1702310755706452
        }
    },
    "scaled attention": {
        "sufficiency": {
            "mean": 0.5549309448298523,
            "std": 0.4040614614485022
        },
        "comprehensiveness": {
            "mean": 0.43674510178600856,
            "std": 0.39562262337014364
        },
        "AOPC - sufficiency": {
            "mean": 0.4265900312497571,
            "std": 0.2544874906939668
        },
        "AOPC - comprehensiveness": {
            "mean": 0.3355057665123996,
            "std": 0.22372590284973248
        }
    },
    "gradientshap": {
        "sufficiency": {
            "mean": 0.39349116849861426,
            "std": 0.3863699902147718
        },
        "comprehensiveness": {
            "mean": 0.2431673749531801,
            "std": 0.3289461087155052
        },
        "AOPC - sufficiency": {
            "mean": 0.33810825097797126,
            "std": 0.2330513627209506
        },
        "AOPC - comprehensiveness": {
            "mean": 0.19615529303097942,
            "std": 0.1683257851517662
        }
    },
    "random": {
        "sufficiency": {
            "mean": 0.414981122295475,
            "std": 0.38667708661060934
        },
        "comprehensiveness": {
            "mean": 0.24469400503035676,
            "std": 0.3291332182394735
        },
        "AOPC - sufficiency": {
            "mean": 0.3448247835703755,
            "std": 0.2387153914349476
        },
        "AOPC - comprehensiveness": {
            "mean": 0.20041265115230875,
            "std": 0.17011940537399217
        }
    },
    "lime": {
        "sufficiency": {
            "mean": 0.4347061518113746,
            "std": 0.38789476959006575
        },
        "comprehensiveness": {
            "mean": 0.2660335980269417,
            "std": 0.3364210231936689
        },
        "AOPC - sufficiency": {
            "mean": 0.3583574447453528,
            "std": 0.24440360575219272
        },
        "AOPC - comprehensiveness": {
            "mean": 0.21154351342030248,
            "std": 0.1824725080843326
        }
    },
    "gradients": {
        "sufficiency": {
            "mean": 0.5027555754305941,
            "std": 0.3887406952215613
        },
        "comprehensiveness": {
            "mean": 0.3291024135357199,
            "std": 0.3744406849227287
        },
        "AOPC - sufficiency": {
            "mean": 0.394186322218983,
            "std": 0.2367015510935002
        },
        "AOPC - comprehensiveness": {
            "mean": 0.2700488985463688,
            "std": 0.2142407493886758
        }
    },
    "ig": {
        "sufficiency": {
            "mean": 0.49284270449812007,
            "std": 0.3894871363054173
        },
        "comprehensiveness": {
            "mean": 0.3338613211771621,
            "std": 0.37523043264239486
        },
        "AOPC - sufficiency": {
            "mean": 0.3951138728096076,
            "std": 0.23884929202811067
        },
        "AOPC - comprehensiveness": {
            "mean": 0.27497607476252695,
            "std": 0.2176322420684355
        }
    },
    "deeplift": {
        "sufficiency": {
            "mean": 0.3117980755861944,
            "std": 0.35227919179060835
        },
        "comprehensiveness": {
            "mean": 0.30508314484698396,
            "std": 0.35662546565249686
        },
        "AOPC - sufficiency": {
            "mean": 0.3018105374718982,
            "std": 0.220195361388444
        },
        "AOPC - comprehensiveness": {
            "mean": 0.22519583946037663,
            "std": 0.18322429623263908
        }
    }
}