{
    "attention": {
        "sufficiency": {
            "mean": 0.4588604481070535,
            "std": 0.4039850236386178
        },
        "comprehensiveness": {
            "mean": 0.33556532389807364,
            "std": 0.38135494538532483
        },
        "AOPC - sufficiency": {
            "mean": 0.3776314201917353,
            "std": 0.24921015381070424
        },
        "AOPC - comprehensiveness": {
            "mean": 0.25612710986323733,
            "std": 0.2182533603485302
        }
    },
    "deepliftshap": {
        "sufficiency": {
            "mean": 0.40227940642888704,
            "std": 0.3883801991034802
        },
        "comprehensiveness": {
            "mean": 0.2596660789217234,
            "std": 0.34365865271470986
        },
        "AOPC - sufficiency": {
            "mean": 0.3407680359658044,
            "std": 0.2367736082989754
        },
        "AOPC - comprehensiveness": {
            "mean": 0.19675083095262078,
            "std": 0.1746991590087445
        }
    },
    "scaled attention": {
        "sufficiency": {
            "mean": 0.5468401113583296,
            "std": 0.4029209231001589
        },
        "comprehensiveness": {
            "mean": 0.44262147568098664,
            "std": 0.401223904801145
        },
        "AOPC - sufficiency": {
            "mean": 0.42292579749736164,
            "std": 0.2528942541838937
        },
        "AOPC - comprehensiveness": {
            "mean": 0.3378620685004625,
            "std": 0.22558052008974755
        }
    },
    "gradientshap": {
        "sufficiency": {
            "mean": 0.4121765407194755,
            "std": 0.3910770736290314
        },
        "comprehensiveness": {
            "mean": 0.23424922739242976,
            "std": 0.3231129869741981
        },
        "AOPC - sufficiency": {
            "mean": 0.3453038708625046,
            "std": 0.2388261653998213
        },
        "AOPC - comprehensiveness": {
            "mean": 0.18389936998436204,
            "std": 0.16648246852476994
        }
    },
    "random": {
        "sufficiency": {
            "mean": 0.41852472911650485,
            "std": 0.3897565798391548
        },
        "comprehensiveness": {
            "mean": 0.24015124126696144,
            "std": 0.3345662523340508
        },
        "AOPC - sufficiency": {
            "mean": 0.35106311939005985,
            "std": 0.23935783531206614
        },
        "AOPC - comprehensiveness": {
            "mean": 0.1960968117759493,
            "std": 0.17611140134917458
        }
    },
    "lime": {
        "sufficiency": {
            "mean": 0.41698952317847876,
            "std": 0.39105813796507266
        },
        "comprehensiveness": {
            "mean": 0.23906717848131268,
            "std": 0.3299235199164714
        },
        "AOPC - sufficiency": {
            "mean": 0.3542063956856354,
            "std": 0.2439321608050971
        },
        "AOPC - comprehensiveness": {
            "mean": 0.18990937478920003,
            "std": 0.17962779126010958
        }
    },
    "gradients": {
        "sufficiency": {
            "mean": 0.5253494501435242,
            "std": 0.38858683518372866
        },
        "comprehensiveness": {
            "mean": 0.30505862494633995,
            "std": 0.36406459161768334
        },
        "AOPC - sufficiency": {
            "mean": 0.4056424765814081,
            "std": 0.23377048079426427
        },
        "AOPC - comprehensiveness": {
            "mean": 0.25596898453413397,
            "std": 0.20789064856422562
        }
    },
    "ig": {
        "sufficiency": {
            "mean": 0.5152918226376766,
            "std": 0.3867795827896446
        },
        "comprehensiveness": {
            "mean": 0.31009568095024725,
            "std": 0.3677386624955416
        },
        "AOPC - sufficiency": {
            "mean": 0.403770715773996,
            "std": 0.2343684675653992
        },
        "AOPC - comprehensiveness": {
            "mean": 0.2575192051673498,
            "std": 0.20879782021836973
        }
    },
    "deeplift": {
        "sufficiency": {
            "mean": 0.3566021807166426,
            "std": 0.37802077786575183
        },
        "comprehensiveness": {
            "mean": 0.2787815018065463,
            "std": 0.3605451103568668
        },
        "AOPC - sufficiency": {
            "mean": 0.3179398122263172,
            "std": 0.2352323874109573
        },
        "AOPC - comprehensiveness": {
            "mean": 0.18946666856708239,
            "std": 0.17929389257337128
        }
    }
}