{
    "deeplift": {
        "sufficiency": {
            "mean": 0.3331935354808751,
            "std": 0.3710807242512914
        },
        "comprehensiveness": {
            "mean": 0.3045742968491898,
            "std": 0.3675524175401694
        },
        "AOPC - sufficiency": {
            "mean": 0.3211512272882536,
            "std": 0.2246044009202529
        },
        "AOPC - comprehensiveness": {
            "mean": 0.22113831945928644,
            "std": 0.18599620045632068
        }
    },
    "scaled attention": {
        "sufficiency": {
            "mean": 0.583367310047357,
            "std": 0.40270751363998164
        },
        "comprehensiveness": {
            "mean": 0.42854582637653965,
            "std": 0.4053930987511502
        },
        "AOPC - sufficiency": {
            "mean": 0.4524832693173108,
            "std": 0.2545674738512192
        },
        "AOPC - comprehensiveness": {
            "mean": 0.3286331318698889,
            "std": 0.22070042861186967
        }
    },
    "gradients": {
        "sufficiency": {
            "mean": 0.5406622207423933,
            "std": 0.3930791790532755
        },
        "comprehensiveness": {
            "mean": 0.28367200120435904,
            "std": 0.3602116209590779
        },
        "AOPC - sufficiency": {
            "mean": 0.4268562117646236,
            "std": 0.24197100720832462
        },
        "AOPC - comprehensiveness": {
            "mean": 0.23558730678623824,
            "std": 0.20319196542605528
        }
    },
    "random": {
        "sufficiency": {
            "mean": 0.46966440479266947,
            "std": 0.39824617366226833
        },
        "comprehensiveness": {
            "mean": 0.2138412763422796,
            "std": 0.3123365462094084
        },
        "AOPC - sufficiency": {
            "mean": 0.38641343143034945,
            "std": 0.24901113877678496
        },
        "AOPC - comprehensiveness": {
            "mean": 0.18641569343346356,
            "std": 0.16771188629496114
        }
    },
    "attention": {
        "sufficiency": {
            "mean": 0.510405913236446,
            "std": 0.4021776142217371
        },
        "comprehensiveness": {
            "mean": 0.33053865279902067,
            "std": 0.3762354755175578
        },
        "AOPC - sufficiency": {
            "mean": 0.42266717221006295,
            "std": 0.24631600539296086
        },
        "AOPC - comprehensiveness": {
            "mean": 0.2537022043061668,
            "std": 0.21575140926777162
        }
    },
    "lime": {
        "sufficiency": {
            "mean": 0.47825448142005467,
            "std": 0.3966169469479301
        },
        "comprehensiveness": {
            "mean": 0.2501268947217715,
            "std": 0.33613218664289146
        },
        "AOPC - sufficiency": {
            "mean": 0.39372076045868465,
            "std": 0.2476467259050506
        },
        "AOPC - comprehensiveness": {
            "mean": 0.19725569229003198,
            "std": 0.18066405923616122
        }
    }
}