{
    "gradients": {
        "sufficiency": {
            "mean": 0.5184655907909291,
            "std": 0.3914811641117505
        },
        "comprehensiveness": {
            "mean": 0.3086405768652025,
            "std": 0.36644466315007257
        },
        "AOPC - sufficiency": {
            "mean": 0.4007323314766156,
            "std": 0.23488517309790183
        },
        "AOPC - comprehensiveness": {
            "mean": 0.26049284117586047,
            "std": 0.2092799482013675
        }
    },
    "scaled attention": {
        "sufficiency": {
            "mean": 0.5468401113583296,
            "std": 0.4029209231001589
        },
        "comprehensiveness": {
            "mean": 0.44262147568098664,
            "std": 0.401223904801145
        },
        "AOPC - sufficiency": {
            "mean": 0.42292579749736164,
            "std": 0.2528942541838937
        },
        "AOPC - comprehensiveness": {
            "mean": 0.3378620685004625,
            "std": 0.22558052008974755
        }
    },
    "gradientshap": {
        "sufficiency": {
            "mean": 0.4121765407194755,
            "std": 0.3910770736290314
        },
        "comprehensiveness": {
            "mean": 0.23424922739242976,
            "std": 0.3231129869741981
        },
        "AOPC - sufficiency": {
            "mean": 0.3453038708625046,
            "std": 0.2388261653998213
        },
        "AOPC - comprehensiveness": {
            "mean": 0.18389936998436204,
            "std": 0.16648246852476994
        }
    },
    "random": {
        "sufficiency": {
            "mean": 0.41852472911650485,
            "std": 0.3897565798391548
        },
        "comprehensiveness": {
            "mean": 0.24015124126696144,
            "std": 0.3345662523340508
        },
        "AOPC - sufficiency": {
            "mean": 0.35106311939005985,
            "std": 0.23935783531206614
        },
        "AOPC - comprehensiveness": {
            "mean": 0.1960968117759493,
            "std": 0.17611140134917458
        }
    },
    "deeplift": {
        "sufficiency": {
            "mean": 0.35290841987387905,
            "std": 0.378375186456513
        },
        "comprehensiveness": {
            "mean": 0.28180595576621975,
            "std": 0.36371158632563444
        },
        "AOPC - sufficiency": {
            "mean": 0.3152671934019951,
            "std": 0.2353983433832605
        },
        "AOPC - comprehensiveness": {
            "mean": 0.19165510170672506,
            "std": 0.18043720053442866
        }
    },
    "ig": {
        "sufficiency": {
            "mean": 0.5142276752880639,
            "std": 0.3871450822850162
        },
        "comprehensiveness": {
            "mean": 0.3109883656642216,
            "std": 0.3684639481378594
        },
        "AOPC - sufficiency": {
            "mean": 0.4028817802706787,
            "std": 0.23456191895841358
        },
        "AOPC - comprehensiveness": {
            "mean": 0.2582532929224497,
            "std": 0.20911729421542907
        }
    },
    "attention": {
        "sufficiency": {
            "mean": 0.465473516922229,
            "std": 0.401417944173794
        },
        "comprehensiveness": {
            "mean": 0.3287269264564342,
            "std": 0.37606274034589054
        },
        "AOPC - sufficiency": {
            "mean": 0.38376337131447585,
            "std": 0.24809616044732571
        },
        "AOPC - comprehensiveness": {
            "mean": 0.25100648504081974,
            "std": 0.21532366382026108
        }
    },
    "deepliftshap": {
        "sufficiency": {
            "mean": 0.4102616907300679,
            "std": 0.38663760369886185
        },
        "comprehensiveness": {
            "mean": 0.2532948570070007,
            "std": 0.33772513111804403
        },
        "AOPC - sufficiency": {
            "mean": 0.3464173851397617,
            "std": 0.2361627387846994
        },
        "AOPC - comprehensiveness": {
            "mean": 0.1913695470152896,
            "std": 0.17205803536166517
        }
    }
}