{
    "kuma-bert20": {
        "model": "/jmain02/home/J2AD003/txk58/zxz22-txk58/extract_rationales/extract_rationales/kuma_model/yelp_full/kuma-bert20.pt",
        "f1": 0.2940287621784436,
        "accuracy": 0.4812646370023419,
        "loss": 9.624878970262046,
        "ece-score": 0.028456979389771365
    },
    "kuma-bert15": {
        "model": "/jmain02/home/J2AD003/txk58/zxz22-txk58/extract_rationales/extract_rationales/kuma_model/yelp_full/kuma-bert15.pt",
        "f1": 0.2749690376896209,
        "accuracy": 0.47540983606557374,
        "loss": 9.607006491901718,
        "ece-score": 0.01981099045876876
    },
    "kuma-bert25": {
        "model": "/jmain02/home/J2AD003/txk58/zxz22-txk58/extract_rationales/extract_rationales/kuma_model/yelp_full/kuma-bert25.pt",
        "f1": 0.28893810590454255,
        "accuracy": 0.474824355971897,
        "loss": 9.695950200624555,
        "ece-score": 0.009350827762058794
    },
    "kuma-bert5": {
        "model": "/jmain02/home/J2AD003/txk58/zxz22-txk58/extract_rationales/extract_rationales/kuma_model/yelp_full/kuma-bert5.pt",
        "f1": 0.31408698556422243,
        "accuracy": 0.4918032786885246,
        "loss": 9.526665576150485,
        "ece-score": 0.024824279096562075
    },
    "kuma-bert10": {
        "model": "/jmain02/home/J2AD003/txk58/zxz22-txk58/extract_rationales/extract_rationales/kuma_model/yelp_full/kuma-bert10.pt",
        "f1": 0.26715749312767956,
        "accuracy": 0.4215456674473068,
        "loss": 10.643429963388176,
        "ece-score": 0.08444839000562315
    },
    "mean-acc": 0.4689695550351288,
    "std-acc": 0.024483990704796475,
    "mean-f1": 0.2878360768929018,
    "std-f1": 0.01625938836151201,
    "mean-ece": 0.03337829334255683,
    "std-ece": 0.02633224667087851
}