,AsyD1,AsyD2,Factors
0,1.648785240302247,1.543992723169915,Suff_diff
1,1.861502343049865,1.7843982691875586,Comp_diff
0,3113.0,3739.0,temporal_distance
0,0.04235374272468481,0.04905401514175457,corpus_similarity
