,AsyD1,AsyD2
0,1.648785240302247,1.543992723169915
1,1.861502343049865,1.7843982691875586
