,AsyD1,AsyD2
Suff_diff,1.648785240302247,1.543992723169915
Comp_diff,1.861502343049865,1.7843982691875586
