,scaled attention,attention,deeplift,gradients,lime,ig,deepliftshap,gradientshap,scaled attention,attention,deeplift,gradients,lime,ig,deepliftshap,gradientshap
Full,2.004310717479776,1.7269157105512063,1.10129254714606,1.093213812662667,1.1907177617880935,1.1055271176838641,1.03263720218003,0.9840119854354967,4.665446029790673,3.4173374960930385,1.2632260373967146,2.2334523855183552,1.115000961747387,2.272919373748812,1.1038162256514852,1.0681708540717882
InDomain,2.7995195540973823,2.3977206190691036,1.1694728700887294,1.4094364883353792,1.0581498437453378,1.4773348833781588,1.1326718381486742,1.025467101165599,2.8479532660898985,2.6743932338593193,1.518847516635136,1.9497219258815437,0.9619548743288485,1.9603782437778459,1.156344335200474,1.0848820441332616
OOD1,1.1507343137951354,1.1973013744306875,0.94354393103243,0.9607461558243551,1.0354471599410038,0.9989424352952928,0.9123066072649582,0.8840171077406423,0.9864509230400337,1.1207595654062876,0.8420196157021236,1.0990815353617605,1.0250134367164472,0.9357997082626637,1.150912500441269,1.0060274021214046
OOD2,1.2555268309274672,1.1290705766615294,0.9968182325333874,1.218622140039166,1.2382564383069745,1.2306836629063567,1.0776446275773364,0.9613370865737536,1.06355499690234,1.1770968106444917,0.8285928845506916,0.9988645130164776,1.000559007882321,0.914249264507812,1.0445774409190085,0.9828413840760779
OOD1+2,1.2031305723613013,1.1631859755461085,0.9701810817829086,1.0896841479317605,1.1368517991239893,1.1148130491008248,0.9949756174211473,0.922677097157198,1.0250029599711867,1.1489281880253897,0.8353062501264076,1.048973024189119,1.012786222299384,0.9250244863852378,1.0977449706801388,0.9944343930987413
