,LSTM F1,LSTM std,KUMA F1,KUMA std,SPECTRA F1,SPECTRA std
0,62.3906352942153,2.8917902753397002,47.2007345828817,1.7494131407827,50.668,5.30580059934408
1,55.59913747465111,3.1905303673665,47.305052023144405,2.7435066240719,50.540000000000006,6.51115581137481
2,51.6818876355168,2.8099801573696,45.170382944376705,2.8991298768537,45.45199999999999,4.230640613429601
3,49.8310266846915,3.5993558357482005,41.9174969899802,2.2921371661091,43.16599999999999,6.43093150328939
