{
    "kuma-bert20": {
        "model": "/jmain02/home/J2AD003/txk58/zxz22-txk58/extract_rationales/extract_rationales/kuma_model/yelp/kuma-bert20.pt",
        "f1": 0.20839432597056784,
        "accuracy": 0.4765807962529274,
        "loss": 9.783143718666006,
        "ece-score": 0.15002181557218702
    },
    "kuma-bert15": {
        "model": "/jmain02/home/J2AD003/txk58/zxz22-txk58/extract_rationales/extract_rationales/kuma_model/yelp/kuma-bert15.pt",
        "f1": 0.20141453193563744,
        "accuracy": 0.4560889929742389,
        "loss": 9.99784255250592,
        "ece-score": 0.15648240131921456
    },
    "kuma-bert25": {
        "model": "/jmain02/home/J2AD003/txk58/zxz22-txk58/extract_rationales/extract_rationales/kuma_model/yelp/kuma-bert25.pt",
        "f1": 0.2023402301977252,
        "accuracy": 0.48302107728337235,
        "loss": 9.751170370066278,
        "ece-score": 0.1390661015687838
    },
    "kuma-bert5": {
        "model": "/jmain02/home/J2AD003/txk58/zxz22-txk58/extract_rationales/extract_rationales/kuma_model/yelp/kuma-bert5.pt",
        "f1": 0.18491388651632396,
        "accuracy": 0.42096018735363,
        "loss": 10.589552295542209,
        "ece-score": 0.189758480554861
    },
    "kuma-bert10": {
        "model": "/jmain02/home/J2AD003/txk58/zxz22-txk58/extract_rationales/extract_rationales/kuma_model/yelp/kuma-bert10.pt",
        "f1": 0.20374815058359363,
        "accuracy": 0.474824355971897,
        "loss": 9.661150720631964,
        "ece-score": 0.13918426357192235
    },
    "mean-acc": 0.46229508196721303,
    "std-acc": 0.022528738424011676,
    "mean-f1": 0.2001622250407696,
    "std-f1": 0.007993123976216243,
    "mean-ece": 0.15490261251739376,
    "std-ece": 0.018649992068207822
}