{
    "random": {
        "sufficiency": {
            "mean": 0.4301685656744575,
            "std": 0.3965262266535968
        },
        "comprehensiveness": {
            "mean": 0.11955609278651928,
            "std": 0.28995347634714325
        },
        "AOPC - sufficiency": {
            "mean": 0.31879418574762963,
            "std": 0.210035275187346
        },
        "AOPC - comprehensiveness": {
            "mean": 0.10947629834592305,
            "std": 0.18712068431399276
        }
    },
    "lime": {
        "sufficiency": {
            "mean": 0.40269594898601546,
            "std": 0.3831756550859155
        },
        "comprehensiveness": {
            "mean": 0.13782170206052344,
            "std": 0.3133395616108026
        },
        "AOPC - sufficiency": {
            "mean": 0.3114421585605416,
            "std": 0.1973980628809199
        },
        "AOPC - comprehensiveness": {
            "mean": 0.1242377150168064,
            "std": 0.2120643320163659
        }
    },
    "attention": {
        "sufficiency": {
            "mean": 0.5715812727175941,
            "std": 0.42226386525039195
        },
        "comprehensiveness": {
            "mean": 0.1876365201313104,
            "std": 0.35247212059856164
        },
        "AOPC - sufficiency": {
            "mean": 0.4131554767853925,
            "std": 0.23998270862913815
        },
        "AOPC - comprehensiveness": {
            "mean": 0.1557111813428836,
            "std": 0.2258203571102104
        }
    },
    "gradientshap": {
        "sufficiency": {
            "mean": 0.4480603497986583,
            "std": 0.40424802009684796
        },
        "comprehensiveness": {
            "mean": 0.11242814724246752,
            "std": 0.2777813994746475
        },
        "AOPC - sufficiency": {
            "mean": 0.32617216361669404,
            "std": 0.21165213642354072
        },
        "AOPC - comprehensiveness": {
            "mean": 0.10005326107146727,
            "std": 0.17257194137717716
        }
    },
    "deeplift": {
        "sufficiency": {
            "mean": 0.39460312951864895,
            "std": 0.3846102820759562
        },
        "comprehensiveness": {
            "mean": 0.09270887249697676,
            "std": 0.24870741796939771
        },
        "AOPC - sufficiency": {
            "mean": 0.2961598897774369,
            "std": 0.21408407874614535
        },
        "AOPC - comprehensiveness": {
            "mean": 0.0750512233282707,
            "std": 0.13727196328958483
        }
    },
    "scaled attention": {
        "sufficiency": {
            "mean": 0.5919229182935769,
            "std": 0.4125982361360391
        },
        "comprehensiveness": {
            "mean": 0.21812708559300834,
            "std": 0.37195547504061593
        },
        "AOPC - sufficiency": {
            "mean": 0.42786511741650096,
            "std": 0.24429851088639634
        },
        "AOPC - comprehensiveness": {
            "mean": 0.18617738685273785,
            "std": 0.25876814511942653
        }
    },
    "ig": {
        "sufficiency": {
            "mean": 0.598035253067994,
            "std": 0.41026011067957174
        },
        "comprehensiveness": {
            "mean": 0.19363584797673264,
            "std": 0.3579434940033186
        },
        "AOPC - sufficiency": {
            "mean": 0.42389635628375144,
            "std": 0.23479071171745333
        },
        "AOPC - comprehensiveness": {
            "mean": 0.16688309222138406,
            "std": 0.24295737147691754
        }
    },
    "gradients": {
        "sufficiency": {
            "mean": 0.5960272149733569,
            "std": 0.407907177145429
        },
        "comprehensiveness": {
            "mean": 0.1923681730080131,
            "std": 0.35636714858356044
        },
        "AOPC - sufficiency": {
            "mean": 0.41695394615729997,
            "std": 0.22952473889753894
        },
        "AOPC - comprehensiveness": {
            "mean": 0.16452024306049146,
            "std": 0.2405025271698016
        }
    },
    "deepliftshap": {
        "sufficiency": {
            "mean": 0.4207975434819398,
            "std": 0.38854091468339164
        },
        "comprehensiveness": {
            "mean": 0.08819420831220746,
            "std": 0.240532827147593
        },
        "AOPC - sufficiency": {
            "mean": 0.3074819159934102,
            "std": 0.21102260901660796
        },
        "AOPC - comprehensiveness": {
            "mean": 0.07290042114478489,
            "std": 0.1354690897562189
        }
    }
}