{
    "random": {
        "sufficiency": {
            "mean": 0.40489097998897916,
            "std": 0.39239188197540203
        },
        "comprehensiveness": {
            "mean": 0.11886117796084297,
            "std": 0.28556853545675087
        },
        "AOPC - sufficiency": {
            "mean": 0.3075516918703773,
            "std": 0.2134727406061259
        },
        "AOPC - comprehensiveness": {
            "mean": 0.10691318889875306,
            "std": 0.18176113684743622
        }
    },
    "lime": {
        "sufficiency": {
            "mean": 0.3958004755983638,
            "std": 0.38330999798631016
        },
        "comprehensiveness": {
            "mean": 0.14148650933226836,
            "std": 0.31542825879372516
        },
        "AOPC - sufficiency": {
            "mean": 0.3063186463825239,
            "std": 0.20191231901312365
        },
        "AOPC - comprehensiveness": {
            "mean": 0.12460553219739737,
            "std": 0.2065000657080899
        }
    },
    "attention": {
        "sufficiency": {
            "mean": 0.5660032302098511,
            "std": 0.41689800918447223
        },
        "comprehensiveness": {
            "mean": 0.2243903692397031,
            "std": 0.3766612647501216
        },
        "AOPC - sufficiency": {
            "mean": 0.4090693005943236,
            "std": 0.23450749254588274
        },
        "AOPC - comprehensiveness": {
            "mean": 0.17956662596804152,
            "std": 0.24477797710675356
        }
    },
    "gradientshap": {
        "sufficiency": {
            "mean": 0.4179691074929885,
            "std": 0.3981580235804829
        },
        "comprehensiveness": {
            "mean": 0.11388204875024306,
            "std": 0.2779785715537741
        },
        "AOPC - sufficiency": {
            "mean": 0.3119209264478422,
            "std": 0.2157927714881371
        },
        "AOPC - comprehensiveness": {
            "mean": 0.0980402335918895,
            "std": 0.1702905826503357
        }
    },
    "deeplift": {
        "sufficiency": {
            "mean": 0.36625640505453017,
            "std": 0.37460657441939954
        },
        "comprehensiveness": {
            "mean": 0.09090672308947009,
            "std": 0.2411783048425624
        },
        "AOPC - sufficiency": {
            "mean": 0.283904907172409,
            "std": 0.21841588959960762
        },
        "AOPC - comprehensiveness": {
            "mean": 0.07546903649687031,
            "std": 0.13937404642747098
        }
    },
    "scaled attention": {
        "sufficiency": {
            "mean": 0.5398864389944966,
            "std": 0.4224767059156478
        },
        "comprehensiveness": {
            "mean": 0.21737604652693815,
            "std": 0.3705902897971634
        },
        "AOPC - sufficiency": {
            "mean": 0.3976717792686167,
            "std": 0.2549489515688772
        },
        "AOPC - comprehensiveness": {
            "mean": 0.1809242633500599,
            "std": 0.2582441744065541
        }
    },
    "ig": {
        "sufficiency": {
            "mean": 0.5737799900090494,
            "std": 0.4114198344827616
        },
        "comprehensiveness": {
            "mean": 0.22127788624886563,
            "std": 0.3752822208853211
        },
        "AOPC - sufficiency": {
            "mean": 0.4147773795365038,
            "std": 0.23230224586050324
        },
        "AOPC - comprehensiveness": {
            "mean": 0.18361630955693975,
            "std": 0.2526783645027686
        }
    },
    "gradients": {
        "sufficiency": {
            "mean": 0.5743595207779352,
            "std": 0.40986030565636544
        },
        "comprehensiveness": {
            "mean": 0.2171234517492039,
            "std": 0.37144706071220623
        },
        "AOPC - sufficiency": {
            "mean": 0.41063851664949563,
            "std": 0.22609865952247976
        },
        "AOPC - comprehensiveness": {
            "mean": 0.18038055833974495,
            "std": 0.2492564043109638
        }
    },
    "deepliftshap": {
        "sufficiency": {
            "mean": 0.3912248121731158,
            "std": 0.3827071408065778
        },
        "comprehensiveness": {
            "mean": 0.08721241009574773,
            "std": 0.2343837265156568
        },
        "AOPC - sufficiency": {
            "mean": 0.29429773648843116,
            "std": 0.2170686249148334
        },
        "AOPC - comprehensiveness": {
            "mean": 0.07213381568901227,
            "std": 0.134120029343221
        }
    }
}