{
    "random": {
        "sufficiency": {
            "mean": 0.4340768839632591,
            "std": 0.38604793889379396
        },
        "comprehensiveness": {
            "mean": 0.11593904242162559,
            "std": 0.2805872981214488
        },
        "AOPC - sufficiency": {
            "mean": 0.32780025464861967,
            "std": 0.2131988776779938
        },
        "AOPC - comprehensiveness": {
            "mean": 0.10374121428803826,
            "std": 0.18164410008342993
        }
    },
    "lime": {
        "sufficiency": {
            "mean": 0.4174308547695123,
            "std": 0.377217927121838
        },
        "comprehensiveness": {
            "mean": 0.13309261941365697,
            "std": 0.30504592631166905
        },
        "AOPC - sufficiency": {
            "mean": 0.32196826569114023,
            "std": 0.20189720048783227
        },
        "AOPC - comprehensiveness": {
            "mean": 0.11568359189448427,
            "std": 0.20315714679960403
        }
    },
    "attention": {
        "sufficiency": {
            "mean": 0.570105403736828,
            "std": 0.410792126168813
        },
        "comprehensiveness": {
            "mean": 0.18935897284906783,
            "std": 0.3503879800931184
        },
        "AOPC - sufficiency": {
            "mean": 0.4140908563847325,
            "std": 0.2312571839069263
        },
        "AOPC - comprehensiveness": {
            "mean": 0.15646743635535862,
            "std": 0.2313539154610781
        }
    },
    "gradientshap": {
        "sufficiency": {
            "mean": 0.4608478068298229,
            "std": 0.39662351461866574
        },
        "comprehensiveness": {
            "mean": 0.11151275102289537,
            "std": 0.2732457366929983
        },
        "AOPC - sufficiency": {
            "mean": 0.3374804642999667,
            "std": 0.21574688947650095
        },
        "AOPC - comprehensiveness": {
            "mean": 0.09482106069614465,
            "std": 0.16668074347885556
        }
    },
    "deeplift": {
        "sufficiency": {
            "mean": 0.39835077488278714,
            "std": 0.378037904148484
        },
        "comprehensiveness": {
            "mean": 0.08557172447961257,
            "std": 0.23358502557499872
        },
        "AOPC - sufficiency": {
            "mean": 0.3087879593863986,
            "std": 0.2203592193820856
        },
        "AOPC - comprehensiveness": {
            "mean": 0.07226665686828483,
            "std": 0.1362410181538192
        }
    },
    "scaled attention": {
        "sufficiency": {
            "mean": 0.5892741179955509,
            "std": 0.4055236043948548
        },
        "comprehensiveness": {
            "mean": 0.2125636637062017,
            "std": 0.3649738372648285
        },
        "AOPC - sufficiency": {
            "mean": 0.43262576564400457,
            "std": 0.24448808705777658
        },
        "AOPC - comprehensiveness": {
            "mean": 0.1781667572477996,
            "std": 0.25558003693877285
        }
    },
    "ig": {
        "sufficiency": {
            "mean": 0.5804999440130783,
            "std": 0.40546771830741357
        },
        "comprehensiveness": {
            "mean": 0.18940650987064286,
            "std": 0.3519243389698369
        },
        "AOPC - sufficiency": {
            "mean": 0.42030262954744657,
            "std": 0.23195852893790705
        },
        "AOPC - comprehensiveness": {
            "mean": 0.16188408017065317,
            "std": 0.24200028473562796
        }
    },
    "gradients": {
        "sufficiency": {
            "mean": 0.574888435492187,
            "std": 0.4040631643126214
        },
        "comprehensiveness": {
            "mean": 0.18478023732786716,
            "std": 0.3478098958660543
        },
        "AOPC - sufficiency": {
            "mean": 0.41410065978013916,
            "std": 0.22519587488035311
        },
        "AOPC - comprehensiveness": {
            "mean": 0.15939695759763167,
            "std": 0.23799794241261354
        }
    },
    "deepliftshap": {
        "sufficiency": {
            "mean": 0.42184477571719176,
            "std": 0.3801352782296236
        },
        "comprehensiveness": {
            "mean": 0.08235569654848303,
            "std": 0.2283993227633234
        },
        "AOPC - sufficiency": {
            "mean": 0.31734186438118106,
            "std": 0.21676543730494863
        },
        "AOPC - comprehensiveness": {
            "mean": 0.06992615544229584,
            "std": 0.13302192117613573
        }
    }
}