{
    "gradientshap": {
        "sufficiency": {
            "mean": 0.24990717178213373,
            "std": 0.3141165601006134
        },
        "comprehensiveness": {
            "mean": 0.1487994206433191,
            "std": 0.322231691398201
        },
        "AOPC - sufficiency": {
            "mean": 0.24726638182240354,
            "std": 0.19468139960755715
        },
        "AOPC - comprehensiveness": {
            "mean": 0.14147095625418601,
            "std": 0.18763759406265273
        }
    },
    "gradients": {
        "sufficiency": {
            "mean": 0.44859943063269836,
            "std": 0.4127894959526739
        },
        "comprehensiveness": {
            "mean": 0.35365235619037466,
            "std": 0.4233357946209835
        },
        "AOPC - sufficiency": {
            "mean": 0.3519731795368587,
            "std": 0.2001719267445417
        },
        "AOPC - comprehensiveness": {
            "mean": 0.2725622149887577,
            "std": 0.2629265355880928
        }
    },
    "attention": {
        "sufficiency": {
            "mean": 0.45404608279635444,
            "std": 0.37877272413341256
        },
        "comprehensiveness": {
            "mean": 0.42921456165187993,
            "std": 0.44895185013773864
        },
        "AOPC - sufficiency": {
            "mean": 0.34132635041989834,
            "std": 0.19573529613150722
        },
        "AOPC - comprehensiveness": {
            "mean": 0.3150099868899101,
            "std": 0.25984292962932243
        }
    },
    "random": {
        "sufficiency": {
            "mean": 0.2575117988999702,
            "std": 0.3212847022258804
        },
        "comprehensiveness": {
            "mean": 0.13541177914449096,
            "std": 0.3070392862082026
        },
        "AOPC - sufficiency": {
            "mean": 0.24988651991646346,
            "std": 0.19995965411515246
        },
        "AOPC - comprehensiveness": {
            "mean": 0.13440923646519112,
            "std": 0.18449108203056927
        }
    },
    "lime": {
        "sufficiency": {
            "mean": 0.26655909589467597,
            "std": 0.331574309364484
        },
        "comprehensiveness": {
            "mean": 0.21239135810646792,
            "std": 0.3773178929171349
        },
        "AOPC - sufficiency": {
            "mean": 0.25094919195566634,
            "std": 0.18413339738184747
        },
        "AOPC - comprehensiveness": {
            "mean": 0.1816128410248983,
            "std": 0.2335204217151092
        }
    },
    "ig": {
        "sufficiency": {
            "mean": 0.4493928489562891,
            "std": 0.4123815806579
        },
        "comprehensiveness": {
            "mean": 0.3538279403862177,
            "std": 0.42050991860002024
        },
        "AOPC - sufficiency": {
            "mean": 0.3549734850964542,
            "std": 0.2040815999811737
        },
        "AOPC - comprehensiveness": {
            "mean": 0.2684030433119705,
            "std": 0.2565120304517331
        }
    },
    "deeplift": {
        "sufficiency": {
            "mean": 0.26599667386680853,
            "std": 0.3178085809445163
        },
        "comprehensiveness": {
            "mean": 0.2472656770525019,
            "std": 0.3910269736358128
        },
        "AOPC - sufficiency": {
            "mean": 0.2656470656297432,
            "std": 0.18471796801714513
        },
        "AOPC - comprehensiveness": {
            "mean": 0.19072673233990312,
            "std": 0.20476679688347116
        }
    },
    "deepliftshap": {
        "sufficiency": {
            "mean": 0.26413210268582427,
            "std": 0.3221170002731085
        },
        "comprehensiveness": {
            "mean": 0.15721951628185496,
            "std": 0.32594963790132697
        },
        "AOPC - sufficiency": {
            "mean": 0.26482087091905654,
            "std": 0.19618550759794534
        },
        "AOPC - comprehensiveness": {
            "mean": 0.14024453390265276,
            "std": 0.1736958080918763
        }
    },
    "scaled attention": {
        "sufficiency": {
            "mean": 0.5329365458383674,
            "std": 0.4129292010504917
        },
        "comprehensiveness": {
            "mean": 0.38507094762964084,
            "std": 0.42911144362713854
        },
        "AOPC - sufficiency": {
            "mean": 0.37209110508972215,
            "std": 0.24729882849381296
        },
        "AOPC - comprehensiveness": {
            "mean": 0.3006514492060334,
            "std": 0.2681800682780438
        }
    }
}