{
    "random": {
        "sufficiency": {
            "mean": 0.255970087304567,
            "std": 0.3212782728710762
        },
        "comprehensiveness": {
            "mean": 0.1389364331419068,
            "std": 0.3119494735820373
        },
        "AOPC - sufficiency": {
            "mean": 0.24801301336810916,
            "std": 0.2006765157942143
        },
        "AOPC - comprehensiveness": {
            "mean": 0.1387227014929789,
            "std": 0.19004355224423175
        }
    },
    "gradients": {
        "sufficiency": {
            "mean": 0.44859943063269836,
            "std": 0.4127894959526739
        },
        "comprehensiveness": {
            "mean": 0.35365235619037466,
            "std": 0.4233357946209835
        },
        "AOPC - sufficiency": {
            "mean": 0.3519731795368587,
            "std": 0.2001719267445417
        },
        "AOPC - comprehensiveness": {
            "mean": 0.2725622149887577,
            "std": 0.2629265355880928
        }
    },
    "deeplift": {
        "sufficiency": {
            "mean": 0.26094206591357044,
            "std": 0.31717680382667635
        },
        "comprehensiveness": {
            "mean": 0.2530969371958269,
            "std": 0.39610701264206366
        },
        "AOPC - sufficiency": {
            "mean": 0.26247334731160454,
            "std": 0.18571723565076118
        },
        "AOPC - comprehensiveness": {
            "mean": 0.19468575238915714,
            "std": 0.20882664349256091
        }
    },
    "ig": {
        "sufficiency": {
            "mean": 0.4469405818683678,
            "std": 0.4130684674156683
        },
        "comprehensiveness": {
            "mean": 0.35658783851732456,
            "std": 0.42171196680445977
        },
        "AOPC - sufficiency": {
            "mean": 0.3534422099613883,
            "std": 0.20489417763575601
        },
        "AOPC - comprehensiveness": {
            "mean": 0.2705714400833139,
            "std": 0.257921044598294
        }
    },
    "gradientshap": {
        "sufficiency": {
            "mean": 0.2518300613824858,
            "std": 0.31418244232488923
        },
        "comprehensiveness": {
            "mean": 0.14389876137362032,
            "std": 0.3157398292770884
        },
        "AOPC - sufficiency": {
            "mean": 0.24972836220630848,
            "std": 0.19370064591588235
        },
        "AOPC - comprehensiveness": {
            "mean": 0.13598550288817157,
            "std": 0.18079611563824702
        }
    },
    "scaled attention": {
        "sufficiency": {
            "mean": 0.5298819291868618,
            "std": 0.4141723358171699
        },
        "comprehensiveness": {
            "mean": 0.38751196942249777,
            "std": 0.4302250319190537
        },
        "AOPC - sufficiency": {
            "mean": 0.3703232027827119,
            "std": 0.24788656513853402
        },
        "AOPC - comprehensiveness": {
            "mean": 0.3034983087147756,
            "std": 0.2695955148638654
        }
    },
    "deepliftshap": {
        "sufficiency": {
            "mean": 0.2634477217616401,
            "std": 0.32212719530376505
        },
        "comprehensiveness": {
            "mean": 0.15842803721177073,
            "std": 0.3275087947953761
        },
        "AOPC - sufficiency": {
            "mean": 0.2641714545840364,
            "std": 0.19646031432050798
        },
        "AOPC - comprehensiveness": {
            "mean": 0.1412005725707101,
            "std": 0.17471937357215167
        }
    },
    "attention": {
        "sufficiency": {
            "mean": 0.4635234105442288,
            "std": 0.37684386369711703
        },
        "comprehensiveness": {
            "mean": 0.42383038008007523,
            "std": 0.446383266356924
        },
        "AOPC - sufficiency": {
            "mean": 0.3464739942155607,
            "std": 0.19347935829184346
        },
        "AOPC - comprehensiveness": {
            "mean": 0.3106787672193294,
            "std": 0.25655273534227313
        }
    },
    "lime": {
        "sufficiency": {
            "mean": 0.27041726702220825,
            "std": 0.3314526989200476
        },
        "comprehensiveness": {
            "mean": 0.20779161528861442,
            "std": 0.3731290333335369
        },
        "AOPC - sufficiency": {
            "mean": 0.2539099878255944,
            "std": 0.1830015944434466
        },
        "AOPC - comprehensiveness": {
            "mean": 0.17740238810597264,
            "std": 0.22894469932476202
        }
    }
}