{
    "gradientshap": {
        "sufficiency": {
            "mean": 0.25783065753094464,
            "std": 0.3102427498091401
        },
        "comprehensiveness": {
            "mean": 0.15232098250602705,
            "std": 0.328973953624702
        },
        "AOPC - sufficiency": {
            "mean": 0.2553035851332644,
            "std": 0.18695845296986174
        },
        "AOPC - comprehensiveness": {
            "mean": 0.1403669075365954,
            "std": 0.1945436710581311
        }
    },
    "gradients": {
        "sufficiency": {
            "mean": 0.47619155758212695,
            "std": 0.4108306726430094
        },
        "comprehensiveness": {
            "mean": 0.3390415602841455,
            "std": 0.41684964883714876
        },
        "AOPC - sufficiency": {
            "mean": 0.3582503738268938,
            "std": 0.1998054014022195
        },
        "AOPC - comprehensiveness": {
            "mean": 0.2622629869335499,
            "std": 0.25858527902823175
        }
    },
    "attention": {
        "sufficiency": {
            "mean": 0.45548781122684545,
            "std": 0.37671684174184583
        },
        "comprehensiveness": {
            "mean": 0.4012777062777799,
            "std": 0.44282519748021704
        },
        "AOPC - sufficiency": {
            "mean": 0.3405614884156973,
            "std": 0.19134266313209672
        },
        "AOPC - comprehensiveness": {
            "mean": 0.29844826875989644,
            "std": 0.24860322523820483
        }
    },
    "random": {
        "sufficiency": {
            "mean": 0.265901172807746,
            "std": 0.31618426111125664
        },
        "comprehensiveness": {
            "mean": 0.13785267275439178,
            "std": 0.31367165510911044
        },
        "AOPC - sufficiency": {
            "mean": 0.2585326754037103,
            "std": 0.19216660392992455
        },
        "AOPC - comprehensiveness": {
            "mean": 0.13282648675662678,
            "std": 0.19061462230785264
        }
    },
    "lime": {
        "sufficiency": {
            "mean": 0.28171032022845893,
            "std": 0.33535693968504066
        },
        "comprehensiveness": {
            "mean": 0.20310761208658873,
            "std": 0.37327928091280804
        },
        "AOPC - sufficiency": {
            "mean": 0.25752454772767114,
            "std": 0.18286449328467513
        },
        "AOPC - comprehensiveness": {
            "mean": 0.1751095844232067,
            "std": 0.23975993457521685
        }
    },
    "ig": {
        "sufficiency": {
            "mean": 0.4721509101173529,
            "std": 0.41066558512424656
        },
        "comprehensiveness": {
            "mean": 0.3424327051947268,
            "std": 0.41754202821556674
        },
        "AOPC - sufficiency": {
            "mean": 0.3613819679881356,
            "std": 0.20183329695856433
        },
        "AOPC - comprehensiveness": {
            "mean": 0.2593217102428752,
            "std": 0.2514404737880061
        }
    },
    "deeplift": {
        "sufficiency": {
            "mean": 0.272574432138641,
            "std": 0.31891268266922973
        },
        "comprehensiveness": {
            "mean": 0.22305113533800372,
            "std": 0.37705431639676307
        },
        "AOPC - sufficiency": {
            "mean": 0.266231464418937,
            "std": 0.1834852063874768
        },
        "AOPC - comprehensiveness": {
            "mean": 0.17573172763083836,
            "std": 0.1957064937507349
        }
    },
    "deepliftshap": {
        "sufficiency": {
            "mean": 0.27265703482625797,
            "std": 0.319431774430786
        },
        "comprehensiveness": {
            "mean": 0.16004153505688676,
            "std": 0.3321580320903521
        },
        "AOPC - sufficiency": {
            "mean": 0.27016288256958687,
            "std": 0.18919095956704007
        },
        "AOPC - comprehensiveness": {
            "mean": 0.1358986197069077,
            "std": 0.17669007458934277
        }
    },
    "scaled attention": {
        "sufficiency": {
            "mean": 0.5757669764312263,
            "std": 0.3975612964778951
        },
        "comprehensiveness": {
            "mean": 0.4125641999848244,
            "std": 0.4314723068491655
        },
        "AOPC - sufficiency": {
            "mean": 0.3961846312793074,
            "std": 0.22877737601414036
        },
        "AOPC - comprehensiveness": {
            "mean": 0.3217726903072878,
            "std": 0.26661241598282553
        }
    }
}