{
    "random": {
        "sufficiency": {
            "mean": 0.26409599210931406,
            "std": 0.3162105612799572
        },
        "comprehensiveness": {
            "mean": 0.14190426478460044,
            "std": 0.319640409945037
        },
        "AOPC - sufficiency": {
            "mean": 0.25666918665539434,
            "std": 0.19297712330101788
        },
        "AOPC - comprehensiveness": {
            "mean": 0.13766695456083766,
            "std": 0.19733532232583256
        }
    },
    "gradients": {
        "sufficiency": {
            "mean": 0.47619155758212695,
            "std": 0.4108306726430094
        },
        "comprehensiveness": {
            "mean": 0.3390415602841455,
            "std": 0.41684964883714876
        },
        "AOPC - sufficiency": {
            "mean": 0.3582503738268938,
            "std": 0.1998054014022195
        },
        "AOPC - comprehensiveness": {
            "mean": 0.2622629869335499,
            "std": 0.25858527902823175
        }
    },
    "deeplift": {
        "sufficiency": {
            "mean": 0.26790650196275584,
            "std": 0.3184588676569997
        },
        "comprehensiveness": {
            "mean": 0.22828323057936892,
            "std": 0.38208491682274115
        },
        "AOPC - sufficiency": {
            "mean": 0.26336437847056227,
            "std": 0.1841867566932537
        },
        "AOPC - comprehensiveness": {
            "mean": 0.17928115440934175,
            "std": 0.19965110239703698
        }
    },
    "ig": {
        "sufficiency": {
            "mean": 0.4701587503717777,
            "std": 0.41135098953583565
        },
        "comprehensiveness": {
            "mean": 0.34477850431556434,
            "std": 0.4187519301318583
        },
        "AOPC - sufficiency": {
            "mean": 0.3600949838304134,
            "std": 0.2025068603294206
        },
        "AOPC - comprehensiveness": {
            "mean": 0.2614031849615639,
            "std": 0.2529385526025785
        }
    },
    "gradientshap": {
        "sufficiency": {
            "mean": 0.2598122469670876,
            "std": 0.31003359779087225
        },
        "comprehensiveness": {
            "mean": 0.1466119937843202,
            "std": 0.32098352241229205
        },
        "AOPC - sufficiency": {
            "mean": 0.2576603031531014,
            "std": 0.1859352713683303
        },
        "AOPC - comprehensiveness": {
            "mean": 0.13450938702585238,
            "std": 0.18686048900856703
        }
    },
    "scaled attention": {
        "sufficiency": {
            "mean": 0.572692119587487,
            "std": 0.39938230898736116
        },
        "comprehensiveness": {
            "mean": 0.41466778919413627,
            "std": 0.43218933581342905
        },
        "AOPC - sufficiency": {
            "mean": 0.3943889190307262,
            "std": 0.22948653102094344
        },
        "AOPC - comprehensiveness": {
            "mean": 0.3245707355760301,
            "std": 0.2680605041334799
        }
    },
    "deepliftshap": {
        "sufficiency": {
            "mean": 0.2719916245693911,
            "std": 0.3194706078073613
        },
        "comprehensiveness": {
            "mean": 0.16120339515830864,
            "std": 0.3336404981401803
        },
        "AOPC - sufficiency": {
            "mean": 0.2695710739091344,
            "std": 0.18942843177696758
        },
        "AOPC - comprehensiveness": {
            "mean": 0.1368013080594765,
            "std": 0.17774813735317488
        }
    },
    "attention": {
        "sufficiency": {
            "mean": 0.4629370498690162,
            "std": 0.3747894961483942
        },
        "comprehensiveness": {
            "mean": 0.3964899860080754,
            "std": 0.43997874635141393
        },
        "AOPC - sufficiency": {
            "mean": 0.3449694040716515,
            "std": 0.18935637148053486
        },
        "AOPC - comprehensiveness": {
            "mean": 0.29449399558696354,
            "std": 0.24504870513243723
        }
    },
    "lime": {
        "sufficiency": {
            "mean": 0.2852705018837008,
            "std": 0.33503168798529454
        },
        "comprehensiveness": {
            "mean": 0.19914857686937779,
            "std": 0.36932348444066293
        },
        "AOPC - sufficiency": {
            "mean": 0.26031156090919577,
            "std": 0.18193557615164901
        },
        "AOPC - comprehensiveness": {
            "mean": 0.17092948020344448,
            "std": 0.23442519655329885
        }
    }
}