{
    "gradientshap": {
        "sufficiency": {
            "mean": 0.28990110160375776,
            "std": 0.32112682312957275
        },
        "comprehensiveness": {
            "mean": 0.13343338391434226,
            "std": 0.3074778446895687
        },
        "AOPC - sufficiency": {
            "mean": 0.27389746030366374,
            "std": 0.19030393347232546
        },
        "AOPC - comprehensiveness": {
            "mean": 0.12553736478111208,
            "std": 0.18432280154629638
        }
    },
    "gradients": {
        "sufficiency": {
            "mean": 0.4626462150260798,
            "std": 0.40701145309360975
        },
        "comprehensiveness": {
            "mean": 0.2954531215297578,
            "std": 0.40861419865179616
        },
        "AOPC - sufficiency": {
            "mean": 0.3621888312885538,
            "std": 0.20330449666721584
        },
        "AOPC - comprehensiveness": {
            "mean": 0.2348603376865099,
            "std": 0.2578455358775246
        }
    },
    "attention": {
        "sufficiency": {
            "mean": 0.48998461096915963,
            "std": 0.38591621633422724
        },
        "comprehensiveness": {
            "mean": 0.34112697108886986,
            "std": 0.4312816518266403
        },
        "AOPC - sufficiency": {
            "mean": 0.3654730319718296,
            "std": 0.20037247533440694
        },
        "AOPC - comprehensiveness": {
            "mean": 0.26608194082257586,
            "std": 0.24934663850248956
        }
    },
    "random": {
        "sufficiency": {
            "mean": 0.3001600549545114,
            "std": 0.32848601156019397
        },
        "comprehensiveness": {
            "mean": 0.12376946627888905,
            "std": 0.29398538112093414
        },
        "AOPC - sufficiency": {
            "mean": 0.2781299665764787,
            "std": 0.19703960510898327
        },
        "AOPC - comprehensiveness": {
            "mean": 0.12133257559324516,
            "std": 0.18088262827334167
        }
    },
    "lime": {
        "sufficiency": {
            "mean": 0.29741870525342723,
            "std": 0.333975115211826
        },
        "comprehensiveness": {
            "mean": 0.179713762380527,
            "std": 0.35522435099469934
        },
        "AOPC - sufficiency": {
            "mean": 0.27088638326671577,
            "std": 0.18659988431843033
        },
        "AOPC - comprehensiveness": {
            "mean": 0.15410849643884378,
            "std": 0.2289640781393512
        }
    },
    "ig": {
        "sufficiency": {
            "mean": 0.46747486004719746,
            "std": 0.4066366566054813
        },
        "comprehensiveness": {
            "mean": 0.29928236609431386,
            "std": 0.40789916501906576
        },
        "AOPC - sufficiency": {
            "mean": 0.3672237896707981,
            "std": 0.20605179195013318
        },
        "AOPC - comprehensiveness": {
            "mean": 0.23441894516004014,
            "std": 0.25249592342139615
        }
    },
    "deeplift": {
        "sufficiency": {
            "mean": 0.2862648841968445,
            "std": 0.3197787661981294
        },
        "comprehensiveness": {
            "mean": 0.18988042063655983,
            "std": 0.35533614622187865
        },
        "AOPC - sufficiency": {
            "mean": 0.2787655876157295,
            "std": 0.18957621084818801
        },
        "AOPC - comprehensiveness": {
            "mean": 0.15106308852947395,
            "std": 0.19383909695146348
        }
    },
    "deepliftshap": {
        "sufficiency": {
            "mean": 0.2969677926726016,
            "std": 0.32421270028651816
        },
        "comprehensiveness": {
            "mean": 0.13704508161311416,
            "std": 0.30712384105205526
        },
        "AOPC - sufficiency": {
            "mean": 0.28820001192691197,
            "std": 0.19629969397918884
        },
        "AOPC - comprehensiveness": {
            "mean": 0.12171125401504608,
            "std": 0.17026312910775437
        }
    },
    "scaled attention": {
        "sufficiency": {
            "mean": 0.6172661260371157,
            "std": 0.39416243283959473
        },
        "comprehensiveness": {
            "mean": 0.38482625576293594,
            "std": 0.4280338947027688
        },
        "AOPC - sufficiency": {
            "mean": 0.4254986998972855,
            "std": 0.23356836158044342
        },
        "AOPC - comprehensiveness": {
            "mean": 0.301719214583525,
            "std": 0.2642139972420352
        }
    }
}