{
    "random": {
        "sufficiency": {
            "mean": 0.8587682474132259,
            "std": 0.27896872290190616
        },
        "comprehensiveness": {
            "mean": 0.17527630349281417,
            "std": 0.32610212696899715
        },
        "AOPC - sufficiency": {
            "mean": 0.6877663168689492,
            "std": 0.195444459760071
        },
        "AOPC - comprehensiveness": {
            "mean": 0.12355106109171045,
            "std": 0.16239277767593704
        }
    },
    "attention": {
        "sufficiency": {
            "mean": 0.8476111558398413,
            "std": 0.2924705248851864
        },
        "comprehensiveness": {
            "mean": 0.16840050213815605,
            "std": 0.324429428755174
        },
        "AOPC - sufficiency": {
            "mean": 0.678087013827507,
            "std": 0.19952907324078578
        },
        "AOPC - comprehensiveness": {
            "mean": 0.10375707165707561,
            "std": 0.14399627555552535
        }
    },
    "scaled attention": {
        "sufficiency": {
            "mean": 0.8981454135081924,
            "std": 0.23539329802162937
        },
        "comprehensiveness": {
            "mean": 0.2946225455583693,
            "std": 0.39491472551236667
        },
        "AOPC - sufficiency": {
            "mean": 0.7200842051188011,
            "std": 0.17329440743086647
        },
        "AOPC - comprehensiveness": {
            "mean": 0.20613947097461202,
            "std": 0.21839587042947173
        }
    },
    "gradients": {
        "sufficiency": {
            "mean": 0.849337682994047,
            "std": 0.2895547509108674
        },
        "comprehensiveness": {
            "mean": 0.15571489730198196,
            "std": 0.30771608676649037
        },
        "AOPC - sufficiency": {
            "mean": 0.6795623081552818,
            "std": 0.1982989984319464
        },
        "AOPC - comprehensiveness": {
            "mean": 0.09993721846116584,
            "std": 0.14727602094252373
        }
    },
    "lime": {
        "sufficiency": {
            "mean": 0.8486678243689143,
            "std": 0.2816181197844968
        },
        "comprehensiveness": {
            "mean": 0.1355399793281608,
            "std": 0.2834401444178173
        },
        "AOPC - sufficiency": {
            "mean": 0.6833791356945299,
            "std": 0.19707492382707384
        },
        "AOPC - comprehensiveness": {
            "mean": 0.09655569577239506,
            "std": 0.1403615833560792
        }
    },
    "deeplift": {
        "sufficiency": {
            "mean": 0.8875992482472466,
            "std": 0.2534939811798643
        },
        "comprehensiveness": {
            "mean": 0.17730871069032858,
            "std": 0.3165879357651681
        },
        "AOPC - sufficiency": {
            "mean": 0.7093098074256314,
            "std": 0.18334358270068637
        },
        "AOPC - comprehensiveness": {
            "mean": 0.12366398572012043,
            "std": 0.15633076662344825
        }
    }
}