{
    "random": {
        "sufficiency": {
            "mean": 0.8298856385933531,
            "std": 0.2976216187246296
        },
        "comprehensiveness": {
            "mean": 0.1604302946995734,
            "std": 0.3020592191039206
        },
        "AOPC - sufficiency": {
            "mean": 0.6748263599007083,
            "std": 0.20276920543813068
        },
        "AOPC - comprehensiveness": {
            "mean": 0.11124097150791594,
            "std": 0.14672029448483484
        }
    },
    "attention": {
        "sufficiency": {
            "mean": 0.819460093525762,
            "std": 0.30696046463894766
        },
        "comprehensiveness": {
            "mean": 0.16925062474957459,
            "std": 0.31867535127932156
        },
        "AOPC - sufficiency": {
            "mean": 0.6694989770669358,
            "std": 0.2033330998770334
        },
        "AOPC - comprehensiveness": {
            "mean": 0.09889328119693937,
            "std": 0.14642580891912374
        }
    },
    "scaled attention": {
        "sufficiency": {
            "mean": 0.8808152573062176,
            "std": 0.25185471812834137
        },
        "comprehensiveness": {
            "mean": 0.27965759188742256,
            "std": 0.38313783058389106
        },
        "AOPC - sufficiency": {
            "mean": 0.7083211998376847,
            "std": 0.180114098839047
        },
        "AOPC - comprehensiveness": {
            "mean": 0.19554218769457787,
            "std": 0.21334525165414026
        }
    },
    "gradients": {
        "sufficiency": {
            "mean": 0.8271677616986667,
            "std": 0.30077559583452196
        },
        "comprehensiveness": {
            "mean": 0.1566165813108588,
            "std": 0.305238183016858
        },
        "AOPC - sufficiency": {
            "mean": 0.672472035865878,
            "std": 0.19986002640950665
        },
        "AOPC - comprehensiveness": {
            "mean": 0.0895138830076009,
            "std": 0.13470186430490033
        }
    },
    "lime": {
        "sufficiency": {
            "mean": 0.8282340031277591,
            "std": 0.29468620536619516
        },
        "comprehensiveness": {
            "mean": 0.13240285731830148,
            "std": 0.2768513903868249
        },
        "AOPC - sufficiency": {
            "mean": 0.6733804362917503,
            "std": 0.1979856449760031
        },
        "AOPC - comprehensiveness": {
            "mean": 0.09430665756357057,
            "std": 0.14389858168683184
        }
    },
    "deeplift": {
        "sufficiency": {
            "mean": 0.8812811384606367,
            "std": 0.25195492203887
        },
        "comprehensiveness": {
            "mean": 0.18994967196043935,
            "std": 0.3265864755412277
        },
        "AOPC - sufficiency": {
            "mean": 0.705102070973768,
            "std": 0.18425647498746014
        },
        "AOPC - comprehensiveness": {
            "mean": 0.12784235753172588,
            "std": 0.15902551297055562
        }
    }
}