{
    "random": {
        "sufficiency": {
            "mean": 0.8235429484203654,
            "std": 0.3062680687540407
        },
        "comprehensiveness": {
            "mean": 0.17893778289761375,
            "std": 0.3212363053692431
        },
        "AOPC - sufficiency": {
            "mean": 0.6698941224093348,
            "std": 0.20781179050775708
        },
        "AOPC - comprehensiveness": {
            "mean": 0.12369136721036054,
            "std": 0.16230011356519797
        }
    },
    "attention": {
        "sufficiency": {
            "mean": 0.8049859286025751,
            "std": 0.32232665337783606
        },
        "comprehensiveness": {
            "mean": 0.17493871325669091,
            "std": 0.3260121590287013
        },
        "AOPC - sufficiency": {
            "mean": 0.6620430320316579,
            "std": 0.210095830805647
        },
        "AOPC - comprehensiveness": {
            "mean": 0.11131256631111822,
            "std": 0.1613929821629641
        }
    },
    "scaled attention": {
        "sufficiency": {
            "mean": 0.8791598393159076,
            "std": 0.25727927706934733
        },
        "comprehensiveness": {
            "mean": 0.2821606307667564,
            "std": 0.377541265092439
        },
        "AOPC - sufficiency": {
            "mean": 0.7058431281054927,
            "std": 0.1862133283824248
        },
        "AOPC - comprehensiveness": {
            "mean": 0.20055665525193103,
            "std": 0.22054066355873628
        }
    },
    "gradients": {
        "sufficiency": {
            "mean": 0.8162314112313379,
            "std": 0.30686495966464633
        },
        "comprehensiveness": {
            "mean": 0.16123596036784227,
            "std": 0.30549731587816636
        },
        "AOPC - sufficiency": {
            "mean": 0.6585481502347391,
            "std": 0.21304407996746386
        },
        "AOPC - comprehensiveness": {
            "mean": 0.09274928597289257,
            "std": 0.13608547982366995
        }
    },
    "lime": {
        "sufficiency": {
            "mean": 0.8149071815938254,
            "std": 0.3080778681406331
        },
        "comprehensiveness": {
            "mean": 0.12243212061454979,
            "std": 0.2622691579293769
        },
        "AOPC - sufficiency": {
            "mean": 0.660852284582185,
            "std": 0.20594228258491248
        },
        "AOPC - comprehensiveness": {
            "mean": 0.09066159285719835,
            "std": 0.13993650486085957
        }
    },
    "deeplift": {
        "sufficiency": {
            "mean": 0.8648534539639691,
            "std": 0.27494051755232757
        },
        "comprehensiveness": {
            "mean": 0.18271887438877438,
            "std": 0.32136066342430936
        },
        "AOPC - sufficiency": {
            "mean": 0.6936794797931772,
            "std": 0.19863473473032076
        },
        "AOPC - comprehensiveness": {
            "mean": 0.11799265219948388,
            "std": 0.1554784072856394
        }
    }
}