{
    "lime": {
        "sufficiency": {
            "mean": 0.8202441151558014,
            "std": 0.2999317887099408
        },
        "comprehensiveness": {
            "mean": 0.06430622208980484,
            "std": 0.20345529667308979
        },
        "AOPC - sufficiency": {
            "mean": 0.6759187419814168,
            "std": 0.20363535531319563
        },
        "AOPC - comprehensiveness": {
            "mean": 0.06425607135719721,
            "std": 0.1414814124536506
        }
    },
    "deeplift": {
        "sufficiency": {
            "mean": 0.888283632750571,
            "std": 0.24628382807587185
        },
        "comprehensiveness": {
            "mean": 0.156643949755189,
            "std": 0.3122281467052096
        },
        "AOPC - sufficiency": {
            "mean": 0.7203903221047926,
            "std": 0.18443880171130278
        },
        "AOPC - comprehensiveness": {
            "mean": 0.11446716826545264,
            "std": 0.16896614604653637
        }
    },
    "random": {
        "sufficiency": {
            "mean": 0.8449125185844185,
            "std": 0.2823982765573791
        },
        "comprehensiveness": {
            "mean": 0.08382880729641029,
            "std": 0.2180003709789691
        },
        "AOPC - sufficiency": {
            "mean": 0.6923365922655883,
            "std": 0.1981310735638291
        },
        "AOPC - comprehensiveness": {
            "mean": 0.07608001577171242,
            "std": 0.13018755322956582
        }
    },
    "gradients": {
        "sufficiency": {
            "mean": 0.775982566864583,
            "std": 0.32656229981021734
        },
        "comprehensiveness": {
            "mean": 0.06547910132694093,
            "std": 0.2064880146589354
        },
        "AOPC - sufficiency": {
            "mean": 0.6615365441682507,
            "std": 0.21083211544613162
        },
        "AOPC - comprehensiveness": {
            "mean": 0.040016936418753916,
            "std": 0.10194039914106401
        }
    },
    "attention": {
        "sufficiency": {
            "mean": 0.8298654822230895,
            "std": 0.2896175916173091
        },
        "comprehensiveness": {
            "mean": 0.11324375362012294,
            "std": 0.2682474215803266
        },
        "AOPC - sufficiency": {
            "mean": 0.6794798347731962,
            "std": 0.20162430193360756
        },
        "AOPC - comprehensiveness": {
            "mean": 0.07545699759810544,
            "std": 0.13792668031575347
        }
    },
    "scaled attention": {
        "sufficiency": {
            "mean": 0.8914403152091046,
            "std": 0.24974692317446792
        },
        "comprehensiveness": {
            "mean": 0.2672109350690605,
            "std": 0.39282015223079964
        },
        "AOPC - sufficiency": {
            "mean": 0.721872189485782,
            "std": 0.1814441141384204
        },
        "AOPC - comprehensiveness": {
            "mean": 0.1979622130976505,
            "std": 0.22509242539099325
        }
    }
}