{
    "lime": {
        "sufficiency": {
            "mean": 0.8274195593568187,
            "std": 0.29773323785640476
        },
        "comprehensiveness": {
            "mean": 0.08105085647271691,
            "std": 0.2243834224726026
        },
        "AOPC - sufficiency": {
            "mean": 0.6719789158442309,
            "std": 0.21059850161597476
        },
        "AOPC - comprehensiveness": {
            "mean": 0.06746020154023429,
            "std": 0.13522180639499487
        }
    },
    "deeplift": {
        "sufficiency": {
            "mean": 0.877892426250766,
            "std": 0.26788685515108995
        },
        "comprehensiveness": {
            "mean": 0.1739024842989518,
            "std": 0.32189009601024976
        },
        "AOPC - sufficiency": {
            "mean": 0.7107512813294324,
            "std": 0.20093185010759743
        },
        "AOPC - comprehensiveness": {
            "mean": 0.12502232736169094,
            "std": 0.1708979635246681
        }
    },
    "random": {
        "sufficiency": {
            "mean": 0.8442620608964344,
            "std": 0.28942188156388704
        },
        "comprehensiveness": {
            "mean": 0.11010538655166387,
            "std": 0.2612064334380032
        },
        "AOPC - sufficiency": {
            "mean": 0.6878021078135628,
            "std": 0.21028068798360794
        },
        "AOPC - comprehensiveness": {
            "mean": 0.08918271861802016,
            "std": 0.14216320242984243
        }
    },
    "gradients": {
        "sufficiency": {
            "mean": 0.7753849993606841,
            "std": 0.33383985236227554
        },
        "comprehensiveness": {
            "mean": 0.06492579731342026,
            "std": 0.19464994486662618
        },
        "AOPC - sufficiency": {
            "mean": 0.6508835558515608,
            "std": 0.2265020116847167
        },
        "AOPC - comprehensiveness": {
            "mean": 0.045666056448717025,
            "std": 0.10798900691058246
        }
    },
    "attention": {
        "sufficiency": {
            "mean": 0.8241057616983475,
            "std": 0.3043076835592257
        },
        "comprehensiveness": {
            "mean": 0.1254402707462307,
            "std": 0.2794744341522055
        },
        "AOPC - sufficiency": {
            "mean": 0.6764774130800952,
            "std": 0.21393247860065168
        },
        "AOPC - comprehensiveness": {
            "mean": 0.07915808468650776,
            "std": 0.14212083574451662
        }
    },
    "scaled attention": {
        "sufficiency": {
            "mean": 0.8867799165551531,
            "std": 0.25757913257662696
        },
        "comprehensiveness": {
            "mean": 0.27937065171934156,
            "std": 0.39001535495149503
        },
        "AOPC - sufficiency": {
            "mean": 0.7162825053394811,
            "std": 0.19125093421885492
        },
        "AOPC - comprehensiveness": {
            "mean": 0.20283813663484976,
            "std": 0.23259711102274122
        }
    }
}