{
    "scaled attention": {
        "sufficiency": {
            "mean": 0.732918892215786,
            "std": 0.38064654962552524
        },
        "comprehensiveness": {
            "mean": 0.5020121428412361,
            "std": 0.45041681777454995
        },
        "AOPC - sufficiency": {
            "mean": 0.541161268824629,
            "std": 0.253185721812205
        },
        "AOPC - comprehensiveness": {
            "mean": 0.4075597141941121,
            "std": 0.31209469818104935
        }
    },
    "ig": {
        "sufficiency": {
            "mean": 0.5083485756487036,
            "std": 0.4509391732871889
        },
        "comprehensiveness": {
            "mean": 0.24208517672926771,
            "std": 0.3887408231743903
        },
        "AOPC - sufficiency": {
            "mean": 0.3918163980900649,
            "std": 0.28659284612402625
        },
        "AOPC - comprehensiveness": {
            "mean": 0.19905670268445905,
            "std": 0.2632085994598561
        }
    },
    "gradientshap": {
        "sufficiency": {
            "mean": 0.5255980346682895,
            "std": 0.42505649394808254
        },
        "comprehensiveness": {
            "mean": 0.1727410754968703,
            "std": 0.3341798994507114
        },
        "AOPC - sufficiency": {
            "mean": 0.4018841532871098,
            "std": 0.2742614361033215
        },
        "AOPC - comprehensiveness": {
            "mean": 0.1464884957089726,
            "std": 0.22061718212761558
        }
    },
    "deeplift": {
        "sufficiency": {
            "mean": 0.4925632862087272,
            "std": 0.38065276856820446
        },
        "comprehensiveness": {
            "mean": 0.0781048092647579,
            "std": 0.22679722262697607
        },
        "AOPC - sufficiency": {
            "mean": 0.3639331179913301,
            "std": 0.23783845173495954
        },
        "AOPC - comprehensiveness": {
            "mean": 0.06509540818190547,
            "std": 0.1186623390229361
        }
    },
    "lime": {
        "sufficiency": {
            "mean": 0.5530844738957479,
            "std": 0.37632216669867785
        },
        "comprehensiveness": {
            "mean": 0.10705550991280038,
            "std": 0.26524420189407505
        },
        "AOPC - sufficiency": {
            "mean": 0.42499301349667523,
            "std": 0.23797896786366268
        },
        "AOPC - comprehensiveness": {
            "mean": 0.08958985254882089,
            "std": 0.16970831732725086
        }
    },
    "attention": {
        "sufficiency": {
            "mean": 0.83090671453473,
            "std": 0.2910346130395089
        },
        "comprehensiveness": {
            "mean": 0.21974287414305083,
            "std": 0.33936017175180655
        },
        "AOPC - sufficiency": {
            "mean": 0.6266385072753489,
            "std": 0.19861315466492763
        },
        "AOPC - comprehensiveness": {
            "mean": 0.18398594609744595,
            "std": 0.2178482844394807
        }
    },
    "gradients": {
        "sufficiency": {
            "mean": 0.7051983910552095,
            "std": 0.33011692956473965
        },
        "comprehensiveness": {
            "mean": 0.15772756605342814,
            "std": 0.310639746247844
        },
        "AOPC - sufficiency": {
            "mean": 0.5404836025035096,
            "std": 0.21112919235032
        },
        "AOPC - comprehensiveness": {
            "mean": 0.12480062146035535,
            "std": 0.19924577573438781
        }
    },
    "deepliftshap": {
        "sufficiency": {
            "mean": 0.6927949989010138,
            "std": 0.29165511934659427
        },
        "comprehensiveness": {
            "mean": 0.07216669830881396,
            "std": 0.21480338115462186
        },
        "AOPC - sufficiency": {
            "mean": 0.5236140433220088,
            "std": 0.18439686858598917
        },
        "AOPC - comprehensiveness": {
            "mean": 0.05917104413207125,
            "std": 0.11715823692266047
        }
    },
    "random": {
        "sufficiency": {
            "mean": 0.741500492844794,
            "std": 0.31704358477537425
        },
        "comprehensiveness": {
            "mean": 0.12375189997862782,
            "std": 0.2683625988490783
        },
        "AOPC - sufficiency": {
            "mean": 0.5788675469122542,
            "std": 0.20399439269155317
        },
        "AOPC - comprehensiveness": {
            "mean": 0.10032449666549675,
            "std": 0.17034390279778444
        }
    }
}