{
    "scaled attention": {
        "sufficiency": {
            "mean": 0.725701657151907,
            "std": 0.38874956854735104
        },
        "comprehensiveness": {
            "mean": 0.5060281835039067,
            "std": 0.4552681395593413
        },
        "AOPC - sufficiency": {
            "mean": 0.5391531772615403,
            "std": 0.25873044019155517
        },
        "AOPC - comprehensiveness": {
            "mean": 0.41288042745204934,
            "std": 0.31301989714667056
        }
    },
    "ig": {
        "sufficiency": {
            "mean": 0.4767438759485562,
            "std": 0.45458031909207647
        },
        "comprehensiveness": {
            "mean": 0.23459699555979552,
            "std": 0.38949373332801757
        },
        "AOPC - sufficiency": {
            "mean": 0.3787132272854227,
            "std": 0.28950932865998774
        },
        "AOPC - comprehensiveness": {
            "mean": 0.19214057218283095,
            "std": 0.26472015241343677
        }
    },
    "gradientshap": {
        "sufficiency": {
            "mean": 0.5294629148416892,
            "std": 0.4294080961106905
        },
        "comprehensiveness": {
            "mean": 0.1760705724573376,
            "std": 0.3400681778031775
        },
        "AOPC - sufficiency": {
            "mean": 0.41110014104306447,
            "std": 0.2802344955927076
        },
        "AOPC - comprehensiveness": {
            "mean": 0.1498315987822511,
            "std": 0.22540063093714474
        }
    },
    "deeplift": {
        "sufficiency": {
            "mean": 0.49393037731051814,
            "std": 0.38381477430615446
        },
        "comprehensiveness": {
            "mean": 0.07492343489227332,
            "std": 0.2257712263847273
        },
        "AOPC - sufficiency": {
            "mean": 0.372213154810059,
            "std": 0.24552743002975752
        },
        "AOPC - comprehensiveness": {
            "mean": 0.0625263887557234,
            "std": 0.1182422050599153
        }
    },
    "lime": {
        "sufficiency": {
            "mean": 0.560250817853409,
            "std": 0.3754780566026658
        },
        "comprehensiveness": {
            "mean": 0.11123575233606338,
            "std": 0.27534668539545115
        },
        "AOPC - sufficiency": {
            "mean": 0.4353372772961813,
            "std": 0.2409471695026567
        },
        "AOPC - comprehensiveness": {
            "mean": 0.09244658274815305,
            "std": 0.17820530294535464
        }
    },
    "attention": {
        "sufficiency": {
            "mean": 0.8378092603876979,
            "std": 0.28231803306962705
        },
        "comprehensiveness": {
            "mean": 0.2208337657366599,
            "std": 0.34689762478475666
        },
        "AOPC - sufficiency": {
            "mean": 0.6369650916773772,
            "std": 0.1934122574309982
        },
        "AOPC - comprehensiveness": {
            "mean": 0.18666660816233882,
            "std": 0.22142821953396363
        }
    },
    "gradients": {
        "sufficiency": {
            "mean": 0.6916847657545511,
            "std": 0.3337053366001894
        },
        "comprehensiveness": {
            "mean": 0.16343849604441504,
            "std": 0.32239982440089543
        },
        "AOPC - sufficiency": {
            "mean": 0.5377481762892865,
            "std": 0.21397961979152808
        },
        "AOPC - comprehensiveness": {
            "mean": 0.12743309908938483,
            "std": 0.20923950787950393
        }
    },
    "deepliftshap": {
        "sufficiency": {
            "mean": 0.703665445845249,
            "std": 0.2859837952020212
        },
        "comprehensiveness": {
            "mean": 0.07298530495527077,
            "std": 0.2192074950064517
        },
        "AOPC - sufficiency": {
            "mean": 0.5353071151560878,
            "std": 0.18366616371903122
        },
        "AOPC - comprehensiveness": {
            "mean": 0.060536362667726246,
            "std": 0.1244013473131491
        }
    },
    "random": {
        "sufficiency": {
            "mean": 0.7483002408616745,
            "std": 0.31584313345672665
        },
        "comprehensiveness": {
            "mean": 0.1341548871954475,
            "std": 0.2819824545259888
        },
        "AOPC - sufficiency": {
            "mean": 0.5869490676298249,
            "std": 0.20420195741457745
        },
        "AOPC - comprehensiveness": {
            "mean": 0.10681465298888318,
            "std": 0.17851880500732953
        }
    }
}