{
    "lime": {
        "sufficiency": {
            "mean": 0.34976805015140766,
            "std": 0.43283540600217957
        },
        "comprehensiveness": {
            "mean": 0.1736790409024697,
            "std": 0.34208359660265425
        },
        "AOPC - sufficiency": {
            "mean": 0.28131939958135127,
            "std": 0.27137582725613185
        },
        "AOPC - comprehensiveness": {
            "mean": 0.15433873803793902,
            "std": 0.22416705164243683
        }
    },
    "random": {
        "sufficiency": {
            "mean": 0.5033284082820915,
            "std": 0.43983452196041073
        },
        "comprehensiveness": {
            "mean": 0.21717301421652938,
            "std": 0.3693864095466691
        },
        "AOPC - sufficiency": {
            "mean": 0.38944772823597523,
            "std": 0.2834570820656031
        },
        "AOPC - comprehensiveness": {
            "mean": 0.1861347549256791,
            "std": 0.2516323031548803
        }
    },
    "gradients": {
        "sufficiency": {
            "mean": 0.5759255201832635,
            "std": 0.42688997856165806
        },
        "comprehensiveness": {
            "mean": 0.23398885190233867,
            "std": 0.3770856493257289
        },
        "AOPC - sufficiency": {
            "mean": 0.4378624954444248,
            "std": 0.2724112040807577
        },
        "AOPC - comprehensiveness": {
            "mean": 0.1940394519632519,
            "std": 0.2552432272302309
        }
    },
    "scaled attention": {
        "sufficiency": {
            "mean": 0.836076872767164,
            "std": 0.28584418839408904
        },
        "comprehensiveness": {
            "mean": 0.38778559835432996,
            "std": 0.4207899041304062
        },
        "AOPC - sufficiency": {
            "mean": 0.62652679638948,
            "std": 0.2052057046917484
        },
        "AOPC - comprehensiveness": {
            "mean": 0.30500531556175664,
            "std": 0.28504458437012725
        }
    },
    "attention": {
        "sufficiency": {
            "mean": 0.8132337619188997,
            "std": 0.31122259816081566
        },
        "comprehensiveness": {
            "mean": 0.23735684991337055,
            "std": 0.3531258276619279
        },
        "AOPC - sufficiency": {
            "mean": 0.6098417138890708,
            "std": 0.2105718209373188
        },
        "AOPC - comprehensiveness": {
            "mean": 0.20045000507661667,
            "std": 0.22928736148674722
        }
    },
    "deeplift": {
        "sufficiency": {
            "mean": 0.612008530948487,
            "std": 0.31830698928236
        },
        "comprehensiveness": {
            "mean": 0.06714961108562642,
            "std": 0.20901667447452016
        },
        "AOPC - sufficiency": {
            "mean": 0.4544554842454856,
            "std": 0.20121729691634002
        },
        "AOPC - comprehensiveness": {
            "mean": 0.05665130414558375,
            "std": 0.11079488822007617
        }
    }
}