{
    "attention": {
        "sufficiency": {
            "mean": 0.6551230634012822,
            "std": 0.41743085590315165
        },
        "comprehensiveness": {
            "mean": 0.4518605403439357,
            "std": 0.44240131362404583
        },
        "AOPC - sufficiency": {
            "mean": 0.4864157547374495,
            "std": 0.2597451218698991
        },
        "AOPC - comprehensiveness": {
            "mean": 0.3722726284999712,
            "std": 0.2830903578323646
        }
    },
    "scaled attention": {
        "sufficiency": {
            "mean": 0.7600800744598785,
            "std": 0.35695599011882156
        },
        "comprehensiveness": {
            "mean": 0.5587817790438903,
            "std": 0.4452402587280999
        },
        "AOPC - sufficiency": {
            "mean": 0.5679151938326713,
            "std": 0.2418518397647698
        },
        "AOPC - comprehensiveness": {
            "mean": 0.42971931133279695,
            "std": 0.29964786353903944
        }
    },
    "lime": {
        "sufficiency": {
            "mean": 0.37659293275816674,
            "std": 0.41159852894686827
        },
        "comprehensiveness": {
            "mean": 0.15445114041028765,
            "std": 0.31553360827908833
        },
        "AOPC - sufficiency": {
            "mean": 0.3117431990554704,
            "std": 0.27293076495218294
        },
        "AOPC - comprehensiveness": {
            "mean": 0.1313721332846093,
            "std": 0.20552085427134897
        }
    },
    "deeplift": {
        "sufficiency": {
            "mean": 0.48502739469412803,
            "std": 0.3662922918378371
        },
        "comprehensiveness": {
            "mean": 0.12796889466659422,
            "std": 0.29109625417198265
        },
        "AOPC - sufficiency": {
            "mean": 0.36647338283371805,
            "std": 0.23026130773968892
        },
        "AOPC - comprehensiveness": {
            "mean": 0.11622381347215359,
            "std": 0.14913570033228185
        }
    },
    "gradients": {
        "sufficiency": {
            "mean": 0.566181371966551,
            "std": 0.40091681004780927
        },
        "comprehensiveness": {
            "mean": 0.23553443275007946,
            "std": 0.36926291730818617
        },
        "AOPC - sufficiency": {
            "mean": 0.46463677891013766,
            "std": 0.2546134541086081
        },
        "AOPC - comprehensiveness": {
            "mean": 0.19012182052632687,
            "std": 0.23194808216427298
        }
    },
    "random": {
        "sufficiency": {
            "mean": 0.5988390016870152,
            "std": 0.38196843780421624
        },
        "comprehensiveness": {
            "mean": 0.18212272614087782,
            "std": 0.32627757053720585
        },
        "AOPC - sufficiency": {
            "mean": 0.48433977076806345,
            "std": 0.2553202781563591
        },
        "AOPC - comprehensiveness": {
            "mean": 0.1500425110571785,
            "std": 0.21020419162450046
        }
    }
}