{
    "ig": {
        "sufficiency": {
            "mean": 0.2928502812351653,
            "std": 0.41569025321603226
        },
        "comprehensiveness": {
            "mean": 0.3335243183256849,
            "std": 0.4267627655657856
        },
        "AOPC - sufficiency": {
            "mean": 0.2746499863136517,
            "std": 0.252890610674322
        },
        "AOPC - comprehensiveness": {
            "mean": 0.27488962251514787,
            "std": 0.2631155191383386
        }
    },
    "attention": {
        "sufficiency": {
            "mean": 0.7116161275863314,
            "std": 0.37082564839351956
        },
        "comprehensiveness": {
            "mean": 0.4420483873266457,
            "std": 0.42462187423367226
        },
        "AOPC - sufficiency": {
            "mean": 0.5132265498392952,
            "std": 0.2297149162719366
        },
        "AOPC - comprehensiveness": {
            "mean": 0.3354803695793127,
            "std": 0.25500788234875676
        }
    },
    "gradientshap": {
        "sufficiency": {
            "mean": 0.4344938787940093,
            "std": 0.3952728389379357
        },
        "comprehensiveness": {
            "mean": 0.19719107995685803,
            "std": 0.33820035042436436
        },
        "AOPC - sufficiency": {
            "mean": 0.36834968123946554,
            "std": 0.24954770289181122
        },
        "AOPC - comprehensiveness": {
            "mean": 0.1585643264408681,
            "std": 0.19654177522113658
        }
    },
    "deepliftshap": {
        "sufficiency": {
            "mean": 0.44658141434054655,
            "std": 0.3660423708386926
        },
        "comprehensiveness": {
            "mean": 0.20305142154717343,
            "std": 0.34486390824850577
        },
        "AOPC - sufficiency": {
            "mean": 0.33955371074697127,
            "std": 0.2178732590575178
        },
        "AOPC - comprehensiveness": {
            "mean": 0.16279743044774372,
            "std": 0.1756701053656928
        }
    },
    "gradients": {
        "sufficiency": {
            "mean": 0.4890800898692709,
            "std": 0.3966720983933364
        },
        "comprehensiveness": {
            "mean": 0.23352781574428388,
            "std": 0.3658994247333812
        },
        "AOPC - sufficiency": {
            "mean": 0.4168067565066869,
            "std": 0.23595598079482405
        },
        "AOPC - comprehensiveness": {
            "mean": 0.18517851930323134,
            "std": 0.21965404026863505
        }
    },
    "scaled attention": {
        "sufficiency": {
            "mean": 0.8544088986628959,
            "std": 0.2736338853175725
        },
        "comprehensiveness": {
            "mean": 0.46368405030343285,
            "std": 0.41182682110230046
        },
        "AOPC - sufficiency": {
            "mean": 0.636575551839041,
            "std": 0.19122598327160134
        },
        "AOPC - comprehensiveness": {
            "mean": 0.3409177524615153,
            "std": 0.2637080564117009
        }
    },
    "random": {
        "sufficiency": {
            "mean": 0.5378255986169046,
            "std": 0.3831465032974355
        },
        "comprehensiveness": {
            "mean": 0.17605842195628857,
            "std": 0.31463074038420413
        },
        "AOPC - sufficiency": {
            "mean": 0.4537318385457703,
            "std": 0.24093350135850425
        },
        "AOPC - comprehensiveness": {
            "mean": 0.1398678622066624,
            "std": 0.1864358458945665
        }
    },
    "deeplift": {
        "sufficiency": {
            "mean": 0.6423840300777196,
            "std": 0.30794077873211734
        },
        "comprehensiveness": {
            "mean": 0.15825893129638258,
            "std": 0.3055885602369257
        },
        "AOPC - sufficiency": {
            "mean": 0.49869538740710656,
            "std": 0.19150088931812376
        },
        "AOPC - comprehensiveness": {
            "mean": 0.12956846237200875,
            "std": 0.1597662667231679
        }
    }
}