{
    "ig": {
        "sufficiency": {
            "mean": 0.4482587954310805,
            "std": 0.4571926847567031
        },
        "comprehensiveness": {
            "mean": 0.36733419653441796,
            "std": 0.4437939165987007
        },
        "AOPC - sufficiency": {
            "mean": 0.38150252589118017,
            "std": 0.2889785708307514
        },
        "AOPC - comprehensiveness": {
            "mean": 0.30721261712855685,
            "std": 0.2919170500750184
        }
    },
    "attention": {
        "sufficiency": {
            "mean": 0.7435455999994476,
            "std": 0.3634281281101669
        },
        "comprehensiveness": {
            "mean": 0.3531168163817989,
            "std": 0.41958252069968127
        },
        "AOPC - sufficiency": {
            "mean": 0.5634530364445817,
            "std": 0.23677461936568947
        },
        "AOPC - comprehensiveness": {
            "mean": 0.292227192092116,
            "std": 0.26982000139221596
        }
    },
    "gradientshap": {
        "sufficiency": {
            "mean": 0.5678166035769228,
            "std": 0.38784032715288413
        },
        "comprehensiveness": {
            "mean": 0.17753687356747277,
            "std": 0.33425083347155626
        },
        "AOPC - sufficiency": {
            "mean": 0.459404710265718,
            "std": 0.2569060008316919
        },
        "AOPC - comprehensiveness": {
            "mean": 0.14954380885869695,
            "std": 0.21047813855287947
        }
    },
    "deepliftshap": {
        "sufficiency": {
            "mean": 0.4888823394539058,
            "std": 0.3874149649146658
        },
        "comprehensiveness": {
            "mean": 0.13476479079323936,
            "std": 0.2986965033035722
        },
        "AOPC - sufficiency": {
            "mean": 0.3860440431883386,
            "std": 0.24911741241361615
        },
        "AOPC - comprehensiveness": {
            "mean": 0.12253899428960328,
            "std": 0.17565810849923805
        }
    },
    "gradients": {
        "sufficiency": {
            "mean": 0.6406799833889164,
            "std": 0.38670614120312163
        },
        "comprehensiveness": {
            "mean": 0.2407472944716271,
            "std": 0.37068985157609574
        },
        "AOPC - sufficiency": {
            "mean": 0.5249651283518763,
            "std": 0.2462620483400174
        },
        "AOPC - comprehensiveness": {
            "mean": 0.19011045384548111,
            "std": 0.23295229962728797
        }
    },
    "scaled attention": {
        "sufficiency": {
            "mean": 0.8582643822575062,
            "std": 0.26925264710726016
        },
        "comprehensiveness": {
            "mean": 0.41029885442533814,
            "std": 0.41147861086575
        },
        "AOPC - sufficiency": {
            "mean": 0.6654652494068671,
            "std": 0.18934791366406606
        },
        "AOPC - comprehensiveness": {
            "mean": 0.301821485797732,
            "std": 0.2701098222017267
        }
    },
    "random": {
        "sufficiency": {
            "mean": 0.6701038896915898,
            "std": 0.355946859408561
        },
        "comprehensiveness": {
            "mean": 0.16437528880295466,
            "std": 0.3103690498102227
        },
        "AOPC - sufficiency": {
            "mean": 0.5422112911554062,
            "std": 0.23627905430795068
        },
        "AOPC - comprehensiveness": {
            "mean": 0.1341636614224321,
            "std": 0.20046938225083336
        }
    },
    "deeplift": {
        "sufficiency": {
            "mean": 0.7210160791968009,
            "std": 0.2624355877706017
        },
        "comprehensiveness": {
            "mean": 0.09070320228002543,
            "std": 0.24584846342308597
        },
        "AOPC - sufficiency": {
            "mean": 0.5526075506894491,
            "std": 0.17470750097627447
        },
        "AOPC - comprehensiveness": {
            "mean": 0.0849922184667665,
            "std": 0.12966528611687164
        }
    }
}