{
    "ig": {
        "sufficiency": {
            "mean": 0.4371573189947312,
            "std": 0.4528396399972997
        },
        "comprehensiveness": {
            "mean": 0.37464260426892715,
            "std": 0.4456785297519824
        },
        "AOPC - sufficiency": {
            "mean": 0.36863431131183827,
            "std": 0.2822617059831309
        },
        "AOPC - comprehensiveness": {
            "mean": 0.3111579519433655,
            "std": 0.29115954504814373
        }
    },
    "attention": {
        "sufficiency": {
            "mean": 0.7428043579597945,
            "std": 0.35936979793188156
        },
        "comprehensiveness": {
            "mean": 0.36952803486886876,
            "std": 0.4169890853677564
        },
        "AOPC - sufficiency": {
            "mean": 0.5539108874203393,
            "std": 0.2340356045437302
        },
        "AOPC - comprehensiveness": {
            "mean": 0.29983784160012433,
            "std": 0.26583797346423094
        }
    },
    "gradientshap": {
        "sufficiency": {
            "mean": 0.5461730094454254,
            "std": 0.3898113581077664
        },
        "comprehensiveness": {
            "mean": 0.17852918579193347,
            "std": 0.33046509497946264
        },
        "AOPC - sufficiency": {
            "mean": 0.4408191503729405,
            "std": 0.2572374658078332
        },
        "AOPC - comprehensiveness": {
            "mean": 0.14757638692321148,
            "std": 0.20486891662230422
        }
    },
    "deepliftshap": {
        "sufficiency": {
            "mean": 0.47013186062899626,
            "std": 0.38496187111759544
        },
        "comprehensiveness": {
            "mean": 0.1435918494874404,
            "std": 0.3057339224372244
        },
        "AOPC - sufficiency": {
            "mean": 0.37145671963277815,
            "std": 0.2451220369254783
        },
        "AOPC - comprehensiveness": {
            "mean": 0.1239441481035074,
            "std": 0.17350488197237282
        }
    },
    "gradients": {
        "sufficiency": {
            "mean": 0.6292242937717704,
            "std": 0.3843158029852865
        },
        "comprehensiveness": {
            "mean": 0.2403103833921726,
            "std": 0.3658148331556676
        },
        "AOPC - sufficiency": {
            "mean": 0.511320910164737,
            "std": 0.24162447401012102
        },
        "AOPC - comprehensiveness": {
            "mean": 0.19079654479854877,
            "std": 0.22696182962270112
        }
    },
    "scaled attention": {
        "sufficiency": {
            "mean": 0.8646806993676007,
            "std": 0.2578134829042867
        },
        "comprehensiveness": {
            "mean": 0.4124959359974009,
            "std": 0.4080655745299625
        },
        "AOPC - sufficiency": {
            "mean": 0.6632842602846163,
            "std": 0.1848352349701404
        },
        "AOPC - comprehensiveness": {
            "mean": 0.30118535216970765,
            "std": 0.2646823080005347
        }
    },
    "random": {
        "sufficiency": {
            "mean": 0.65072432267341,
            "std": 0.36008617356603323
        },
        "comprehensiveness": {
            "mean": 0.1631379757272251,
            "std": 0.30576463097618345
        },
        "AOPC - sufficiency": {
            "mean": 0.5270462038106478,
            "std": 0.23868204990139538
        },
        "AOPC - comprehensiveness": {
            "mean": 0.13169226984331794,
            "std": 0.1936899926982786
        }
    },
    "deeplift": {
        "sufficiency": {
            "mean": 0.6967717064269385,
            "std": 0.27859246506545926
        },
        "comprehensiveness": {
            "mean": 0.09858402409207843,
            "std": 0.2529274645468552
        },
        "AOPC - sufficiency": {
            "mean": 0.5375529574768202,
            "std": 0.18305293847970355
        },
        "AOPC - comprehensiveness": {
            "mean": 0.09075502355097143,
            "std": 0.13357659230768926
        }
    }
}