{
    "attention": {
        "sufficiency": {
            "mean": 0.6572921261274346,
            "std": 0.4218058330500805
        },
        "comprehensiveness": {
            "mean": 0.4291136141377446,
            "std": 0.44451653695106647
        },
        "AOPC - sufficiency": {
            "mean": 0.4974042281647561,
            "std": 0.26364546250963
        },
        "AOPC - comprehensiveness": {
            "mean": 0.36299688689228204,
            "std": 0.2868995738229131
        }
    },
    "ig": {
        "sufficiency": {
            "mean": 0.4948154403035685,
            "std": 0.44956540850961446
        },
        "comprehensiveness": {
            "mean": 0.3319052641354873,
            "std": 0.42909111612285455
        },
        "AOPC - sufficiency": {
            "mean": 0.41560388493514583,
            "std": 0.2855853906643563
        },
        "AOPC - comprehensiveness": {
            "mean": 0.2743080874464547,
            "std": 0.28098469980398477
        }
    },
    "gradients": {
        "sufficiency": {
            "mean": 0.5350862302448268,
            "std": 0.4378662121582428
        },
        "comprehensiveness": {
            "mean": 0.2948224185813358,
            "std": 0.40847695110832644
        },
        "AOPC - sufficiency": {
            "mean": 0.4438731486470596,
            "std": 0.27929675688339023
        },
        "AOPC - comprehensiveness": {
            "mean": 0.24404911324846618,
            "std": 0.2668083629957809
        }
    },
    "gradientshap": {
        "sufficiency": {
            "mean": 0.5205540684161232,
            "std": 0.4083381732977384
        },
        "comprehensiveness": {
            "mean": 0.190099272375746,
            "std": 0.3455612754701277
        },
        "AOPC - sufficiency": {
            "mean": 0.42315231455550184,
            "std": 0.2711968400190051
        },
        "AOPC - comprehensiveness": {
            "mean": 0.16182631297217764,
            "std": 0.21979529084624172
        }
    },
    "random": {
        "sufficiency": {
            "mean": 0.5842312238229257,
            "std": 0.39660805539263877
        },
        "comprehensiveness": {
            "mean": 0.19998760115788058,
            "std": 0.3487179434339845
        },
        "AOPC - sufficiency": {
            "mean": 0.47110835484569086,
            "std": 0.26685936959102263
        },
        "AOPC - comprehensiveness": {
            "mean": 0.1655379741714771,
            "std": 0.2283984731563002
        }
    },
    "deeplift": {
        "sufficiency": {
            "mean": 0.6270358833296791,
            "std": 0.3072347182985183
        },
        "comprehensiveness": {
            "mean": 0.10362128917645176,
            "std": 0.26359456895115035
        },
        "AOPC - sufficiency": {
            "mean": 0.47160714474208926,
            "std": 0.20007146590968686
        },
        "AOPC - comprehensiveness": {
            "mean": 0.09764162943457447,
            "std": 0.13749721457800596
        }
    },
    "deepliftshap": {
        "sufficiency": {
            "mean": 0.6356306701551593,
            "std": 0.32264122109669957
        },
        "comprehensiveness": {
            "mean": 0.11162166821960165,
            "std": 0.2692704786195002
        },
        "AOPC - sufficiency": {
            "mean": 0.49917446312128627,
            "std": 0.20943884366941043
        },
        "AOPC - comprehensiveness": {
            "mean": 0.10095221294899724,
            "std": 0.1571640323097164
        }
    },
    "scaled attention": {
        "sufficiency": {
            "mean": 0.8675001313368824,
            "std": 0.2605320646208537
        },
        "comprehensiveness": {
            "mean": 0.3889647679679517,
            "std": 0.4022783968674616
        },
        "AOPC - sufficiency": {
            "mean": 0.675229295785679,
            "std": 0.1830076610825315
        },
        "AOPC - comprehensiveness": {
            "mean": 0.284315388665282,
            "std": 0.26239315703738003
        }
    }
}