{
    "deeplift": {
        "sufficiency": {
            "mean": 0.29113901276747095,
            "std": 0.4142395128063784
        },
        "comprehensiveness": {
            "mean": 0.17179638569604058,
            "std": 0.33880099401748387
        },
        "AOPC - sufficiency": {
            "mean": 0.25927179938326483,
            "std": 0.25934647590890797
        },
        "AOPC - comprehensiveness": {
            "mean": 0.149896469738106,
            "std": 0.167295214531877
        }
    },
    "ig": {
        "sufficiency": {
            "mean": 0.48491585192782555,
            "std": 0.44620447705940064
        },
        "comprehensiveness": {
            "mean": 0.34021671071610693,
            "std": 0.43106078852477386
        },
        "AOPC - sufficiency": {
            "mean": 0.4018983374236809,
            "std": 0.27991488914554413
        },
        "AOPC - comprehensiveness": {
            "mean": 0.2790240811020128,
            "std": 0.2798775953087289
        }
    },
    "lime": {
        "sufficiency": {
            "mean": 0.3746520911992875,
            "std": 0.41109052292905685
        },
        "comprehensiveness": {
            "mean": 0.15765093110824072,
            "std": 0.32108738736152526
        },
        "AOPC - sufficiency": {
            "mean": 0.3104314897472527,
            "std": 0.2731992234200168
        },
        "AOPC - comprehensiveness": {
            "mean": 0.13392628090352773,
            "std": 0.20855795417044806
        }
    },
    "gradients": {
        "sufficiency": {
            "mean": 0.5623412659067172,
            "std": 0.4159955766201759
        },
        "comprehensiveness": {
            "mean": 0.27404799195079527,
            "std": 0.3906232271266802
        },
        "AOPC - sufficiency": {
            "mean": 0.4569829453930155,
            "std": 0.26258782580017853
        },
        "AOPC - comprehensiveness": {
            "mean": 0.22263644393064677,
            "std": 0.2466310409790323
        }
    },
    "gradientshap": {
        "sufficiency": {
            "mean": 0.5462232271668388,
            "std": 0.38961697979407356
        },
        "comprehensiveness": {
            "mean": 0.17402441100109953,
            "std": 0.32552799752892786
        },
        "AOPC - sufficiency": {
            "mean": 0.4408146387481344,
            "std": 0.25794214801727433
        },
        "AOPC - comprehensiveness": {
            "mean": 0.14575913754406034,
            "std": 0.20336304521585769
        }
    },
    "scaled attention": {
        "sufficiency": {
            "mean": 0.8531990422792122,
            "std": 0.26963005342298435
        },
        "comprehensiveness": {
            "mean": 0.4377565641003179,
            "std": 0.41907040057723105
        },
        "AOPC - sufficiency": {
            "mean": 0.6511507373096223,
            "std": 0.19287828487678627
        },
        "AOPC - comprehensiveness": {
            "mean": 0.3219103455144752,
            "std": 0.2743047531930882
        }
    },
    "attention": {
        "sufficiency": {
            "mean": 0.8254999169521081,
            "std": 0.2895672015349057
        },
        "comprehensiveness": {
            "mean": 0.2750014514609588,
            "std": 0.3649776705652795
        },
        "AOPC - sufficiency": {
            "mean": 0.6268999210475235,
            "std": 0.19499909957963463
        },
        "AOPC - comprehensiveness": {
            "mean": 0.21343842304912317,
            "std": 0.22328775661216457
        }
    },
    "deepliftshap": {
        "sufficiency": {
            "mean": 0.6428726862183483,
            "std": 0.3197714294399122
        },
        "comprehensiveness": {
            "mean": 0.11211952754757067,
            "std": 0.26652262444627856
        },
        "AOPC - sufficiency": {
            "mean": 0.5065803845397199,
            "std": 0.20657767338442706
        },
        "AOPC - comprehensiveness": {
            "mean": 0.09745309133816289,
            "std": 0.14965248365720796
        }
    },
    "random": {
        "sufficiency": {
            "mean": 0.6734991488024332,
            "std": 0.34903452377895017
        },
        "comprehensiveness": {
            "mean": 0.15115084938975387,
            "std": 0.2936090424011426
        },
        "AOPC - sufficiency": {
            "mean": 0.5453874689089826,
            "std": 0.2310794427687811
        },
        "AOPC - comprehensiveness": {
            "mean": 0.12234070732345889,
            "std": 0.18389709751686067
        }
    }
}