{
    "random": {
        "sufficiency": {
            "mean": 0.5093562912737782,
            "std": 0.39294439067785
        },
        "comprehensiveness": {
            "mean": 0.2958212559280937,
            "std": 0.40858974177319507
        },
        "AOPC - sufficiency": {
            "mean": 0.39166646460462046,
            "std": 0.25122076917840647
        },
        "AOPC - comprehensiveness": {
            "mean": 0.21254450141495035,
            "std": 0.2645889922302304
        }
    },
    "scaled attention": {
        "sufficiency": {
            "mean": 0.6202559227346574,
            "std": 0.40321318419162555
        },
        "comprehensiveness": {
            "mean": 0.41423707924693304,
            "std": 0.42814745196497717
        },
        "AOPC - sufficiency": {
            "mean": 0.4610630917292173,
            "std": 0.2686304592026074
        },
        "AOPC - comprehensiveness": {
            "mean": 0.30890751776760916,
            "std": 0.2724461053961201
        }
    },
    "gradients": {
        "sufficiency": {
            "mean": 0.37071833999388437,
            "std": 0.34587588432970123
        },
        "comprehensiveness": {
            "mean": 0.2616007754616489,
            "std": 0.39430750188280866
        },
        "AOPC - sufficiency": {
            "mean": 0.30316096622623423,
            "std": 0.22049533900266377
        },
        "AOPC - comprehensiveness": {
            "mean": 0.1919228956720909,
            "std": 0.25992145877504597
        }
    },
    "attention": {
        "sufficiency": {
            "mean": 0.425976905517997,
            "std": 0.3641652029618114
        },
        "comprehensiveness": {
            "mean": 0.3006362122183921,
            "std": 0.4115249906045283
        },
        "AOPC - sufficiency": {
            "mean": 0.35361471438394454,
            "std": 0.23260634779245656
        },
        "AOPC - comprehensiveness": {
            "mean": 0.1996604954830059,
            "std": 0.24469656979762083
        }
    },
    "lime": {
        "sufficiency": {
            "mean": 0.5344012076672177,
            "std": 0.3976221819137255
        },
        "comprehensiveness": {
            "mean": 0.31063265629474907,
            "std": 0.42236144245552637
        },
        "AOPC - sufficiency": {
            "mean": 0.4039040109138864,
            "std": 0.26016462059258455
        },
        "AOPC - comprehensiveness": {
            "mean": 0.22138252853801602,
            "std": 0.2733469468733077
        }
    },
    "deeplift": {
        "sufficiency": {
            "mean": 0.5025084090746504,
            "std": 0.3817048953978862
        },
        "comprehensiveness": {
            "mean": 0.30267770834400815,
            "std": 0.4108277351804466
        },
        "AOPC - sufficiency": {
            "mean": 0.37768794974024644,
            "std": 0.23962873692515513
        },
        "AOPC - comprehensiveness": {
            "mean": 0.21510191413065713,
            "std": 0.2546630683255594
        }
    }
}