{
    "gradients": {
        "sufficiency": {
            "mean": 0.5180863360342046,
            "std": 0.4336339258511887
        },
        "comprehensiveness": {
            "mean": 0.23827571905391498,
            "std": 0.3510106076020013
        },
        "AOPC - sufficiency": {
            "mean": 0.40247096901541574,
            "std": 0.31665327446492775
        },
        "AOPC - comprehensiveness": {
            "mean": 0.21257603222969065,
            "std": 0.22528611410326108
        }
    },
    "gradientshap": {
        "sufficiency": {
            "mean": 0.49413829014909055,
            "std": 0.4317368125968303
        },
        "comprehensiveness": {
            "mean": 0.2194052634491378,
            "std": 0.33752133897598197
        },
        "AOPC - sufficiency": {
            "mean": 0.3732816356602896,
            "std": 0.29836910218060164
        },
        "AOPC - comprehensiveness": {
            "mean": 0.16791699394711002,
            "std": 0.19531388332109703
        }
    },
    "deepliftshap": {
        "sufficiency": {
            "mean": 0.48866478233484395,
            "std": 0.42538540828118004
        },
        "comprehensiveness": {
            "mean": 0.2196222650847063,
            "std": 0.3332472897177849
        },
        "AOPC - sufficiency": {
            "mean": 0.3637519054349555,
            "std": 0.28805771908458655
        },
        "AOPC - comprehensiveness": {
            "mean": 0.1566541470773634,
            "std": 0.1741422152219563
        }
    },
    "deeplift": {
        "sufficiency": {
            "mean": 0.4637085187214371,
            "std": 0.4204081319759913
        },
        "comprehensiveness": {
            "mean": 0.2605390549525767,
            "std": 0.3612885354858068
        },
        "AOPC - sufficiency": {
            "mean": 0.35584278027448707,
            "std": 0.2833799638809018
        },
        "AOPC - comprehensiveness": {
            "mean": 0.1817565952819552,
            "std": 0.2148452726689192
        }
    },
    "random": {
        "sufficiency": {
            "mean": 0.5187140154453119,
            "std": 0.4334188753873471
        },
        "comprehensiveness": {
            "mean": 0.2118652569671875,
            "std": 0.33157950409347914
        },
        "AOPC - sufficiency": {
            "mean": 0.3930418339600773,
            "std": 0.3071500917030974
        },
        "AOPC - comprehensiveness": {
            "mean": 0.1749168957791664,
            "std": 0.2015945074033296
        }
    },
    "scaled attention": {
        "sufficiency": {
            "mean": 0.5915428392084808,
            "std": 0.44213743680641826
        },
        "comprehensiveness": {
            "mean": 0.3849345548564941,
            "std": 0.40907762617690896
        },
        "AOPC - sufficiency": {
            "mean": 0.4553439448613566,
            "std": 0.3212168477077377
        },
        "AOPC - comprehensiveness": {
            "mean": 0.2859988031733386,
            "std": 0.25242627883083923
        }
    },
    "ig": {
        "sufficiency": {
            "mean": 0.5209215430220575,
            "std": 0.43098415192202466
        },
        "comprehensiveness": {
            "mean": 0.23924281206121734,
            "std": 0.34815410369383354
        },
        "AOPC - sufficiency": {
            "mean": 0.40591302259932854,
            "std": 0.3139143537548712
        },
        "AOPC - comprehensiveness": {
            "mean": 0.2074506801929356,
            "std": 0.21945992134598435
        }
    },
    "lime": {
        "sufficiency": {
            "mean": 0.5245072243670649,
            "std": 0.4314964440439388
        },
        "comprehensiveness": {
            "mean": 0.23989813254885542,
            "std": 0.355685863653258
        },
        "AOPC - sufficiency": {
            "mean": 0.40536569814463946,
            "std": 0.30519497328970085
        },
        "AOPC - comprehensiveness": {
            "mean": 0.18380732524169424,
            "std": 0.21817329676336034
        }
    },
    "attention": {
        "sufficiency": {
            "mean": 0.5535664003295655,
            "std": 0.44035266644713583
        },
        "comprehensiveness": {
            "mean": 0.25888784441867857,
            "std": 0.35350238842597603
        },
        "AOPC - sufficiency": {
            "mean": 0.4011440489738558,
            "std": 0.2947593146387953
        },
        "AOPC - comprehensiveness": {
            "mean": 0.1790966443207603,
            "std": 0.1847765311595155
        }
    }
}