{
    "attention": {
        "sufficiency": {
<<<<<<< HEAD
            "mean": 0.26593909324358,
            "std": 0.2421457698065188
        },
        "comprehensiveness": {
            "mean": 0.36935673551106757,
            "std": 0.36004765797148014
        },
        "AOPC - sufficiency": {
            "mean": 0.326619783072408,
            "std": 0.13684906182261725
        },
        "AOPC - comprehensiveness": {
            "mean": 0.3575621724604757,
            "std": 0.20218575787334
=======
            "mean": 0.2662272968140812,
            "std": 0.2422380062191365
        },
        "comprehensiveness": {
            "mean": 0.36936048677151195,
            "std": 0.3597241126700704
        },
        "AOPC - sufficiency": {
            "mean": 0.3268149669220115,
            "std": 0.13697872656572796
        },
        "AOPC - comprehensiveness": {
            "mean": 0.35749687172845496,
            "std": 0.20205167161593598
>>>>>>> c9ca0fe87f4ca97de977f05d035eee299caffb00
        }
    },
    "ig": {
        "sufficiency": {
<<<<<<< HEAD
            "mean": 0.20848970613705312,
            "std": 0.22782490898014854
        },
        "comprehensiveness": {
            "mean": 0.3415763459577312,
            "std": 0.3706095391507284
        },
        "AOPC - sufficiency": {
            "mean": 0.2802696463959383,
            "std": 0.1500067788091152
        },
        "AOPC - comprehensiveness": {
            "mean": 0.3361485959465142,
            "std": 0.2223246791858479
        }
    },
    "gradientshap": {
        "sufficiency": {
            "mean": 0.15412470140067605,
            "std": 0.15433269911225173
        },
        "comprehensiveness": {
            "mean": 0.1595336159183449,
            "std": 0.24962013834328564
        },
        "AOPC - sufficiency": {
            "mean": 0.196926750209607,
            "std": 0.12393118315587358
        },
        "AOPC - comprehensiveness": {
            "mean": 0.19787433160881954,
            "std": 0.15388769285449833
        }
    },
    "deeplift": {
        "sufficiency": {
            "mean": 0.24368970729328746,
            "std": 0.2228059399239918
        },
        "comprehensiveness": {
            "mean": 0.22503833488212235,
            "std": 0.3045327447329664
        },
        "AOPC - sufficiency": {
            "mean": 0.26540715702509093,
            "std": 0.15142035774083584
        },
        "AOPC - comprehensiveness": {
            "mean": 0.27123140769369547,
            "std": 0.18189192444596564
        }
    },
    "deepliftshap": {
        "sufficiency": {
            "mean": 0.18626134795621765,
            "std": 0.1706403493417974
        },
        "comprehensiveness": {
            "mean": 0.18034850721398668,
            "std": 0.26360446903964646
        },
        "AOPC - sufficiency": {
            "mean": 0.22810889473721732,
            "std": 0.13456014055628426
        },
        "AOPC - comprehensiveness": {
            "mean": 0.22355515203961443,
            "std": 0.16688169365445807
        }
    },
    "gradients": {
        "sufficiency": {
            "mean": 0.2182381032952485,
            "std": 0.2316882108128259
        },
        "comprehensiveness": {
            "mean": 0.33613718421277905,
            "std": 0.36826039976345115
        },
        "AOPC - sufficiency": {
            "mean": 0.2861034577612483,
            "std": 0.15234135085995074
        },
        "AOPC - comprehensiveness": {
            "mean": 0.33179296408726394,
            "std": 0.221843613291719
=======
            "mean": 0.20864290639573624,
            "std": 0.2278634232192027
        },
        "comprehensiveness": {
            "mean": 0.3415102102809371,
            "std": 0.37047175435235336
        },
        "AOPC - sufficiency": {
            "mean": 0.28042484691841185,
            "std": 0.15013407561749512
        },
        "AOPC - comprehensiveness": {
            "mean": 0.33604252849978333,
            "std": 0.22225286553823945
        }
    },
    "scaled attention": {
        "sufficiency": {
            "mean": 0.5075471616014117,
            "std": 0.3183566607510566
        },
        "comprehensiveness": {
            "mean": 0.6117742383799257,
            "std": 0.34839647649731054
        },
        "AOPC - sufficiency": {
            "mean": 0.44472752430899476,
            "std": 0.16791147032480264
        },
        "AOPC - comprehensiveness": {
            "mean": 0.5081924535509246,
            "std": 0.19768344626351014
        }
    },
    "gradients": {
        "sufficiency": {
            "mean": 0.21686374559360005,
            "std": 0.23179282912838178
        },
        "comprehensiveness": {
            "mean": 0.3367469187620562,
            "std": 0.3686585592946387
        },
        "AOPC - sufficiency": {
            "mean": 0.284996485137267,
            "std": 0.1525716205899162
        },
        "AOPC - comprehensiveness": {
            "mean": 0.3323454430038493,
            "std": 0.2219993065688803
        }
    },
    "deeplift": {
        "sufficiency": {
            "mean": 0.24519634356355338,
            "std": 0.22280824730188992
        },
        "comprehensiveness": {
            "mean": 0.22475571914605488,
            "std": 0.30375143339331095
        },
        "AOPC - sufficiency": {
            "mean": 0.26612985184295973,
            "std": 0.15156339692691187
        },
        "AOPC - comprehensiveness": {
            "mean": 0.27109034294369594,
            "std": 0.1816191249076423
        }
    },
    "random": {
        "sufficiency": {
            "mean": 0.16644241007478022,
            "std": 0.16303892022461425
        },
        "comprehensiveness": {
            "mean": 0.1649427954349783,
            "std": 0.25648771088400896
        },
        "AOPC - sufficiency": {
            "mean": 0.20391231781145228,
            "std": 0.12813988287727393
        },
        "AOPC - comprehensiveness": {
            "mean": 0.20301949574112377,
            "std": 0.16426142259485998
>>>>>>> c9ca0fe87f4ca97de977f05d035eee299caffb00
        }
    },
    "lime": {
        "sufficiency": {
<<<<<<< HEAD
            "mean": 0.17078838987759706,
            "std": 0.17530464136583898
        },
        "comprehensiveness": {
            "mean": 0.15381207384118661,
            "std": 0.25360571349368993
        },
        "AOPC - sufficiency": {
            "mean": 0.19771083052859145,
            "std": 0.13585024009882052
        },
        "AOPC - comprehensiveness": {
            "mean": 0.17054107320625098,
            "std": 0.1658443497104067
        }
    },
    "scaled attention": {
        "sufficiency": {
            "mean": 0.5108341485409957,
            "std": 0.3168799544337128
        },
        "comprehensiveness": {
            "mean": 0.6094069900545449,
            "std": 0.34793689819533064
        },
        "AOPC - sufficiency": {
            "mean": 0.4470037958187376,
            "std": 0.1671397387374967
        },
        "AOPC - comprehensiveness": {
            "mean": 0.506285837400732,
            "std": 0.19769597992170437
        }
    },
    "random": {
        "sufficiency": {
            "mean": 0.17402200698332418,
            "std": 0.170737102809734
        },
        "comprehensiveness": {
            "mean": 0.16388656590555184,
            "std": 0.25881061372662245
        },
        "AOPC - sufficiency": {
            "mean": 0.20670060039574392,
            "std": 0.12931378425074064
        },
        "AOPC - comprehensiveness": {
            "mean": 0.20177088558949444,
            "std": 0.16433018382494485
=======
            "mean": 0.1931036040748823,
            "std": 0.1756787052278181
        },
        "comprehensiveness": {
            "mean": 0.17472598015479993,
            "std": 0.2643029435281543
        },
        "AOPC - sufficiency": {
            "mean": 0.2316708326070275,