{
    "attention": {
        "sufficiency": {
            "mean": 0.2126441076612205,
            "std": 0.24744590281826087
        },
        "comprehensiveness": {
            "mean": 0.3530158411063397,
            "std": 0.3684668932323774
        },
        "AOPC - sufficiency": {
            "mean": 0.301826265046398,
            "std": 0.15676901837635573
        },
        "AOPC - comprehensiveness": {
            "mean": 0.36596124890055126,
            "std": 0.21277958296756264
        }
    },
    "ig": {
        "sufficiency": {
            "mean": 0.23513707924604726,
            "std": 0.28224950978976665
        },
        "comprehensiveness": {
            "mean": 0.3894605863234515,
            "std": 0.38714165494751457
        },
        "AOPC - sufficiency": {
            "mean": 0.2898309305691383,
            "std": 0.17828303379140115
        },
        "AOPC - comprehensiveness": {
            "mean": 0.37647957955086536,
            "std": 0.22481610494049953
        }
    },
    "scaled attention": {
        "sufficiency": {
            "mean": 0.4808665867320622,
            "std": 0.3590643377811058
        },
        "comprehensiveness": {
            "mean": 0.6104651678173608,
            "std": 0.356537955228947
        },
        "AOPC - sufficiency": {
            "mean": 0.4328737958259928,
            "std": 0.1904140797048738
        },
        "AOPC - comprehensiveness": {
            "mean": 0.5150436242451262,
            "std": 0.19714954013770897
        }
    },
    "gradients": {
        "sufficiency": {
            "mean": 0.24053335992990024,
            "std": 0.2805499870715691
        },
        "comprehensiveness": {
            "mean": 0.38001672380367635,
            "std": 0.384898859460632
        },
        "AOPC - sufficiency": {
            "mean": 0.2910788389168743,
            "std": 0.18015157916903038
        },
        "AOPC - comprehensiveness": {
            "mean": 0.37023539609588774,
            "std": 0.22369109265046425
        }
    },
    "deeplift": {
        "sufficiency": {
            "mean": 0.21455857010205012,
            "std": 0.24325973658247937
        },
        "comprehensiveness": {
            "mean": 0.25219608686680844,
            "std": 0.3267778693677383
        },
        "AOPC - sufficiency": {
            "mean": 0.24432224914676212,
            "std": 0.16470544933952286
        },
        "AOPC - comprehensiveness": {
            "mean": 0.2982778820410834,
            "std": 0.19108073439307668
        }
    },
    "random": {
        "sufficiency": {
            "mean": 0.1378917319543249,
            "std": 0.18056934543076678
        },
        "comprehensiveness": {
            "mean": 0.1896067690663457,
            "std": 0.2876963835572576
        },
        "AOPC - sufficiency": {
            "mean": 0.17943931433010615,
            "std": 0.13957296804480593
        },
        "AOPC - comprehensiveness": {
            "mean": 0.2285034922140419,
            "std": 0.1879712695476084
        }
    },
    "deepliftshap": {
        "sufficiency": {
            "mean": 0.15901870453348396,
            "std": 0.19500588517618664
        },
        "comprehensiveness": {
            "mean": 0.19037203817970388,
            "std": 0.28747418519873175
        },
        "AOPC - sufficiency": {
            "mean": 0.20578808045664454,
            "std": 0.148087846875313
        },
        "AOPC - comprehensiveness": {
            "mean": 0.2414741640085867,
            "std": 0.1847268789886375
        }
    },
    "lime": {
        "sufficiency": {
            "mean": 0.13515986367222926,
            "std": 0.19014912743938628
        },
        "comprehensiveness": {
            "mean": 0.16445780034970753,
            "std": 0.27240096759439086
        },
        "AOPC - sufficiency": {
            "mean": 0.16200038265407934,
            "std": 0.14343920086939088
        },
        "AOPC - comprehensiveness": {
            "mean": 0.18024099302692698,
            "std": 0.18027456605299375
        }
    },
    "gradientshap": {
        "sufficiency": {
            "mean": 0.1288363144216226,
            "std": 0.17470821398576727
        },
        "comprehensiveness": {
            "mean": 0.1783157386767213,
            "std": 0.2765432821538849
        },
        "AOPC - sufficiency": {
            "mean": 0.17407592711788844,
            "std": 0.1369412204361566
        },
        "AOPC - comprehensiveness": {
            "mean": 0.21594410946454598,
            "std": 0.17537594758291
        }
    }
}