{
    "scaled attention": {
        "sufficiency": {
            "mean": 0.4675154865339788,
            "std": 0.35639383777173717
        },
        "comprehensiveness": {
            "mean": 0.605189011844786,
            "std": 0.36203480369953084
        },
        "AOPC - sufficiency": {
            "mean": 0.4303488413582797,
            "std": 0.1871858314956121
        },
        "AOPC - comprehensiveness": {
            "mean": 0.5122901500580709,
            "std": 0.19589037147463426
        }
    },
    "deeplift": {
        "sufficiency": {
            "mean": 0.2136105869071243,
            "std": 0.24081329902992232
        },
        "comprehensiveness": {
            "mean": 0.26177794059057014,
            "std": 0.33065153424888044
        },
        "AOPC - sufficiency": {
            "mean": 0.24827979239294395,
            "std": 0.16513969335396764
        },
        "AOPC - comprehensiveness": {
            "mean": 0.31088054923218744,
            "std": 0.19052219236263673
        }
    },
    "attention": {
        "sufficiency": {
            "mean": 0.21411801011569498,
            "std": 0.24849267365490174
        },
        "comprehensiveness": {
            "mean": 0.3619715794502996,
            "std": 0.369633685479642
        },
        "AOPC - sufficiency": {
            "mean": 0.3034797203509539,
            "std": 0.1521640802760682
        },
        "AOPC - comprehensiveness": {
            "mean": 0.36268951321362897,
            "std": 0.21056517526726154
        }
    },
    "ig": {
        "sufficiency": {
            "mean": 0.2338402266899937,
            "std": 0.27724963339485736
        },
        "comprehensiveness": {
            "mean": 0.38908824065709324,
            "std": 0.38527156704408927
        },
        "AOPC - sufficiency": {
            "mean": 0.2867002521739225,
            "std": 0.1791610262987406
        },
        "AOPC - comprehensiveness": {
            "mean": 0.3760318566773058,
            "std": 0.2276143708914268
        }
    },
    "lime": {
        "sufficiency": {
            "mean": 0.11691663335380675,
            "std": 0.16370349240053655
        },
        "comprehensiveness": {
            "mean": 0.17641188378319012,
            "std": 0.28135659465327145
        },
        "AOPC - sufficiency": {
            "mean": 0.15467606411589763,
            "std": 0.13452740071415445
        },
        "AOPC - comprehensiveness": {
            "mean": 0.19097459057503444,
            "std": 0.19383355378069717
        }
    },
    "gradientshap": {
        "sufficiency": {
            "mean": 0.12296161135847254,
            "std": 0.1611749432219071
        },
        "comprehensiveness": {
            "mean": 0.18636430078788402,
            "std": 0.28800182715784567
        },
        "AOPC - sufficiency": {
            "mean": 0.17248892409893699,
            "std": 0.13400451016748766
        },
        "AOPC - comprehensiveness": {
            "mean": 0.22059951051459145,
            "std": 0.18770320266938303
        }
    },
    "deepliftshap": {
        "sufficiency": {
            "mean": 0.1644991026389784,
            "std": 0.1923194496199619
        },
        "comprehensiveness": {
            "mean": 0.2107207750057767,
            "std": 0.3006451842798503
        },
        "AOPC - sufficiency": {
            "mean": 0.21163598740919487,
            "std": 0.1491043283815968
        },
        "AOPC - comprehensiveness": {
            "mean": 0.2513382952171531,
            "std": 0.18777262327826993
        }
    },
    "random": {
        "sufficiency": {
            "mean": 0.13192492997726085,
            "std": 0.16861535071565373
        },
        "comprehensiveness": {
            "mean": 0.1899080341809104,
            "std": 0.28829217515500083
        },
        "AOPC - sufficiency": {
            "mean": 0.1783185025198535,
            "std": 0.13845652722709934
        },
        "AOPC - comprehensiveness": {
            "mean": 0.22184376547406473,
            "std": 0.18785548559053925
        }
    },
    "gradients": {
        "sufficiency": {
            "mean": 0.2361696467235627,
            "std": 0.27611268349159945
        },
        "comprehensiveness": {
            "mean": 0.3800870793030099,
            "std": 0.3824097770973614
        },
        "AOPC - sufficiency": {
            "mean": 0.28865016692285883,
            "std": 0.17842997375573863
        },
        "AOPC - comprehensiveness": {
            "mean": 0.3691990349590699,
            "std": 0.22567347444851674
        }
    }
}