{
    "attention": {
        "sufficiency": {
            "mean": 0.21218687167622977,
            "std": 0.2473922279175378
        },
        "comprehensiveness": {
            "mean": 0.3531985361008892,
            "std": 0.3684434491039824
        },
        "AOPC - sufficiency": {
            "mean": 0.30163969961825154,
            "std": 0.15627436840321088
        },
        "AOPC - comprehensiveness": {
            "mean": 0.3658395316233376,
            "std": 0.21255949029708895
        }
    },
    "ig": {
        "sufficiency": {
            "mean": 0.2354166945464134,
            "std": 0.2822478700374999
        },
        "comprehensiveness": {
            "mean": 0.3892222979837165,
            "std": 0.3872014991001831
        },
        "AOPC - sufficiency": {
            "mean": 0.2895698697296901,
            "std": 0.17825028191562195
        },
        "AOPC - comprehensiveness": {
            "mean": 0.3762166424707926,
            "std": 0.22490400950035286
        }
    },
    "gradientshap": {
        "sufficiency": {
            "mean": 0.12121512387203484,
            "std": 0.15883231943026752
        },
        "comprehensiveness": {
            "mean": 0.17958397805723597,
            "std": 0.27795530709718563
        },
        "AOPC - sufficiency": {
            "mean": 0.17016824020775398,
            "std": 0.13309693165887626
        },
        "AOPC - comprehensiveness": {
            "mean": 0.22189146706106946,
            "std": 0.18370086718734455
        }
    },
    "deeplift": {
        "sufficiency": {
            "mean": 0.21439620525320546,
            "std": 0.24397721838481784
        },
        "comprehensiveness": {
            "mean": 0.2529574565323766,
            "std": 0.32759236734840635
        },
        "AOPC - sufficiency": {
            "mean": 0.24412517747410267,
            "std": 0.16469094839504728
        },
        "AOPC - comprehensiveness": {
            "mean": 0.2986873807414659,
            "std": 0.19134531185036394
        }
    },
    "deepliftshap": {
        "sufficiency": {
            "mean": 0.1545373987707386,
            "std": 0.1873616132483443
        },
        "comprehensiveness": {
            "mean": 0.19559457053729917,
            "std": 0.29474472030349175
        },
        "AOPC - sufficiency": {
            "mean": 0.2038343648877134,
            "std": 0.14587720667490828
        },
        "AOPC - comprehensiveness": {
            "mean": 0.2413515807066275,
            "std": 0.18523666205199532
        }
    },
    "gradients": {
        "sufficiency": {
            "mean": 0.24230581963470904,
            "std": 0.28092446748108285
        },
        "comprehensiveness": {
            "mean": 0.3791998662463934,
            "std": 0.38474476527791635
        },
        "AOPC - sufficiency": {
            "mean": 0.29203529027518643,
            "std": 0.1800157817443056
        },
        "AOPC - comprehensiveness": {
            "mean": 0.3691968624019395,
            "std": 0.22353626019126502
        }
    },
    "lime": {
        "sufficiency": {
            "mean": 0.1282898993351582,
            "std": 0.1821428984781999
        },
        "comprehensiveness": {
            "mean": 0.17515828032536057,
            "std": 0.2831310204444651
        },
        "AOPC - sufficiency": {
            "mean": 0.16065255502495937,
            "std": 0.14385967474319708
        },
        "AOPC - comprehensiveness": {
            "mean": 0.1857292098979337,
            "std": 0.18737000912346818
        }
    },
    "scaled attention": {
        "sufficiency": {
            "mean": 0.48277914599595145,
            "std": 0.35851765084539317
        },
        "comprehensiveness": {
            "mean": 0.6080572373279874,
            "std": 0.35606616771785105
        },
        "AOPC - sufficiency": {
            "mean": 0.43462566044631723,
            "std": 0.1899723395366998
        },
        "AOPC - comprehensiveness": {
            "mean": 0.5131326582957108,
            "std": 0.19698920667521644
        }
    },
    "random": {
        "sufficiency": {
            "mean": 0.13937771393516793,
            "std": 0.1773346727794634
        },
        "comprehensiveness": {
            "mean": 0.18752923864791327,
            "std": 0.27868390942027443
        },
        "AOPC - sufficiency": {
            "mean": 0.18132337441810895,
            "std": 0.13835951904871585
        },
        "AOPC - comprehensiveness": {
            "mean": 0.22585616818860949,
            "std": 0.18188387644491502
        }
    }
}