{
    "attention": {
        "sufficiency": {
            "mean": 0.21288352594968957,
            "std": 0.2486433716557358
        },
        "comprehensiveness": {
            "mean": 0.3629543817559416,
            "std": 0.370183053741059
        },
        "AOPC - sufficiency": {
            "mean": 0.30250214750603033,
            "std": 0.15205799796253935
        },
        "AOPC - comprehensiveness": {
            "mean": 0.3636445523174765,
            "std": 0.21062345963604265
        }
    },
    "ig": {
        "sufficiency": {
            "mean": 0.23218660543742545,
            "std": 0.27715745324818414
        },
        "comprehensiveness": {
            "mean": 0.39003646849535306,
            "std": 0.3857057352949261
        },
        "AOPC - sufficiency": {
            "mean": 0.2856168871561235,
            "std": 0.17893651343898204
        },
        "AOPC - comprehensiveness": {
            "mean": 0.3768078294253072,
            "std": 0.22778419650779202
        }
    },
    "gradientshap": {
        "sufficiency": {
            "mean": 0.12149566040732726,
            "std": 0.16121665787484382
        },
        "comprehensiveness": {
            "mean": 0.18749785763236984,
            "std": 0.2892058148113749
        },
        "AOPC - sufficiency": {
            "mean": 0.17060063279999052,
            "std": 0.13366572737861165
        },
        "AOPC - comprehensiveness": {
            "mean": 0.22166934686555784,
            "std": 0.18834060180858064
        }
    },
    "deeplift": {
        "sufficiency": {
            "mean": 0.21495315218597402,
            "std": 0.2415186369067175
        },
        "comprehensiveness": {
            "mean": 0.2615191604779793,
            "std": 0.3305931238632299
        },
        "AOPC - sufficiency": {
            "mean": 0.2492186396744808,
            "std": 0.1653076620642633
        },
        "AOPC - comprehensiveness": {
            "mean": 0.31045461354942233,
            "std": 0.1906926678294446
        }
    },
    "deepliftshap": {
        "sufficiency": {
            "mean": 0.16231743950635064,
            "std": 0.19112770705828042
        },
        "comprehensiveness": {
            "mean": 0.20977688917569676,
            "std": 0.3001182796306984
        },
        "AOPC - sufficiency": {
            "mean": 0.21041702053725708,
            "std": 0.14900207963661125
        },
        "AOPC - comprehensiveness": {
            "mean": 0.25172893107263944,
            "std": 0.1872989478047434
        }
    },
    "gradients": {
        "sufficiency": {
            "mean": 0.2341142039571763,
            "std": 0.2760444089996957
        },
        "comprehensiveness": {
            "mean": 0.38172702982591716,
            "std": 0.38320674588572573
        },
        "AOPC - sufficiency": {
            "mean": 0.2869549896245232,
            "std": 0.17826423692185342
        },
        "AOPC - comprehensiveness": {
            "mean": 0.3705583812926573,
            "std": 0.22595015253402267
        }
    },
    "lime": {
        "sufficiency": {
            "mean": 0.11795084485650484,
            "std": 0.1642186062401213
        },
        "comprehensiveness": {
            "mean": 0.17617793957839353,
            "std": 0.2808309425885076
        },
        "AOPC - sufficiency": {
            "mean": 0.1554813836301878,
            "std": 0.13491316343079382
        },
        "AOPC - comprehensiveness": {
            "mean": 0.19043907631254442,
            "std": 0.19332595995749585
        }
    },
    "scaled attention": {
        "sufficiency": {
            "mean": 0.4712459595241227,
            "std": 0.3553942544601414
        },
        "comprehensiveness": {
            "mean": 0.6017421189855331,
            "std": 0.36178894906917547
        },
        "AOPC - sufficiency": {
            "mean": 0.4332446041433439,
            "std": 0.1860436317787639
        },
        "AOPC - comprehensiveness": {
            "mean": 0.5097810710496418,
            "std": 0.19586718907105297
        }
    },
    "random": {
        "sufficiency": {
            "mean": 0.13224799585423072,
            "std": 0.1687944968417347
        },
        "comprehensiveness": {
            "mean": 0.18964960596231137,
            "std": 0.2880209724408618
        },
        "AOPC - sufficiency": {
            "mean": 0.1785632067866372,
            "std": 0.1385671822810636
        },
        "AOPC - comprehensiveness": {
            "mean": 0.22152389463640468,
            "std": 0.1874088015706474
        }
    }
}