{
    "attention": {
        "sufficiency": {
            "mean": 0.26593909324358,
            "std": 0.2421457698065188
        },
        "comprehensiveness": {
            "mean": 0.36935673551106757,
            "std": 0.36004765797148014
        },
        "AOPC - sufficiency": {
            "mean": 0.326619783072408,
            "std": 0.13684906182261725
        },
        "AOPC - comprehensiveness": {
            "mean": 0.3575621724604757,
            "std": 0.20218575787334
        }
    },
    "ig": {
        "sufficiency": {
            "mean": 0.20848970613705312,
            "std": 0.22782490898014854
        },
        "comprehensiveness": {
            "mean": 0.3415763459577312,
            "std": 0.3706095391507284
        },
        "AOPC - sufficiency": {
            "mean": 0.2802696463959383,
            "std": 0.1500067788091152
        },
        "AOPC - comprehensiveness": {
            "mean": 0.3361485959465142,
            "std": 0.2223246791858479
        }
    },
    "gradientshap": {
        "sufficiency": {
            "mean": 0.15412470140067605,
            "std": 0.15433269911225173
        },
        "comprehensiveness": {
            "mean": 0.1595336159183449,
            "std": 0.24962013834328564
        },
        "AOPC - sufficiency": {
            "mean": 0.196926750209607,
            "std": 0.12393118315587358
        },
        "AOPC - comprehensiveness": {
            "mean": 0.19787433160881954,
            "std": 0.15388769285449833
        }
    },
    "deeplift": {
        "sufficiency": {
            "mean": 0.24368970729328746,
            "std": 0.2228059399239918
        },
        "comprehensiveness": {
            "mean": 0.22503833488212235,
            "std": 0.3045327447329664
        },
        "AOPC - sufficiency": {
            "mean": 0.26540715702509093,
            "std": 0.15142035774083584
        },
        "AOPC - comprehensiveness": {
            "mean": 0.27123140769369547,
            "std": 0.18189192444596564
        }
    },
    "deepliftshap": {
        "sufficiency": {
            "mean": 0.18626134795621765,
            "std": 0.1706403493417974
        },
        "comprehensiveness": {
            "mean": 0.18034850721398668,
            "std": 0.26360446903964646
        },
        "AOPC - sufficiency": {
            "mean": 0.22810889473721732,
            "std": 0.13456014055628426
        },
        "AOPC - comprehensiveness": {
            "mean": 0.22355515203961443,
            "std": 0.16688169365445807
        }
    },
    "gradients": {
        "sufficiency": {
            "mean": 0.2182381032952485,
            "std": 0.2316882108128259
        },
        "comprehensiveness": {
            "mean": 0.33613718421277905,
            "std": 0.36826039976345115
        },
        "AOPC - sufficiency": {
            "mean": 0.2861034577612483,
            "std": 0.15234135085995074
        },
        "AOPC - comprehensiveness": {
            "mean": 0.33179296408726394,
            "std": 0.221843613291719
        }
    },
    "lime": {
        "sufficiency": {
            "mean": 0.17078838987759706,
            "std": 0.17530464136583898
        },
        "comprehensiveness": {
            "mean": 0.15381207384118661,
            "std": 0.25360571349368993
        },
        "AOPC - sufficiency": {
            "mean": 0.19771083052859145,
            "std": 0.13585024009882052
        },
        "AOPC - comprehensiveness": {
            "mean": 0.17054107320625098,
            "std": 0.1658443497104067
        }
    },
    "scaled attention": {
        "sufficiency": {
            "mean": 0.5108341485409957,
            "std": 0.3168799544337128
        },
        "comprehensiveness": {
            "mean": 0.6094069900545449,
            "std": 0.34793689819533064
        },
        "AOPC - sufficiency": {
            "mean": 0.4470037958187376,
            "std": 0.1671397387374967
        },
        "AOPC - comprehensiveness": {
            "mean": 0.506285837400732,
            "std": 0.19769597992170437
        }
    },
    "random": {
        "sufficiency": {
            "mean": 0.17402200698332418,
            "std": 0.170737102809734
        },
        "comprehensiveness": {
            "mean": 0.16388656590555184,
            "std": 0.25881061372662245
        },
        "AOPC - sufficiency": {
            "mean": 0.20670060039574392,
            "std": 0.12931378425074064
        },
        "AOPC - comprehensiveness": {
            "mean": 0.20177088558949444,
            "std": 0.16433018382494485
        }
    }
}