{
    "attention": {
        "sufficiency": {
<<<<<<< HEAD
            "mean": 0.21218687167622977,
            "std": 0.2473922279175378
        },
        "comprehensiveness": {
            "mean": 0.3531985361008892,
            "std": 0.3684434491039824
        },
        "AOPC - sufficiency": {
            "mean": 0.30163969961825154,
            "std": 0.15627436840321088
        },
        "AOPC - comprehensiveness": {
            "mean": 0.3658395316233376,
            "std": 0.21255949029708895
=======
            "mean": 0.2126441076612205,
            "std": 0.24744590281826087
        },
        "comprehensiveness": {
            "mean": 0.3530158411063397,
            "std": 0.3684668932323774
        },
        "AOPC - sufficiency": {
            "mean": 0.301826265046398,
            "std": 0.15676901837635573
        },
        "AOPC - comprehensiveness": {
            "mean": 0.36596124890055126,
            "std": 0.21277958296756264
>>>>>>> c9ca0fe87f4ca97de977f05d035eee299caffb00
        }
    },
    "ig": {
        "sufficiency": {
<<<<<<< HEAD
            "mean": 0.2354166945464134,
            "std": 0.2822478700374999
        },
        "comprehensiveness": {
            "mean": 0.3892222979837165,
            "std": 0.3872014991001831
        },
        "AOPC - sufficiency": {
            "mean": 0.2895698697296901,
            "std": 0.17825028191562195
        },
        "AOPC - comprehensiveness": {
            "mean": 0.3762166424707926,
            "std": 0.22490400950035286
        }
    },
    "gradientshap": {
        "sufficiency": {
            "mean": 0.12121512387203484,
            "std": 0.15883231943026752
        },
        "comprehensiveness": {
            "mean": 0.17958397805723597,
            "std": 0.27795530709718563
        },
        "AOPC - sufficiency": {
            "mean": 0.17016824020775398,
            "std": 0.13309693165887626
        },
        "AOPC - comprehensiveness": {
            "mean": 0.22189146706106946,
            "std": 0.18370086718734455
        }
    },
    "deeplift": {
        "sufficiency": {
            "mean": 0.21439620525320546,
            "std": 0.24397721838481784
        },
        "comprehensiveness": {
            "mean": 0.2529574565323766,
            "std": 0.32759236734840635
        },
        "AOPC - sufficiency": {
            "mean": 0.24412517747410267,
            "std": 0.16469094839504728
        },
        "AOPC - comprehensiveness": {
            "mean": 0.2986873807414659,
            "std": 0.19134531185036394
        }
    },
    "deepliftshap": {
        "sufficiency": {
            "mean": 0.1545373987707386,
            "std": 0.1873616132483443
        },
        "comprehensiveness": {
            "mean": 0.19559457053729917,
            "std": 0.29474472030349175
        },
        "AOPC - sufficiency": {
            "mean": 0.2038343648877134,
            "std": 0.14587720667490828
        },
        "AOPC - comprehensiveness": {
            "mean": 0.2413515807066275,
            "std": 0.18523666205199532
        }
    },
    "gradients": {
        "sufficiency": {
            "mean": 0.24230581963470904,
            "std": 0.28092446748108285
        },
        "comprehensiveness": {
            "mean": 0.3791998662463934,
            "std": 0.38474476527791635
        },
        "AOPC - sufficiency": {
            "mean": 0.29203529027518643,
            "std": 0.1800157817443056
        },
        "AOPC - comprehensiveness": {
            "mean": 0.3691968624019395,
            "std": 0.22353626019126502
=======
            "mean": 0.23513707924604726,
            "std": 0.28224950978976665
        },
        "comprehensiveness": {
            "mean": 0.3894605863234515,
            "std": 0.38714165494751457
        },
        "AOPC - sufficiency": {
            "mean": 0.2898309305691383,
            "std": 0.17828303379140115
        },
        "AOPC - comprehensiveness": {
            "mean": 0.37647957955086536,
            "std": 0.22481610494049953
        }
    },
    "scaled attention": {
        "sufficiency": {
            "mean": 0.4808665867320622,
            "std": 0.3590643377811058
        },
        "comprehensiveness": {
            "mean": 0.6104651678173608,
            "std": 0.356537955228947
        },
        "AOPC - sufficiency": {
            "mean": 0.4328737958259928,
            "std": 0.1904140797048738
        },
        "AOPC - comprehensiveness": {
            "mean": 0.5150436242451262,
            "std": 0.19714954013770897
        }
    },
    "gradients": {
        "sufficiency": {
            "mean": 0.24053335992990024,
            "std": 0.2805499870715691
        },
        "comprehensiveness": {
            "mean": 0.38001672380367635,
            "std": 0.384898859460632
        },
        "AOPC - sufficiency": {
            "mean": 0.2910788389168743,
            "std": 0.18015157916903038
        },
        "AOPC - comprehensiveness": {
            "mean": 0.37023539609588774,
            "std": 0.22369109265046425
        }
    },
    "deeplift": {
        "sufficiency": {
            "mean": 0.21455857010205012,
            "std": 0.24325973658247937
        },
        "comprehensiveness": {
            "mean": 0.25219608686680844,
            "std": 0.3267778693677383
        },
        "AOPC - sufficiency": {
            "mean": 0.24432224914676212,
            "std": 0.16470544933952286
        },
        "AOPC - comprehensiveness": {
            "mean": 0.2982778820410834,
            "std": 0.19108073439307668
        }
    },
    "random": {
        "sufficiency": {
            "mean": 0.1378917319543249,
            "std": 0.18056934543076678
        },
        "comprehensiveness": {
            "mean": 0.1896067690663457,
            "std": 0.2876963835572576
        },
        "AOPC - sufficiency": {
            "mean": 0.17943931433010615,
            "std": 0.13957296804480593
        },
        "AOPC - comprehensiveness": {
            "mean": 0.2285034922140419,
            "std": 0.1879712695476084
>>>>>>> c9ca0fe87f4ca97de977f05d035eee299caffb00
        }
    },
    "lime": {
        "sufficiency": {
<<<<<<< HEAD
            "mean": 0.1282898993351582,
            "std": 0.1821428984781999
        },
        "comprehensiveness": {
            "mean": 0.17515828032536057,
            "std": 0.2831310204444651
        },
        "AOPC - sufficiency": {
            "mean": 0.16065255502495937,
            "std": 0.14385967474319708
        },
        "AOPC - comprehensiveness": {
            "mean": 0.1857292098979337,
            "std": 0.18737000912346818
        }
    },
    "scaled attention": {
        "sufficiency": {
            "mean": 0.48277914599595145,
            "std": 0.35851765084539317
        },
        "comprehensiveness": {
            "mean": 0.6080572373279874,
            "std": 0.35606616771785105
        },
        "AOPC - sufficiency": {
            "mean": 0.43462566044631723,
            "std": 0.1899723395366998
        },
        "AOPC - comprehensiveness": {
            "mean": 0.5131326582957108,
            "std": 0.19698920667521644
        }
    },
    "random": {
        "sufficiency": {
            "mean": 0.13937771393516793,
            "std": 0.1773346727794634
        },
        "comprehensiveness": {
            "mean": 0.18752923864791327,
            "std": 0.27868390942027443
        },
        "AOPC - sufficiency": {
            "mean": 0.18132337441810895,
            "std": 0.13835951904871585
        },
        "AOPC - comprehensiveness": {
            "mean": 0.22585616818860949,
            "std": 0.18188387644491502
=======
            "mean": 0.15901870453348396,
            "std": 0.19500588517618664
        },
        "comprehensiveness": {
            "mean": 0.19037203817970388,
            "std": 0.28747418519873175
        },
        "AOPC - sufficiency": {
            "mean": 0.20578808045664454,