{
    "attention": {
        "sufficiency": {
<<<<<<< HEAD
            "mean": 0.21288352594968957,
            "std": 0.2486433716557358
        },
        "comprehensiveness": {
            "mean": 0.3629543817559416,
            "std": 0.370183053741059
        },
        "AOPC - sufficiency": {
            "mean": 0.30250214750603033,
            "std": 0.15205799796253935
        },
        "AOPC - comprehensiveness": {
            "mean": 0.3636445523174765,
            "std": 0.21062345963604265
=======
            "mean": 0.21281176313996664,
            "std": 0.24826941229688979
        },
        "comprehensiveness": {
            "mean": 0.36283214705317135,
            "std": 0.3701420124026664
        },
        "AOPC - sufficiency": {
            "mean": 0.3025328296172713,
            "std": 0.15211157460187963
        },
        "AOPC - comprehensiveness": {
            "mean": 0.36340078821995525,
            "std": 0.21072708102649398
>>>>>>> c9ca0fe87f4ca97de977f05d035eee299caffb00
        }
    },
    "ig": {
        "sufficiency": {
<<<<<<< HEAD
            "mean": 0.23218660543742545,
            "std": 0.27715745324818414
        },
        "comprehensiveness": {
            "mean": 0.39003646849535306,
            "std": 0.3857057352949261
        },
        "AOPC - sufficiency": {
            "mean": 0.2856168871561235,
            "std": 0.17893651343898204
        },
        "AOPC - comprehensiveness": {
            "mean": 0.3768078294253072,
            "std": 0.22778419650779202
        }
    },
    "gradientshap": {
        "sufficiency": {
            "mean": 0.12149566040732726,
            "std": 0.16121665787484382
        },
        "comprehensiveness": {
            "mean": 0.18749785763236984,
            "std": 0.2892058148113749
        },
        "AOPC - sufficiency": {
            "mean": 0.17060063279999052,
            "std": 0.13366572737861165
        },
        "AOPC - comprehensiveness": {
            "mean": 0.22166934686555784,
            "std": 0.18834060180858064
        }
    },
    "deeplift": {
        "sufficiency": {
            "mean": 0.21495315218597402,
            "std": 0.2415186369067175
        },
        "comprehensiveness": {
            "mean": 0.2615191604779793,
            "std": 0.3305931238632299
        },
        "AOPC - sufficiency": {
            "mean": 0.2492186396744808,
            "std": 0.1653076620642633
        },
        "AOPC - comprehensiveness": {
            "mean": 0.31045461354942233,
            "std": 0.1906926678294446
        }
    },
    "deepliftshap": {
        "sufficiency": {
            "mean": 0.16231743950635064,
            "std": 0.19112770705828042
        },
        "comprehensiveness": {
            "mean": 0.20977688917569676,
            "std": 0.3001182796306984
        },
        "AOPC - sufficiency": {
            "mean": 0.21041702053725708,
            "std": 0.14900207963661125
        },
        "AOPC - comprehensiveness": {
            "mean": 0.25172893107263944,
            "std": 0.1872989478047434
        }
    },
    "gradients": {
        "sufficiency": {
            "mean": 0.2341142039571763,
            "std": 0.2760444089996957
        },
        "comprehensiveness": {
            "mean": 0.38172702982591716,
            "std": 0.38320674588572573
        },
        "AOPC - sufficiency": {
            "mean": 0.2869549896245232,
            "std": 0.17826423692185342
        },
        "AOPC - comprehensiveness": {
            "mean": 0.3705583812926573,
            "std": 0.22595015253402267
=======
            "mean": 0.23247831873306843,
            "std": 0.27722767971689716
        },
        "comprehensiveness": {
            "mean": 0.3899010789536599,
            "std": 0.38568187509943364
        },
        "AOPC - sufficiency": {
            "mean": 0.2857071387392098,
            "std": 0.17911243934882573
        },
        "AOPC - comprehensiveness": {
            "mean": 0.37668555824525485,
            "std": 0.22774956838333768
        }
    },
    "scaled attention": {
        "sufficiency": {
            "mean": 0.4685659746448461,
            "std": 0.3561047664823811
        },
        "comprehensiveness": {
            "mean": 0.6042113889394315,
            "std": 0.3619247223081661
        },
        "AOPC - sufficiency": {
            "mean": 0.4311910788273853,
            "std": 0.18687121897018574
        },
        "AOPC - comprehensiveness": {
            "mean": 0.5115315812937951,
            "std": 0.19585020130760164
        }
    },
    "gradients": {
        "sufficiency": {
            "mean": 0.2327504471677825,
            "std": 0.2760431524723179
        },
        "comprehensiveness": {
            "mean": 0.38240895439103717,
            "std": 0.38369657705270616
        },
        "AOPC - sufficiency": {
            "mean": 0.2860923433241377,
            "std": 0.17842831689389818
        },
        "AOPC - comprehensiveness": {
            "mean": 0.37093133925192434,
            "std": 0.2261100134318941
        }
    },
    "deeplift": {
        "sufficiency": {
            "mean": 0.21567952289465497,
            "std": 0.2410908342223129
        },
        "comprehensiveness": {
            "mean": 0.26057673612930066,
            "std": 0.3296171235724669
        },
        "AOPC - sufficiency": {
            "mean": 0.24979834422283903,
            "std": 0.16534133072934507
        },
        "AOPC - comprehensiveness": {
            "mean": 0.30994281996544965,
            "std": 0.19023291772159992
        }
    },
    "random": {
        "sufficiency": {
            "mean": 0.13235118256742334,
            "std": 0.16642091768041006
        },
        "comprehensiveness": {
            "mean": 0.18905878821868385,
            "std": 0.286799079922812
        },
        "AOPC - sufficiency": {
            "mean": 0.17861231388578797,
            "std": 0.13863723287384805
        },
        "AOPC - comprehensiveness": {
            "mean": 0.22387137795831713,
            "std": 0.18637455040745343
>>>>>>> c9ca0fe87f4ca97de977f05d035eee299caffb00
        }
    },
    "lime": {
        "sufficiency": {
<<<<<<< HEAD
            "mean": 0.11795084485650484,
            "std": 0.1642186062401213
        },
        "comprehensiveness": {
            "mean": 0.17617793957839353,
            "std": 0.2808309425885076
        },
        "AOPC - sufficiency": {
            "mean": 0.1554813836301878,
            "std": 0.13491316343079382
        },
        "AOPC - comprehensiveness": {
            "mean": 0.19043907631254442,
            "std": 0.19332595995749585
        }
    },
    "scaled attention": {
        "sufficiency": {
            "mean": 0.4712459595241227,
            "std": 0.3553942544601414
        },
        "comprehensiveness": {
            "mean": 0.6017421189855331,
            "std": 0.36178894906917547
        },
        "AOPC - sufficiency": {
            "mean": 0.4332446041433439,
            "std": 0.1860436317787639
        },
        "AOPC - comprehensiveness": {
            "mean": 0.5097810710496418,
            "std": 0.19586718907105297
        }
    },
    "random": {
        "sufficiency": {
            "mean": 0.13224799585423072,
            "std": 0.1687944968417347
        },
        "comprehensiveness": {
            "mean": 0.18964960596231137,
            "std": 0.2880209724408618
        },
        "AOPC - sufficiency": {
            "mean": 0.1785632067866372,
            "std": 0.1385671822810636
        },
        "AOPC - comprehensiveness": {
            "mean": 0.22152389463640468,
            "std": 0.1874088015706474
=======
            "mean": 0.16058941992273487,
            "std": 0.1855342822782261
        },
        "comprehensiveness": {
            "mean": 0.2010782683529983,
            "std": 0.29451672042732274
        },
        "AOPC - sufficiency": {
            "mean": 0.20795202467044893,