{
    "scaled attention": {
        "sufficiency": {
            "mean": 0.5063480051016329,
            "std": 0.3188248155882875
        },
        "comprehensiveness": {
            "mean": 0.6128282196539341,
            "std": 0.3485653023496594
        },
        "AOPC - sufficiency": {
            "mean": 0.4438234806136067,
            "std": 0.16817070659259103
        },
        "AOPC - comprehensiveness": {
            "mean": 0.5090199208736166,
            "std": 0.1976957716421044
        }
    },
    "deeplift": {
        "sufficiency": {
            "mean": 0.24261917813910125,
            "std": 0.2227974308558774
        },
        "comprehensiveness": {
            "mean": 0.22575127820253996,
            "std": 0.3046248096294722
        },
        "AOPC - sufficiency": {
            "mean": 0.26423641324445124,
            "std": 0.15156951426086454
        },
        "AOPC - comprehensiveness": {
            "mean": 0.27202440428840685,
            "std": 0.18210063532120127
        }
    },
    "attention": {
        "sufficiency": {
            "mean": 0.2678029540992005,
            "std": 0.2422796935608893
        },
        "comprehensiveness": {
            "mean": 0.36852269902188023,
            "std": 0.3592239109258247
        },
        "AOPC - sufficiency": {
            "mean": 0.32804623616657286,
            "std": 0.1367534040189176
        },
        "AOPC - comprehensiveness": {
            "mean": 0.3567356574109904,
            "std": 0.20184789609101364
        }
    },
    "ig": {
        "sufficiency": {
            "mean": 0.21035383219403256,
            "std": 0.2278917699206677
        },
        "comprehensiveness": {
            "mean": 0.34078251508201957,
            "std": 0.3699838583628268
        },
        "AOPC - sufficiency": {
            "mean": 0.28163945993587997,
            "std": 0.1500935182957824
        },
        "AOPC - comprehensiveness": {
            "mean": 0.33534287855079276,
            "std": 0.22200249343613673
        }
    },
    "lime": {
        "sufficiency": {
            "mean": 0.1696535515194295,
            "std": 0.17461219101754147
        },
        "comprehensiveness": {
            "mean": 0.1547967475688871,
            "std": 0.25501603995985955
        },
        "AOPC - sufficiency": {
            "mean": 0.19672560493550262,
            "std": 0.13559467161427255
        },
        "AOPC - comprehensiveness": {
            "mean": 0.17114643523006448,
            "std": 0.16646568232951955
        }
    },
    "gradientshap": {
        "sufficiency": {
            "mean": 0.15701363515278563,
            "std": 0.15535526811666425
        },
        "comprehensiveness": {
            "mean": 0.1582097138844052,
            "std": 0.24810010049535042
        },
        "AOPC - sufficiency": {
            "mean": 0.199011622468964,
            "std": 0.12412688571565289
        },
        "AOPC - comprehensiveness": {
            "mean": 0.19695754845678293,
            "std": 0.15308954759527024
        }
    },
    "deepliftshap": {
        "sufficiency": {
            "mean": 0.18840838581304323,
            "std": 0.17112544594492862
        },
        "comprehensiveness": {
            "mean": 0.17917350814378447,
            "std": 0.2625254365310827
        },
        "AOPC - sufficiency": {
            "mean": 0.2291501240020711,
            "std": 0.13490463205790346
        },
        "AOPC - comprehensiveness": {
            "mean": 0.22302426249655127,
            "std": 0.1663713166905562
        }
    },
    "random": {
        "sufficiency": {
            "mean": 0.17343426852459343,
            "std": 0.17053828909656482
        },
        "comprehensiveness": {
            "mean": 0.1640663212807079,
            "std": 0.2590366079402387
        },
        "AOPC - sufficiency": {
            "mean": 0.20627241928910547,
            "std": 0.12919528769579533
        },
        "AOPC - comprehensiveness": {
            "mean": 0.20199165543414874,
            "std": 0.1645020519192092
        }
    },
    "gradients": {
        "sufficiency": {
            "mean": 0.22105068027139815,
            "std": 0.23183806180607985
        },
        "comprehensiveness": {
            "mean": 0.33493019696115983,
            "std": 0.3674490501100905
        },
        "AOPC - sufficiency": {
            "mean": 0.2881188037378876,
            "std": 0.15235729457694072
        },
        "AOPC - comprehensiveness": {
            "mean": 0.3305908770489934,
            "std": 0.2213328083808426
        }
    }
}