{
    "deeplift": {
        "sufficiency": {
            "mean": 0.3665304444594861,
            "std": 0.3936676483894744
        },
        "comprehensiveness": {
            "mean": 0.1962782161702535,
            "std": 0.3531238978470866
        },
        "AOPC - sufficiency": {
            "mean": 0.29166955128535405,
            "std": 0.21382703340607004
        },
        "AOPC - comprehensiveness": {
            "mean": 0.1565870817982493,
            "std": 0.19515915719974736
        }
    },
    "gradients": {
        "sufficiency": {
            "mean": 0.5640742466764733,
            "std": 0.3999602086225732
        },
        "comprehensiveness": {
            "mean": 0.29903310648384224,
            "std": 0.41061637881702995
        },
        "AOPC - sufficiency": {
            "mean": 0.38871986979899115,
            "std": 0.20540364475662573
        },
        "AOPC - comprehensiveness": {
            "mean": 0.23931388830460978,
            "std": 0.2476958709188368
        }
    },
    "scaled attention": {
        "sufficiency": {
            "mean": 0.741137105530417,
            "std": 0.3336505961657523
        },
        "comprehensiveness": {
            "mean": 0.4503102138038687,
            "std": 0.42600070382946487
        },
        "AOPC - sufficiency": {
            "mean": 0.5225137639936756,
            "std": 0.1950433347343407
        },
        "AOPC - comprehensiveness": {
            "mean": 0.35094273943008697,
            "std": 0.27638917563859633
        }
    },
    "attention": {
        "sufficiency": {
            "mean": 0.6350580810888237,
            "std": 0.3882590913500015
        },
        "comprehensiveness": {
            "mean": 0.35561079814701874,
            "std": 0.4204851135722136
        },
        "AOPC - sufficiency": {
            "mean": 0.45582330923292275,
            "std": 0.21604584384035894
        },
        "AOPC - comprehensiveness": {
            "mean": 0.26887092218864816,
            "std": 0.2513008286090728
        }
    },
    "random": {
        "sufficiency": {
            "mean": 0.3802970784934996,
            "std": 0.40019929691631434
        },
        "comprehensiveness": {
            "mean": 0.17233933257787973,
            "std": 0.3331006623661699
        },
        "AOPC - sufficiency": {
            "mean": 0.2967778685990712,
            "std": 0.2109167566935758
        },
        "AOPC - comprehensiveness": {
            "mean": 0.13593916509654155,
            "std": 0.17174841997852114
        }
    },
    "lime": {
        "sufficiency": {
            "mean": 0.4234150029055247,
            "std": 0.4092329578854136
        },
        "comprehensiveness": {
            "mean": 0.1809012857226592,
            "std": 0.3348389626354144
        },
        "AOPC - sufficiency": {
            "mean": 0.3197856298132679,
            "std": 0.20937133358566531
        },
        "AOPC - comprehensiveness": {
            "mean": 0.15002290372466298,
            "std": 0.18191521843398215
        }
    }
}