{
    "attention": {
        "sufficiency": {
            "mean": 0.591386831491551,
            "std": 0.40757382580699936
        },
        "comprehensiveness": {
            "mean": 0.5813653465364381,
            "std": 0.39619175554670405
        },
        "AOPC - sufficiency": {
            "mean": 0.40235424835260053,
            "std": 0.20839284124200783
        },
        "AOPC - comprehensiveness": {
            "mean": 0.40520487828150314,
            "std": 0.20717995526054134
        }
    },
    "scaled attention": {
        "sufficiency": {
            "mean": 0.6986457352631295,
            "std": 0.38010833873164
        },
        "comprehensiveness": {
            "mean": 0.8490117633865535,
            "std": 0.28291714879469076
        },
        "AOPC - sufficiency": {
            "mean": 0.4767176437819121,
            "std": 0.23424614524683235
        },
        "AOPC - comprehensiveness": {
            "mean": 0.5820187575238449,
            "std": 0.18518543542229154
        }
    },
    "deepliftshap": {
        "sufficiency": {
            "mean": 0.2686273102267416,
            "std": 0.36977742311152717
        },
        "comprehensiveness": {
            "mean": 0.19455839907774597,
            "std": 0.2994903287123593
        },
        "AOPC - sufficiency": {
            "mean": 0.24634377038674632,
            "std": 0.22244112566747853
        },
        "AOPC - comprehensiveness": {
            "mean": 0.16138817367386876,
            "std": 0.16024238732087842
        }
    },
    "ig": {
        "sufficiency": {
            "mean": 0.2809050645243494,
            "std": 0.3625785872739125
        },
        "comprehensiveness": {
            "mean": 0.3782531370094126,
            "std": 0.38446074054344487
        },
        "AOPC - sufficiency": {
            "mean": 0.27160022008364015,
            "std": 0.20553480845273217
        },
        "AOPC - comprehensiveness": {
            "mean": 0.29866480655908323,
            "std": 0.2128277410699096
        }
    },
    "deeplift": {
        "sufficiency": {
            "mean": 0.29862552333442755,
            "std": 0.3738814871474647
        },
        "comprehensiveness": {
            "mean": 0.18692547003510923,
            "std": 0.28891045630610684
        },
        "AOPC - sufficiency": {
            "mean": 0.2606768075023756,
            "std": 0.22754174678038777
        },
        "AOPC - comprehensiveness": {
            "mean": 0.17885611744841082,
            "std": 0.14772270160017809
        }
    },
    "gradientshap": {
        "sufficiency": {
            "mean": 0.23966790842816585,
            "std": 0.3661659178967777
        },
        "comprehensiveness": {
            "mean": 0.18959984164138236,
            "std": 0.2984385733357557
        },
        "AOPC - sufficiency": {
            "mean": 0.23403885411955355,
            "std": 0.21479910071071465
        },
        "AOPC - comprehensiveness": {
            "mean": 0.1562512898538969,
            "std": 0.15943131000974708
        }
    },
    "random": {
        "sufficiency": {
            "mean": 0.2474082341382312,
            "std": 0.36810825133329106
        },
        "comprehensiveness": {
            "mean": 0.1885734736976591,
            "std": 0.2944213646557504
        },
        "AOPC - sufficiency": {
            "mean": 0.2389926252775458,
            "std": 0.2167454823721409
        },
        "AOPC - comprehensiveness": {
            "mean": 0.1587644017515429,
            "std": 0.16089847736003354
        }
    },
    "gradients": {
        "sufficiency": {
            "mean": 0.2767495552731759,
            "std": 0.36531837094126524
        },
        "comprehensiveness": {
            "mean": 0.36173843008700535,
            "std": 0.37837909927997965
        },
        "AOPC - sufficiency": {
            "mean": 0.270310115049123,
            "std": 0.20742416855963458
        },
        "AOPC - comprehensiveness": {
            "mean": 0.2928923392446875,
            "std": 0.20700631981784245
        }
    },
    "lime": {
        "sufficiency": {
            "mean": 0.31348440166074854,
            "std": 0.38604652616076696
        },
        "comprehensiveness": {
            "mean": 0.1549261587740484,
            "std": 0.26473333293001927
        },
        "AOPC - sufficiency": {
            "mean": 0.26744469889180134,
            "std": 0.23141731622164832
        },
        "AOPC - comprehensiveness": {
            "mean": 0.14284351118963684,
            "std": 0.15238155648211504
        }
    }
}