{
    "gradients": {
        "sufficiency": {
            "mean": 0.275067002646268,
            "std": 0.3810896561474597
        },
        "comprehensiveness": {
            "mean": 0.24789987186505114,
            "std": 0.35813509201705135
        },
        "AOPC - sufficiency": {
            "mean": 0.28518364373138727,
            "std": 0.20422231872005228
        },
        "AOPC - comprehensiveness": {
            "mean": 0.2123586620819795,
            "std": 0.20452034499651386
        }
    },
    "random": {
        "sufficiency": {
            "mean": 0.31361241375913235,
            "std": 0.3949554154019336
        },
        "comprehensiveness": {
            "mean": 0.13066075103728933,
            "std": 0.2733622652512464
        },
        "AOPC - sufficiency": {
            "mean": 0.2792544355154063,
            "std": 0.22424406806265743
        },
        "AOPC - comprehensiveness": {
            "mean": 0.11654906800917138,
            "std": 0.15589959708174486
        }
    },
    "deeplift": {
        "sufficiency": {
            "mean": 0.38562928674209473,
            "std": 0.39386277698936656
        },
        "comprehensiveness": {
            "mean": 0.13652821414350752,
            "std": 0.27561566077905214
        },
        "AOPC - sufficiency": {
            "mean": 0.3079134068382609,
            "std": 0.22593776872286264
        },
        "AOPC - comprehensiveness": {
            "mean": 0.13858392540594602,
            "std": 0.1477712221343894
        }
    },
    "attention": {
        "sufficiency": {
            "mean": 0.7200743434401418,
            "std": 0.3686289046003954
        },
        "comprehensiveness": {
            "mean": 0.4834117837656121,
            "std": 0.4079283784654675
        },
        "AOPC - sufficiency": {
            "mean": 0.4722481615002937,
            "std": 0.2050626345235951
        },
        "AOPC - comprehensiveness": {
            "mean": 0.3667996042282922,
            "std": 0.21497771140025598
        }
    },
    "scaled attention": {
        "sufficiency": {
            "mean": 0.801567563772322,
            "std": 0.329658188669998
        },
        "comprehensiveness": {
            "mean": 0.7031551689405338,
            "std": 0.3838072403171243
        },
        "AOPC - sufficiency": {
            "mean": 0.535982099904154,
            "std": 0.20891825645494635
        },
        "AOPC - comprehensiveness": {
            "mean": 0.5044274215700554,
            "std": 0.22622661327438592
        }
    },
    "lime": {
        "sufficiency": {
            "mean": 0.4095501831693269,
            "std": 0.40891516146056817
        },
        "comprehensiveness": {
            "mean": 0.14501645094556645,
            "std": 0.2816111543097904
        },
        "AOPC - sufficiency": {
            "mean": 0.32799097574143893,
            "std": 0.24615473764140325
        },
        "AOPC - comprehensiveness": {
            "mean": 0.12499759544856981,
            "std": 0.16323298254041302
        }
    }
}