{
    "attention": {
        "sufficiency": {
            "mean": 0.7044398524415667,
            "std": 0.3754821231566105
        },
        "comprehensiveness": {
            "mean": 0.5264973683244054,
            "std": 0.40503545335111657
        },
        "AOPC - sufficiency": {
            "mean": 0.4509231329141826,
            "std": 0.19810671036545782
        },
        "AOPC - comprehensiveness": {
            "mean": 0.38350265701577,
            "std": 0.2134115439874033
        }
    },
    "scaled attention": {
        "sufficiency": {
            "mean": 0.7893586238353872,
            "std": 0.337071219549936
        },
        "comprehensiveness": {
            "mean": 0.7373668305246619,
            "std": 0.3636132083642093
        },
        "AOPC - sufficiency": {
            "mean": 0.5233550558011759,
            "std": 0.2115579490613079
        },
        "AOPC - comprehensiveness": {
            "mean": 0.5235686995018679,
            "std": 0.2228190303217512
        }
    },
    "deepliftshap": {
        "sufficiency": {
            "mean": 0.2980375066514458,
            "std": 0.3723166583489447
        },
        "comprehensiveness": {
            "mean": 0.1459602840025898,
            "std": 0.2830589261169601
        },
        "AOPC - sufficiency": {
            "mean": 0.2696367862807449,
            "std": 0.20956285564331703
        },
        "AOPC - comprehensiveness": {
            "mean": 0.12387317784047798,
            "std": 0.15621371048499505
        }
    },
    "ig": {
        "sufficiency": {
            "mean": 0.30806495374126985,
            "std": 0.3788355705641394
        },
        "comprehensiveness": {
            "mean": 0.3123451487604488,
            "std": 0.38115121491915727
        },
        "AOPC - sufficiency": {
            "mean": 0.2886694170316382,
            "std": 0.19517598001937203
        },
        "AOPC - comprehensiveness": {
            "mean": 0.25507302688477557,
            "std": 0.21308283675405984
        }
    },
    "deeplift": {
        "sufficiency": {
            "mean": 0.3441861237193849,
            "std": 0.3819784059947281
        },
        "comprehensiveness": {
            "mean": 0.147930739234512,
            "std": 0.28627269854554566
        },
        "AOPC - sufficiency": {
            "mean": 0.28756370828060573,
            "std": 0.21027176722218907
        },
        "AOPC - comprehensiveness": {
            "mean": 0.14176256875623366,
            "std": 0.14633685412745892
        }
    },
    "gradientshap": {
        "sufficiency": {
            "mean": 0.2807210354656038,
            "std": 0.37247649183662707
        },
        "comprehensiveness": {
            "mean": 0.13826143124440243,
            "std": 0.2754198658837249
        },
        "AOPC - sufficiency": {
            "mean": 0.25694002584298253,
            "std": 0.20018767613355118
        },
        "AOPC - comprehensiveness": {
            "mean": 0.1198729599144586,
            "std": 0.15544852719601535
        }
    },
    "random": {
        "sufficiency": {
            "mean": 0.28463481143732994,
            "std": 0.3692981643407396
        },
        "comprehensiveness": {
            "mean": 0.13026938879883196,
            "std": 0.26306647677699424
        },
        "AOPC - sufficiency": {
            "mean": 0.2611147319808992,
            "std": 0.20159123706660342
        },
        "AOPC - comprehensiveness": {
            "mean": 0.11222264627190648,
            "std": 0.1509980261323932
        }
    },
    "gradients": {
        "sufficiency": {
            "mean": 0.29719318398437333,
            "std": 0.3709048525925709
        },
        "comprehensiveness": {
            "mean": 0.2986585400890942,
            "std": 0.3759616763217148
        },
        "AOPC - sufficiency": {
            "mean": 0.2854542316912293,
            "std": 0.19170100089716094
        },
        "AOPC - comprehensiveness": {
            "mean": 0.2506439370251715,
            "std": 0.21198346031662085
        }
    },
    "lime": {
        "sufficiency": {
            "mean": 0.3978212732545987,
            "std": 0.4048069185319762
        },
        "comprehensiveness": {
            "mean": 0.13651410671917788,
            "std": 0.2644934975704438
        },
        "AOPC - sufficiency": {
            "mean": 0.3109139492341941,
            "std": 0.2346464153534062
        },
        "AOPC - comprehensiveness": {
            "mean": 0.12512835852301218,
            "std": 0.15861228184051532
        }
    }
}