,mean-acc,std-acc,mean-f1,std-f1,mean-ece,std-ece,Domain
model,0.35655058043117704,0.0037816763684880004,0.374447641796258,0.029010556975794,0.035389167292794003,0.007137933196323,Full size
model,0.34655601659751,0.008407585156457,0.382289088704925,0.024182638194412003,0.039503523230058006,0.014901249526641002,InDomain
model,0.404315352697095,0.008222052166971,0.37437205597177503,0.017689322541963003,0.052557250276146,0.026817649212100003,OOD1
model,0.443485477178423,0.009084768254542,0.381663401339467,0.017003664677463,0.061627105617918,0.032038769104358,OOD2
