,AsyD1,AsyD2
Suff_diff,0.007550011849837723,0.016531823443000526
Comp_diff,-0.10682210804424752,0.05173138118553888
