,Domain,Bert F1,Bert std,FRESH F1,FRESH std,LSTM F1,LSTM std,KUMA F1,KUMA std,SPECTRA F1,SPECTRA std
0,Full,0.374447641796258,0.029010556975794,0.29926101696195,0.041683094955309,35.437752045516504,1.5304634369931003,11.6697530235309,1.8186222354426,24.924,1.13645501450783
1,SynD,0.382289088704925,0.024182638194412003,0.325006359412909,0.016692323246704003,34.3360519031512,0.5101175768599001,11.6697530235309,1.8186222354426,21.962,5.6752286297558
2,AsyD1,0.37437205597177503,0.017689322541963003,0.325632333023884,0.028213811219041002,31.6159778324323,2.9958719170679005,11.4356030084231,1.6639331776080002,16.6548,7.76466516985761
3,AsyD2,0.381663401339467,0.017003664677463,0.30032152354455005,0.025581249661398003,29.9956954083389,1.9477412696054002,10.9651279757934,1.6916442373207001,20.596,7.27137057231991
