,LSTM F1,LSTM std,KUMA F1,KUMA std,SPECTRA F1,SPECTRA std
0,35.437752045516504,1.5304634369931003,11.6697530235309,1.8186222354426,24.924,1.13645501450783
1,34.3360519031512,0.5101175768599001,9.8729806387964,0.0,21.962,5.6752286297558
2,31.6159778324323,2.9958719170679005,12.716122106783601,0.0,16.6548,7.76466516985761
3,29.9956954083389,1.9477412696054002,12.543830270923001,0.0,20.596,7.27137057231991
