{
    "scaled attention": {
        "sufficiency": {
            "mean": 0.4516223491850586,
            "std": 0.446309965493215
        },
        "comprehensiveness": {
            "mean": 0.763194626313128,
            "std": 0.3821651422919333
        },
        "AOPC - sufficiency": {
            "mean": 0.3543594058071102,
            "std": 0.2914630482509046
        },
        "AOPC - comprehensiveness": {
            "mean": 0.6222212822293015,
            "std": 0.25211781479781975
        }
    },
    "attention": {
        "sufficiency": {
            "mean": 0.35960961515715584,
            "std": 0.4294664216713386
        },
        "comprehensiveness": {
            "mean": 0.5586618547754572,
            "std": 0.458505146532599
        },
        "AOPC - sufficiency": {
            "mean": 0.2792709369029106,
            "std": 0.2802086901639671
        },
        "AOPC - comprehensiveness": {
            "mean": 0.4190740122928844,
            "std": 0.2958038453418645
        }
    },
    "random": {
        "sufficiency": {
            "mean": 0.20480812894889017,
            "std": 0.3720678016641433
        },
        "comprehensiveness": {
            "mean": 0.35576272227840267,
            "std": 0.4309745579393735
        },
        "AOPC - sufficiency": {
            "mean": 0.1859766350918933,
            "std": 0.25696205010083717
        },
        "AOPC - comprehensiveness": {
            "mean": 0.306329259857053,
            "std": 0.2787762681574075
        }
    },
    "lime": {
        "sufficiency": {
            "mean": 0.12292699301264005,
            "std": 0.29719168080718317
        },
        "comprehensiveness": {
            "mean": 0.22066020490108004,
            "std": 0.36331703557216305
        },
        "AOPC - sufficiency": {
            "mean": 0.11866694516692912,
            "std": 0.2016791601616641
        },
        "AOPC - comprehensiveness": {
            "mean": 0.1989306600477629,
            "std": 0.2275907259633707
        }
    },
    "deeplift": {
        "sufficiency": {
            "mean": 0.16412571085901984,
            "std": 0.3311892957731407
        },
        "comprehensiveness": {
            "mean": 0.26470056336310793,
            "std": 0.3873992240070532
        },
        "AOPC - sufficiency": {
            "mean": 0.14441470577136242,
            "std": 0.20173403962886527
        },
        "AOPC - comprehensiveness": {
            "mean": 0.2347520918795358,
            "std": 0.24059990820429855
        }
    },
    "gradients": {
        "sufficiency": {
            "mean": 0.36319155814115517,
            "std": 0.42816535886605994
        },
        "comprehensiveness": {
            "mean": 0.4639034552541886,
            "std": 0.4505036722472258
        },
        "AOPC - sufficiency": {
            "mean": 0.29337952380597987,
            "std": 0.2774525090548864
        },
        "AOPC - comprehensiveness": {
            "mean": 0.3896578176213273,
            "std": 0.3040025183030831
        }
    }
}