{
    "attention": {
        "sufficiency": {
            "mean": 0.32475533401424295,
            "std": 0.41961735095925395
        },
        "comprehensiveness": {
            "mean": 0.7175685698070217,
            "std": 0.41909093164602923
        },
        "AOPC - sufficiency": {
            "mean": 0.26005769090784087,
            "std": 0.25333470454308515
        },
        "AOPC - comprehensiveness": {
            "mean": 0.517622807436674,
            "std": 0.259380928448109
        }
    },
    "scaled attention": {
        "sufficiency": {
            "mean": 0.4788422291717622,
            "std": 0.4354575548101253
        },
        "comprehensiveness": {
            "mean": 0.8547011433090876,
            "std": 0.3104083850251672
        },
        "AOPC - sufficiency": {
            "mean": 0.3642505286199994,
            "std": 0.26631452647689546
        },
        "AOPC - comprehensiveness": {
            "mean": 0.6596560703376201,
            "std": 0.21182463146330746
        }
    },
    "gradients": {
        "sufficiency": {
            "mean": 0.2707570222291078,
            "std": 0.4013180951628486
        },
        "comprehensiveness": {
            "mean": 0.6376524563914556,
            "std": 0.4352923631630871
        },
        "AOPC - sufficiency": {
            "mean": 0.2457385746972309,
            "std": 0.25792018311920073
        },
        "AOPC - comprehensiveness": {
            "mean": 0.5011617654581335,
            "std": 0.2691639144447538
        }
    },
    "lime": {
        "sufficiency": {
            "mean": 0.08884084929818799,
            "std": 0.25780357440581236
        },
        "comprehensiveness": {
            "mean": 0.2620199357194131,
            "std": 0.3822296505421046
        },
        "AOPC - sufficiency": {
            "mean": 0.09523583412267812,
            "std": 0.18168531967748455
        },
        "AOPC - comprehensiveness": {
            "mean": 0.23418563562072064,
            "std": 0.23139962183392657
        }
    },
    "deeplift": {
        "sufficiency": {
            "mean": 0.11538739473501229,
            "std": 0.28962633374254865
        },
        "comprehensiveness": {
            "mean": 0.38147579736814535,
            "std": 0.42500579436577957
        },
        "AOPC - sufficiency": {
            "mean": 0.1379000831524088,
            "std": 0.1861087335939083
        },
        "AOPC - comprehensiveness": {
            "mean": 0.3167554445519327,
            "std": 0.2461366613192436
        }
    },
    "random": {
        "sufficiency": {
            "mean": 0.1661973378316763,
            "std": 0.34189078740756873
        },
        "comprehensiveness": {
            "mean": 0.36883911360164245,
            "std": 0.42059262693014743
        },
        "AOPC - sufficiency": {
            "mean": 0.16731318213739557,
            "std": 0.2393174179269604
        },
        "AOPC - comprehensiveness": {
            "mean": 0.3084938629384903,
            "std": 0.25844320032979384
        }
    },
    "ig": {
        "sufficiency": {
            "mean": 0.3266692494937007,
            "std": 0.41154069392700504
        },
        "comprehensiveness": {
            "mean": 0.6041521902218369,
            "std": 0.4325671073639642
        },
        "AOPC - sufficiency": {
            "mean": 0.28694060714331854,
            "std": 0.26043340172043605
        },
        "AOPC - comprehensiveness": {
            "mean": 0.4778587989840009,
            "std": 0.26658869816213393
        }
    },
    "deepliftshap": {
        "sufficiency": {
            "mean": 0.11340327697422661,
            "std": 0.28758833265081385
        },
        "comprehensiveness": {
            "mean": 0.27388155779257106,
            "std": 0.38337702916803995
        },
        "AOPC - sufficiency": {
            "mean": 0.13651659464050375,
            "std": 0.19332354260776663
        },
        "AOPC - comprehensiveness": {
            "mean": 0.2369225202607581,
            "std": 0.2132414627111698
        }
    },
    "gradientshap": {
        "sufficiency": {
            "mean": 0.151613069671189,
            "std": 0.3279180751792939
        },
        "comprehensiveness": {
            "mean": 0.2990994184212027,
            "std": 0.3922478167991693
        },
        "AOPC - sufficiency": {
            "mean": 0.16233617846227247,
            "std": 0.22974937830812814
        },
        "AOPC - comprehensiveness": {
            "mean": 0.2607365838403448,
            "std": 0.24121698369544015
        }
    }
}