{
    "gradients": {
        "sufficiency": {
            "mean": 0.2654648183913285,
            "std": 0.4133437027244102
        },
        "comprehensiveness": {
            "mean": 0.629879829818814,
            "std": 0.4518064047828612
        },
        "AOPC - sufficiency": {
            "mean": 0.2430900594733553,
            "std": 0.2813337813842653
        },
        "AOPC - comprehensiveness": {
            "mean": 0.5043807635904379,
            "std": 0.28927406882542084
        }
    },
    "scaled attention": {
        "sufficiency": {
            "mean": 0.49629274506299476,
            "std": 0.441661079647351
        },
        "comprehensiveness": {
            "mean": 0.8463723945444124,
            "std": 0.32418641633843026
        },
        "AOPC - sufficiency": {
            "mean": 0.3889898591606304,
            "std": 0.2826442992145762
        },
        "AOPC - comprehensiveness": {
            "mean": 0.6587274043393665,
            "std": 0.22523273555179957
        }
    },
    "lime": {
        "sufficiency": {
            "mean": 0.10321399772313924,
            "std": 0.27934031017572897
        },
        "comprehensiveness": {
            "mean": 0.27215011693249547,
            "std": 0.39583531117752097
        },
        "AOPC - sufficiency": {
            "mean": 0.10466148439441356,
            "std": 0.201271390017301
        },
        "AOPC - comprehensiveness": {
            "mean": 0.2425927326113903,
            "std": 0.2473095147421045
        }
    },
    "attention": {
        "sufficiency": {
            "mean": 0.3852763120209377,
            "std": 0.43376868535468477
        },
        "comprehensiveness": {
            "mean": 0.6376056833165478,
            "std": 0.44210138649806346
        },
        "AOPC - sufficiency": {
            "mean": 0.30850175944634256,
            "std": 0.2703177892764678
        },
        "AOPC - comprehensiveness": {
            "mean": 0.46510275975326754,
            "std": 0.2742202188306791
        }
    },
    "random": {
        "sufficiency": {
            "mean": 0.1928445016333109,
            "std": 0.3662821619273933
        },
        "comprehensiveness": {
            "mean": 0.38420588958729907,
            "std": 0.4330270419559609
        },
        "AOPC - sufficiency": {
            "mean": 0.18685559701546683,
            "std": 0.2609447741763031
        },
        "AOPC - comprehensiveness": {
            "mean": 0.3224434852055045,
            "std": 0.27558017416945196
        }
    },
    "deeplift": {
        "sufficiency": {
            "mean": 0.12875876747514942,
            "std": 0.3038693301087885
        },
        "comprehensiveness": {
            "mean": 0.33715522264747916,
            "std": 0.4163973323602828
        },
        "AOPC - sufficiency": {
            "mean": 0.1474319022542395,
            "std": 0.19924970155126995
        },
        "AOPC - comprehensiveness": {
            "mean": 0.28657108263966563,
            "std": 0.2490104942450698
        }
    }
}