{
    "gradients": {
        "sufficiency": {
            "mean": 0.20113885306176954,
            "std": 0.3714621574836057
        },
        "comprehensiveness": {
            "mean": 0.616281963171373,
            "std": 0.45074380178373796
        },
        "AOPC - sufficiency": {
            "mean": 0.192881069257271,
            "std": 0.24611325082844862
        },
        "AOPC - comprehensiveness": {
            "mean": 0.48784255856190445,
            "std": 0.2826259473873191
        }
    },
    "scaled attention": {
        "sufficiency": {
            "mean": 0.48055859336544277,
            "std": 0.43497432200207786
        },
        "comprehensiveness": {
            "mean": 0.855826043896817,
            "std": 0.30945109250233704
        },
        "AOPC - sufficiency": {
            "mean": 0.36484440602390117,
            "std": 0.2661709822259453
        },
        "AOPC - comprehensiveness": {
            "mean": 0.6603344530997413,
            "std": 0.21108229776218895
        }
    },
    "lime": {
        "sufficiency": {
            "mean": 0.08722860070557278,
            "std": 0.2564507336977213
        },
        "comprehensiveness": {
            "mean": 0.28154919466202755,
            "std": 0.3961052119298288
        },
        "AOPC - sufficiency": {
            "mean": 0.09392232346749128,
            "std": 0.18190832961262746
        },
        "AOPC - comprehensiveness": {
            "mean": 0.2512050639683333,
            "std": 0.2390308300882586
        }
    },
    "attention": {
        "sufficiency": {
            "mean": 0.3880784630641164,
            "std": 0.42319468809739746
        },
        "comprehensiveness": {
            "mean": 0.6694067198095515,
            "std": 0.42470441084183147
        },
        "AOPC - sufficiency": {
            "mean": 0.2973938757878594,
            "std": 0.24982123734984799
        },
        "AOPC - comprehensiveness": {
            "mean": 0.4880066427630611,
            "std": 0.2597697931391894
        }
    },
    "random": {
        "sufficiency": {
            "mean": 0.15315936700611948,
            "std": 0.3314981845589233
        },
        "comprehensiveness": {
            "mean": 0.37597788148638883,
            "std": 0.4259343030053329
        },
        "AOPC - sufficiency": {
            "mean": 0.15841229813759,
            "std": 0.23429691963614968
        },
        "AOPC - comprehensiveness": {
            "mean": 0.3137705396895187,
            "std": 0.25890029404068343
        }
    },
    "deeplift": {
        "sufficiency": {
            "mean": 0.11914173602176632,
            "std": 0.2929515979371986
        },
        "comprehensiveness": {
            "mean": 0.3663670085128634,
            "std": 0.4186776058609339
        },
        "AOPC - sufficiency": {
            "mean": 0.1417650895598492,
            "std": 0.18668072783547277
        },
        "AOPC - comprehensiveness": {
            "mean": 0.30559877754066367,
            "std": 0.2409367062888194
        }
    }
}