{
    "attention": {
        "sufficiency": {
            "mean": 0.3346941786184466,
            "std": 0.43195067152700617
        },
        "comprehensiveness": {
            "mean": 0.6791711432406485,
            "std": 0.4407104002540558
        },
        "AOPC - sufficiency": {
            "mean": 0.2760981439618854,
            "std": 0.27504751990423426
        },
        "AOPC - comprehensiveness": {
            "mean": 0.49067313811463775,
            "std": 0.2753790078903562
        }
    },
    "scaled attention": {
        "sufficiency": {
            "mean": 0.4952272916151354,
            "std": 0.4417283828684966
        },
        "comprehensiveness": {
            "mean": 0.845473947914362,
            "std": 0.32514422384847524
        },
        "AOPC - sufficiency": {
            "mean": 0.3887768925343297,
            "std": 0.28295147771287027
        },
        "AOPC - comprehensiveness": {
            "mean": 0.6581278751023001,
            "std": 0.22575065767441863
        }
    },
    "gradients": {
        "sufficiency": {
            "mean": 0.3223398903566621,
            "std": 0.4267711477534459
        },
        "comprehensiveness": {
            "mean": 0.6374074357843098,
            "std": 0.439969952758282
        },
        "AOPC - sufficiency": {
            "mean": 0.2866249733320218,
            "std": 0.2826880668908155
        },
        "AOPC - comprehensiveness": {
            "mean": 0.5078886581674851,
            "std": 0.2780228490830645
        }
    },
    "lime": {
        "sufficiency": {
            "mean": 0.10519581863378266,
            "std": 0.2811600375224775
        },
        "comprehensiveness": {
            "mean": 0.2513233855392056,
            "std": 0.3816992159430969
        },
        "AOPC - sufficiency": {
            "mean": 0.10671794242362746,
            "std": 0.2007384300066685
        },
        "AOPC - comprehensiveness": {
            "mean": 0.22641607053551185,
            "std": 0.2379489451290475
        }
    },
    "deeplift": {
        "sufficiency": {
            "mean": 0.12490419713350966,
            "std": 0.30054643924092117
        },
        "comprehensiveness": {
            "mean": 0.35068107765668255,
            "std": 0.42317373541475456
        },
        "AOPC - sufficiency": {
            "mean": 0.14387210047613874,
            "std": 0.19856595741092842
        },
        "AOPC - comprehensiveness": {
            "mean": 0.29696947426113174,
            "std": 0.25471821450000887
        }
    },
    "random": {
        "sufficiency": {
            "mean": 0.19430452984149268,
            "std": 0.3662964250121261
        },
        "comprehensiveness": {
            "mean": 0.37083327631671287,
            "std": 0.4275135624256381
        },
        "AOPC - sufficiency": {
            "mean": 0.18905343414312586,
            "std": 0.25884887382496413
        },
        "AOPC - comprehensiveness": {
            "mean": 0.3105927056189385,
            "std": 0.27148161143284266
        }
    },
    "ig": {
        "sufficiency": {
            "mean": 0.38068617929590287,
            "std": 0.43226000537178016
        },
        "comprehensiveness": {
            "mean": 0.6112752058232594,
            "std": 0.43394606283901355
        },
        "AOPC - sufficiency": {
            "mean": 0.32875009519825554,
            "std": 0.28247645280472167
        },
        "AOPC - comprehensiveness": {
            "mean": 0.4890576971755516,
            "std": 0.27508948390795496
        }
    },
    "deepliftshap": {
        "sufficiency": {
            "mean": 0.12513164502076513,
            "std": 0.3031374602975408
        },
        "comprehensiveness": {
            "mean": 0.25515349226598955,
            "std": 0.37854651674593787
        },
        "AOPC - sufficiency": {
            "mean": 0.14408566725037236,
            "std": 0.20905527135871832
        },
        "AOPC - comprehensiveness": {
            "mean": 0.22238164462736537,
            "std": 0.21878358532569156
        }
    },
    "gradientshap": {
        "sufficiency": {
            "mean": 0.18301002484484014,
            "std": 0.35754675182446544
        },
        "comprehensiveness": {
            "mean": 0.30819747261853403,
            "std": 0.4030169393328508
        },
        "AOPC - sufficiency": {
            "mean": 0.1857897980336432,
            "std": 0.25280154923871256
        },
        "AOPC - comprehensiveness": {
            "mean": 0.26711164235750423,
            "std": 0.2564782884780431
        }
    }
}