{
    "attention": {
        "sufficiency": {
            "mean": 0.32753750973317947,
            "std": 0.4254374845881236
        },
        "comprehensiveness": {
            "mean": 0.6999372928392176,
            "std": 0.4305600212124152
        },
        "AOPC - sufficiency": {
            "mean": 0.2704732241158011,
            "std": 0.2661863362031292
        },
        "AOPC - comprehensiveness": {
            "mean": 0.5054676712579141,
            "std": 0.2676636064173581
        }
    },
    "scaled attention": {
        "sufficiency": {
            "mean": 0.4826514040239968,
            "std": 0.43959237588443323
        },
        "comprehensiveness": {
            "mean": 0.850490374447741,
            "std": 0.3161658831250932
        },
        "AOPC - sufficiency": {
            "mean": 0.3752040899500261,
            "std": 0.2751462468739397
        },
        "AOPC - comprehensiveness": {
            "mean": 0.6607105378267177,
            "std": 0.21673539535388858
        }
    },
    "gradients": {
        "sufficiency": {
            "mean": 0.29485850787044576,
            "std": 0.41618529991531145
        },
        "comprehensiveness": {
            "mean": 0.6351560977029506,
            "std": 0.4370735367641224
        },
        "AOPC - sufficiency": {
            "mean": 0.2651141851586421,
            "std": 0.26949427890986377
        },
        "AOPC - comprehensiveness": {
            "mean": 0.5031630954530695,
            "std": 0.27392190372319136
        }
    },
    "lime": {
        "sufficiency": {
            "mean": 0.0995253536384485,
            "std": 0.27227405122348963
        },
        "comprehensiveness": {
            "mean": 0.26824025800547663,
            "std": 0.3907425667512558
        },
        "AOPC - sufficiency": {
            "mean": 0.10395348326056189,
            "std": 0.19196874189050755
        },
        "AOPC - comprehensiveness": {
            "mean": 0.23745190924099172,
            "std": 0.2384418512011477
        }
    },
    "deeplift": {
        "sufficiency": {
            "mean": 0.12459719893271935,
            "std": 0.3011332812952759
        },
        "comprehensiveness": {
            "mean": 0.3647267853593379,
            "std": 0.4246294073700157
        },
        "AOPC - sufficiency": {
            "mean": 0.14211120918274253,
            "std": 0.193733133042925
        },
        "AOPC - comprehensiveness": {
            "mean": 0.309308071275344,
            "std": 0.25275517931876257
        }
    },
    "random": {
        "sufficiency": {
            "mean": 0.1743401922720296,
            "std": 0.34871526635069044
        },
        "comprehensiveness": {
            "mean": 0.366656017011905,
            "std": 0.424624353732539
        },
        "AOPC - sufficiency": {
            "mean": 0.1755401804199076,
            "std": 0.24582305731372206
        },
        "AOPC - comprehensiveness": {
            "mean": 0.3097105609118893,
            "std": 0.2641964758522733
        }
    },
    "ig": {
        "sufficiency": {
            "mean": 0.34792221394085693,
            "std": 0.42302716629101395
        },
        "comprehensiveness": {
            "mean": 0.604473736022615,
            "std": 0.4334496328061277
        },
        "AOPC - sufficiency": {
            "mean": 0.3041924153394196,
            "std": 0.2704355137278097
        },
        "AOPC - comprehensiveness": {
            "mean": 0.48112610234289865,
            "std": 0.2693719915577586
        }
    },
    "deepliftshap": {
        "sufficiency": {
            "mean": 0.11809259489991394,
            "std": 0.2933839895005793
        },
        "comprehensiveness": {
            "mean": 0.26618601540837433,
            "std": 0.3823069778953206
        },
        "AOPC - sufficiency": {
            "mean": 0.13908556131548777,
            "std": 0.19976363108835432
        },
        "AOPC - comprehensiveness": {
            "mean": 0.23128165460112352,
            "std": 0.21958579895553645
        }
    },
    "gradientshap": {
        "sufficiency": {
            "mean": 0.16968810137923435,
            "std": 0.34539679012677854
        },
        "comprehensiveness": {
            "mean": 0.3128633534807831,
            "std": 0.4039327445001093
        },
        "AOPC - sufficiency": {
            "mean": 0.174972341900754,
            "std": 0.2432230230489987
        },
        "AOPC - comprehensiveness": {
            "mean": 0.2695128795955648,
            "std": 0.25283923572345623
        }
    }
}