,mean-acc,std-acc,mean-f1,std-f1,mean-ece,std-ece,Domain
model,0.9261245549015331,0.0022254322693280003,0.708558691300715,0.009435387852935,0.042934954257372,0.0032681523616520003,Full size
model,0.927263479145473,0.0007481201962640001,0.69633613354387,0.014841867084255,0.036785088201245,0.0034699186753680005,SynD
model,0.9157328682508531,0.002681717636768,0.682110410331037,0.013610062765947001,0.046564959537652,0.003713782864759,AsyD1
model,0.9185378969551631,0.003007835203714,0.681164912415819,0.024879630208647002,0.04512139126646501,0.005368297970391,AsyD2
