,mean-acc,std-acc,mean-f1,std-f1,mean-ece,std-ece,Domain
model,0.926284427003851,0.0027524628935830004,0.7103060842741621,0.005285163593227,0.04365867733366301,0.00352800876464,Full size
model,0.927263479145473,0.0007481201962640001,0.69633613354387,0.014841867084255,0.036785088201245,0.0034699186753680005,SynD
model,0.9157328682508531,0.002681717636768,0.682110410331037,0.013610062765947001,0.046564959537652,0.003713782864759,AsyD1
model,0.9185378969551631,0.003007835203714,0.681164912415819,0.024879630208647002,0.04512139126646501,0.005368297970391,AsyD2
