,AsyD1,AsyD2
Suff_diff,0.03963247847329221,0.12061896278654549
Comp_diff,0.004995671286410097,0.019369982671068264
