,AsyD1,AsyD2,Factors,Task
0,0.03963247847329221,0.12061896278654549,Suff_diff,AmazPantry
1,0.004995671286410097,0.019369982671068264,Comp_diff,AmazPantry
0,1000.0,1366.0,temporal_distance,AmazPantry
0,0.0205792131420726,0.0227037388462159,corpus_similarity,AmazPantry
0,92.62175713974275,78.28885982123393,text avg length,AmazPantry
