,LSTM F1,LSTM std,KUMA F1,KUMA std,SPECTRA F1,SPECTRA std
0,67.49797878403191,0.36524607068360004,64.3768493902638,0.3886648485415,58.07599999999999,0.49997999959998
1,67.35433928282461,0.5992385624643001,63.5450419819997,1.0026069183113,48.882,1.4125048672482499
2,66.36518844900561,0.36871898753640003,62.6974453204008,0.8855553342137001,49.954,1.06772187389787
3,67.0381143100825,0.9330721669152001,62.674890936079606,1.0756797765212,51.516000000000005,0.97276924293482
