{
    "gradients": {
        "sufficiency": {
            "mean": 0.19418110466284652,
            "std": 0.3539739615037961
        },
        "comprehensiveness": {
            "mean": 0.46974866547054867,
            "std": 0.45437537145915835
        },
        "AOPC - sufficiency": {
            "mean": 0.16689785930751713,
            "std": 0.23912537940013995
        },
        "AOPC - comprehensiveness": {
            "mean": 0.37651649127085923,
            "std": 0.29953944181177605
        }
    },
    "scaled attention": {
        "sufficiency": {
            "mean": 0.4112118989860047,
            "std": 0.4361728756142156
        },
        "comprehensiveness": {
            "mean": 0.7403596058772953,
            "std": 0.3685104100508173
        },
        "AOPC - sufficiency": {
            "mean": 0.327228753631044,
            "std": 0.28327896013112847
        },
        "AOPC - comprehensiveness": {
            "mean": 0.5820981419363975,
            "std": 0.2551079348513639
        }
    },
    "deeplift": {
        "sufficiency": {
            "mean": 0.1018212567497192,
            "std": 0.24446805239753197
        },
        "comprehensiveness": {
            "mean": 0.22501620474098943,
            "std": 0.3659666088851085
        },
        "AOPC - sufficiency": {
            "mean": 0.09782173484392442,
            "std": 0.1672895802505702
        },
        "AOPC - comprehensiveness": {
            "mean": 0.16906699008498208,
            "std": 0.19040691436336693
        }
    },
    "lime": {
        "sufficiency": {
            "mean": 0.1768937524328271,
            "std": 0.3435618459514836
        },
        "comprehensiveness": {
            "mean": 0.3588913978039348,
            "std": 0.41141653108453197
        },
        "AOPC - sufficiency": {
            "mean": 0.16798713482947186,
            "std": 0.24304669051675548
        },
        "AOPC - comprehensiveness": {
            "mean": 0.29373518449580877,
            "std": 0.2603499455286296
        }
    },
    "attention": {
        "sufficiency": {
            "mean": 0.1475182639913383,
            "std": 0.2969652907259855
        },
        "comprehensiveness": {
            "mean": 0.2377308009513922,
            "std": 0.3752109957247034
        },
        "AOPC - sufficiency": {
            "mean": 0.12900190474823117,
            "std": 0.1820429512806419
        },
        "AOPC - comprehensiveness": {
            "mean": 0.18076550171260364,
            "std": 0.20061894432583463
        }
    },
    "random": {
        "sufficiency": {
            "mean": 0.19089345650872966,
            "std": 0.34502068480460685
        },
        "comprehensiveness": {
            "mean": 0.331040040010987,
            "std": 0.406317584250631
        },
        "AOPC - sufficiency": {
            "mean": 0.17598213608675276,
            "std": 0.23329563036433204
        },
        "AOPC - comprehensiveness": {
            "mean": 0.2690160294152465,
            "std": 0.2513594446075311
        }
    }
}