{
    "gradientshap": {
        "sufficiency": {
            "mean": 0.1368066890715151,
            "std": 0.3031885849265463
        },
        "comprehensiveness": {
            "mean": 0.44564104288098655,
            "std": 0.44444097678548056
        },
        "AOPC - sufficiency": {
            "mean": 0.1380970146624015,
            "std": 0.2285326511721917
        },
        "AOPC - comprehensiveness": {
            "mean": 0.3641382683696313,
            "std": 0.26731211655781434
        }
    },
    "gradients": {
        "sufficiency": {
            "mean": 0.2240973972858945,
            "std": 0.37541443720642975
        },
        "comprehensiveness": {
            "mean": 0.616809500027419,
            "std": 0.43299023484066085
        },
        "AOPC - sufficiency": {
            "mean": 0.206066136355799,
            "std": 0.2658479631667373
        },
        "AOPC - comprehensiveness": {
            "mean": 0.4794637490526066,
            "std": 0.2685156367595669
        }
    },
    "lime": {
        "sufficiency": {
            "mean": 0.1664511856574779,
            "std": 0.3342747763211417
        },
        "comprehensiveness": {
            "mean": 0.42443595683326213,
            "std": 0.4288057231036461
        },
        "AOPC - sufficiency": {
            "mean": 0.1538992375223532,
            "std": 0.25197266919989003
        },
        "AOPC - comprehensiveness": {
            "mean": 0.3499907721872017,
            "std": 0.2667146495069751
        }
    },
    "attention": {
        "sufficiency": {
            "mean": 0.1842701927969245,
            "std": 0.3159737233467952
        },
        "comprehensiveness": {
            "mean": 0.4600715420592925,
            "std": 0.4571113657384093
        },
        "AOPC - sufficiency": {
            "mean": 0.1718956977512897,
            "std": 0.17154117551934128
        },
        "AOPC - comprehensiveness": {
            "mean": 0.30831287153763026,
            "std": 0.18844632560842262
        }
    },
    "deepliftshap": {
        "sufficiency": {
            "mean": 0.13498671412751664,
            "std": 0.2876044312132558
        },
        "comprehensiveness": {
            "mean": 0.3250838285834194,
            "std": 0.4119582344171969
        },
        "AOPC - sufficiency": {
            "mean": 0.1400262657718997,
            "std": 0.20657017698015814
        },
        "AOPC - comprehensiveness": {
            "mean": 0.26215272007894647,
            "std": 0.20513788578829054
        }
    },
    "ig": {
        "sufficiency": {
            "mean": 0.26919527572637325,
            "std": 0.39198922406500986
        },
        "comprehensiveness": {
            "mean": 0.5704000084766497,
            "std": 0.432984672905556
        },
        "AOPC - sufficiency": {
            "mean": 0.24287580102310058,
            "std": 0.27250465722729184
        },
        "AOPC - comprehensiveness": {
            "mean": 0.44460832010461027,
            "std": 0.2599343225557534
        }
    },
    "scaled attention": {
        "sufficiency": {
            "mean": 0.5182544687850401,
            "std": 0.4314551557257498
        },
        "comprehensiveness": {
            "mean": 0.7854308632443852,
            "std": 0.3374662671374647
        },
        "AOPC - sufficiency": {
            "mean": 0.3988729373880245,
            "std": 0.2802660180993904
        },
        "AOPC - comprehensiveness": {
            "mean": 0.5833382269553018,
            "std": 0.22788181299667673
        }
    },
    "deeplift": {
        "sufficiency": {
            "mean": 0.15909189283688857,
            "std": 0.295084450189045
        },
        "comprehensiveness": {
            "mean": 0.3631380254208102,
            "std": 0.43064189028195643
        },
        "AOPC - sufficiency": {
            "mean": 0.16257593643839213,
            "std": 0.1827678364344506
        },
        "AOPC - comprehensiveness": {
            "mean": 0.2688310027252547,
            "std": 0.18613648981317762
        }
    },
    "random": {
        "sufficiency": {
            "mean": 0.1860890519261568,
            "std": 0.34016253297177385
        },
        "comprehensiveness": {
            "mean": 0.34470335896659476,
            "std": 0.4073642008697179
        },
        "AOPC - sufficiency": {
            "mean": 0.17632222687924531,
            "std": 0.24853199714545451
        },
        "AOPC - comprehensiveness": {
            "mean": 0.29205584240021754,
            "std": 0.24292287034903084
        }
    }
}