{
    "lime": {
        "sufficiency": {
            "mean": 0.146038673643995,
            "std": 0.3212973190920043
        },
        "comprehensiveness": {
            "mean": 0.48062131486567194,
            "std": 0.4422076718955572
        },
        "AOPC - sufficiency": {
            "mean": 0.13522345634254848,
            "std": 0.24143659432496478
        },
        "AOPC - comprehensiveness": {
            "mean": 0.3918893749958481,
            "std": 0.2790873712823894
        }
    },
    "scaled attention": {
        "sufficiency": {
            "mean": 0.4334470548937721,
            "std": 0.43736457669212775
        },
        "comprehensiveness": {
            "mean": 0.8502325200203185,
            "std": 0.2970854594148716
        },
        "AOPC - sufficiency": {
            "mean": 0.34012588717151865,
            "std": 0.2860919663328462
        },
        "AOPC - comprehensiveness": {
            "mean": 0.6361008967674554,
            "std": 0.21233503111781737
        }
    },
    "gradients": {
        "sufficiency": {
            "mean": 0.18502592338268536,
            "std": 0.34156771320550017
        },
        "comprehensiveness": {
            "mean": 0.5242467507971993,
            "std": 0.4510355346186178
        },
        "AOPC - sufficiency": {
            "mean": 0.17151229599942555,
            "std": 0.24022498527044078
        },
        "AOPC - comprehensiveness": {
            "mean": 0.41244500035431586,
            "std": 0.2704292652216014
        }
    },
    "random": {
        "sufficiency": {
            "mean": 0.1531947089217551,
            "std": 0.31679399732955155
        },
        "comprehensiveness": {
            "mean": 0.4080027026234988,
            "std": 0.4302238560840495
        },
        "AOPC - sufficiency": {
            "mean": 0.14705596689588593,
            "std": 0.2329005559146187
        },
        "AOPC - comprehensiveness": {
            "mean": 0.3355441036128895,
            "std": 0.2552116733934973
        }
    },
    "deeplift": {
        "sufficiency": {
            "mean": 0.14117868205846384,
            "std": 0.2824187514994839
        },
        "comprehensiveness": {
            "mean": 0.4090048913535893,
            "std": 0.44546457083029534
        },
        "AOPC - sufficiency": {
            "mean": 0.14455058311159755,
            "std": 0.1791029363457945
        },
        "AOPC - comprehensiveness": {
            "mean": 0.28988186198650373,
            "std": 0.19576027115765265
        }
    },
    "attention": {
        "sufficiency": {
            "mean": 0.20025525397888924,
            "std": 0.3307904346338735
        },
        "comprehensiveness": {
            "mean": 0.45625926630248015,
            "std": 0.454932960377408
        },
        "AOPC - sufficiency": {
            "mean": 0.1816706927877113,
            "std": 0.17339032348577538
        },
        "AOPC - comprehensiveness": {
            "mean": 0.30781443590398067,
            "std": 0.1880172316514297
        }
    }
}