{
    "lime": {
        "sufficiency": {
            "mean": 0.1567595038671521,
            "std": 0.3299536947848383
        },
        "comprehensiveness": {
            "mean": 0.46948537591832146,
            "std": 0.4417648058829172
        },
        "AOPC - sufficiency": {
            "mean": 0.14352315221848988,
            "std": 0.24912244927060823
        },
        "AOPC - comprehensiveness": {
            "mean": 0.3875883279596501,
            "std": 0.2795395434881282
        }
    },
    "scaled attention": {
        "sufficiency": {
            "mean": 0.4377629933280505,
            "std": 0.43882211562135115
        },
        "comprehensiveness": {
            "mean": 0.8422940082049,
            "std": 0.30214863157083816
        },
        "AOPC - sufficiency": {
            "mean": 0.3450314388124543,
            "std": 0.28959592438243986
        },
        "AOPC - comprehensiveness": {
            "mean": 0.6357573684994169,
            "std": 0.2151891662879232
        }
    },
    "gradients": {
        "sufficiency": {
            "mean": 0.21341132643624383,
            "std": 0.3649777256772542
        },
        "comprehensiveness": {
            "mean": 0.5460860767006939,
            "std": 0.444328766841846
        },
        "AOPC - sufficiency": {
            "mean": 0.19545512572973445,
            "std": 0.2585529664817847
        },
        "AOPC - comprehensiveness": {
            "mean": 0.429871227776557,
            "std": 0.2704533205991541
        }
    },
    "random": {
        "sufficiency": {
            "mean": 0.1640202036645502,
            "std": 0.3250983800843416
        },
        "comprehensiveness": {
            "mean": 0.40054864183273914,
            "std": 0.42837967338271393
        },
        "AOPC - sufficiency": {
            "mean": 0.1568093728699797,
            "std": 0.24026158065983838
        },
        "AOPC - comprehensiveness": {
            "mean": 0.33262258955761664,
            "std": 0.2578612740231553
        }
    },
    "deeplift": {
        "sufficiency": {
            "mean": 0.14223605743112613,
            "std": 0.2797854895099067
        },
        "comprehensiveness": {
            "mean": 0.3919259483029105,
            "std": 0.44148153204273693
        },
        "AOPC - sufficiency": {
            "mean": 0.14798807687530918,
            "std": 0.1778785186501548
        },
        "AOPC - comprehensiveness": {
            "mean": 0.2816661537227711,
            "std": 0.1916434742386225
        }
    },
    "attention": {
        "sufficiency": {
            "mean": 0.2014141803191888,
            "std": 0.3289745310213846
        },
        "comprehensiveness": {
            "mean": 0.4394176655828203,
            "std": 0.4517095292889926
        },
        "AOPC - sufficiency": {
            "mean": 0.18457031621869008,
            "std": 0.17497445705831446
        },
        "AOPC - comprehensiveness": {
            "mean": 0.2983573047720934,
            "std": 0.1844340820940436
        }
    }
}