{
    "gradientshap": {
        "sufficiency": {
            "mean": 0.12724542523851784,
            "std": 0.2954617695872358
        },
        "comprehensiveness": {
            "mean": 0.4542232616298329,
            "std": 0.44631444320197006
        },
        "AOPC - sufficiency": {
            "mean": 0.12909448153090874,
            "std": 0.22063640840542478
        },
        "AOPC - comprehensiveness": {
            "mean": 0.3671109799484382,
            "std": 0.2638821992812229
        }
    },
    "gradients": {
        "sufficiency": {
            "mean": 0.2085237381017324,
            "std": 0.36401146133824724
        },
        "comprehensiveness": {
            "mean": 0.6125687115149504,
            "std": 0.43664772701654236
        },
        "AOPC - sufficiency": {
            "mean": 0.18962289733975263,
            "std": 0.2569370138131151
        },
        "AOPC - comprehensiveness": {
            "mean": 0.4710758464056993,
            "std": 0.2686036785161563
        }
    },
    "lime": {
        "sufficiency": {
            "mean": 0.15588163238485578,
            "std": 0.32740348569666583
        },
        "comprehensiveness": {
            "mean": 0.42422733850685596,
            "std": 0.4282926340237129
        },
        "AOPC - sufficiency": {
            "mean": 0.14443633067592085,
            "std": 0.24431947590406972
        },
        "AOPC - comprehensiveness": {
            "mean": 0.3495767921314794,
            "std": 0.2639954031102004
        }
    },
    "attention": {
        "sufficiency": {
            "mean": 0.18257404382450265,
            "std": 0.3175757236862096
        },
        "comprehensiveness": {
            "mean": 0.476720952821624,
            "std": 0.45957022440068696
        },
        "AOPC - sufficiency": {
            "mean": 0.16899039085703857,
            "std": 0.16995854268860955
        },
        "AOPC - comprehensiveness": {
            "mean": 0.31795364294196704,
            "std": 0.19175301692122304
        }
    },
    "deepliftshap": {
        "sufficiency": {
            "mean": 0.12960590847750125,
            "std": 0.2863673667718739
        },
        "comprehensiveness": {
            "mean": 0.3310314802627439,
            "std": 0.41329088586921964
        },
        "AOPC - sufficiency": {
            "mean": 0.1345877833954613,
            "std": 0.2054287377005325
        },
        "AOPC - comprehensiveness": {
            "mean": 0.26839333559424755,
            "std": 0.20634815353673625
        }
    },
    "ig": {
        "sufficiency": {
            "mean": 0.24843291745318863,
            "std": 0.38188648956326005
        },
        "comprehensiveness": {
            "mean": 0.5640241421805897,
            "std": 0.4367805574477659
        },
        "AOPC - sufficiency": {
            "mean": 0.2251750700122805,
            "std": 0.26335457188752265
        },
        "AOPC - comprehensiveness": {
            "mean": 0.4368323664066599,
            "std": 0.2599852054574597
        }
    },
    "scaled attention": {
        "sufficiency": {
            "mean": 0.5152004339833682,
            "std": 0.4312814239155275
        },
        "comprehensiveness": {
            "mean": 0.7923503791986692,
            "std": 0.33486835842832874
        },
        "AOPC - sufficiency": {
            "mean": 0.3947628179787917,
            "std": 0.27701921094794846
        },
        "AOPC - comprehensiveness": {
            "mean": 0.5845758510635177,
            "std": 0.22621083713670415
        }
    },
    "deeplift": {
        "sufficiency": {
            "mean": 0.1600414428601746,
            "std": 0.29810002458281815
        },
        "comprehensiveness": {
            "mean": 0.37920388636083985,
            "std": 0.43509262896863116
        },
        "AOPC - sufficiency": {
            "mean": 0.15951074308573532,
            "std": 0.18361210712741807
        },
        "AOPC - comprehensiveness": {
            "mean": 0.2762860414563791,
            "std": 0.18988173795162588
        }
    },
    "random": {
        "sufficiency": {
            "mean": 0.16992171602487444,
            "std": 0.33022137951882136
        },
        "comprehensiveness": {
            "mean": 0.3454113227726619,
            "std": 0.40726630133011255
        },
        "AOPC - sufficiency": {
            "mean": 0.16452686379616965,
            "std": 0.24047510652814158
        },
        "AOPC - comprehensiveness": {
            "mean": 0.29432869476732443,
            "std": 0.23919463476015265
        }
    }
}