{
    "attention": {
        "sufficiency": {
            "mean": 0.6193570080054261,
            "std": 0.41530237107022977
        },
        "comprehensiveness": {
            "mean": 0.12865594191287258,
            "std": 0.29658423540893974
        },
        "AOPC - sufficiency": {
            "mean": 0.4169162808707175,
            "std": 0.21216960347830405
        },
        "AOPC - comprehensiveness": {
            "mean": 0.10515038478310762,
            "std": 0.17864765793243056
        }
    },
    "gradients": {
        "sufficiency": {
            "mean": 0.6195017835428787,
            "std": 0.4236902341428581
        },
        "comprehensiveness": {
            "mean": 0.1489040048407994,
            "std": 0.3193499618390599
        },
        "AOPC - sufficiency": {
            "mean": 0.43235752303718317,
            "std": 0.24017425120442998
        },
        "AOPC - comprehensiveness": {
            "mean": 0.13245638346179123,
            "std": 0.2120382159411822
        }
    },
    "deepliftshap": {
        "sufficiency": {
            "mean": 0.5009857127152011,
            "std": 0.4229070889041022
        },
        "comprehensiveness": {
            "mean": 0.07398239561569096,
            "std": 0.21704713031089368
        },
        "AOPC - sufficiency": {
            "mean": 0.34487269721456554,
            "std": 0.20415149360385487
        },
        "AOPC - comprehensiveness": {
            "mean": 0.060340931251071275,
            "std": 0.11997488225279597
        }
    },
    "deeplift": {
        "sufficiency": {
            "mean": 0.4854280544056562,
            "std": 0.41895197388167155
        },
        "comprehensiveness": {
            "mean": 0.06930139252732859,
            "std": 0.20801860493179916
        },
        "AOPC - sufficiency": {
            "mean": 0.3321355882406925,
            "std": 0.19935472251226616
        },
        "AOPC - comprehensiveness": {
            "mean": 0.05726326324483982,
            "std": 0.1158166106680609
        }
    },
    "ig": {
        "sufficiency": {
            "mean": 0.6241076752746499,
            "std": 0.41997683953711734
        },
        "comprehensiveness": {
            "mean": 0.14524174090139882,
            "std": 0.31483729644311126
        },
        "AOPC - sufficiency": {
            "mean": 0.4420126394591179,
            "std": 0.24364692902600713
        },
        "AOPC - comprehensiveness": {
            "mean": 0.13057337877346262,
            "std": 0.21100142369155347
        }
    },
    "random": {
        "sufficiency": {
            "mean": 0.5204832685102102,
            "std": 0.4271107719879464
        },
        "comprehensiveness": {
            "mean": 0.07938547660251534,
            "std": 0.22559568250547446
        },
        "AOPC - sufficiency": {
            "mean": 0.36429565713040113,
            "std": 0.21303980063591502
        },
        "AOPC - comprehensiveness": {
            "mean": 0.07654887754835811,
            "std": 0.13674978707203167
        }
    },
    "gradientshap": {
        "sufficiency": {
            "mean": 0.515537806528523,
            "std": 0.4238129361045327
        },
        "comprehensiveness": {
            "mean": 0.0818645088543296,
            "std": 0.2294479887552042
        },
        "AOPC - sufficiency": {
            "mean": 0.3604376686165239,
            "std": 0.21020050581849975
        },
        "AOPC - comprehensiveness": {
            "mean": 0.07151585597273681,
            "std": 0.13312658305312122
        }
    },
    "lime": {
        "sufficiency": {
            "mean": 0.49845774388398817,
            "std": 0.42516695575095687
        },
        "comprehensiveness": {
            "mean": 0.09001677504605173,
            "std": 0.24726847735199525
        },
        "AOPC - sufficiency": {
            "mean": 0.35769192934692934,
            "std": 0.221560777678764
        },
        "AOPC - comprehensiveness": {
            "mean": 0.08323550764037098,
            "std": 0.15598958659859496
        }
    },
    "scaled attention": {
        "sufficiency": {
            "mean": 0.6924725902695602,
            "std": 0.391649699073509
        },
        "comprehensiveness": {
            "mean": 0.1953949569890757,
            "std": 0.34805054237239363
        },
        "AOPC - sufficiency": {
            "mean": 0.4791606822938988,
            "std": 0.22528571296187172
        },
        "AOPC - comprehensiveness": {
            "mean": 0.16476279113672765,
            "std": 0.2315715707231052
        }
    }
}