{
    "attention": {
        "sufficiency": {
            "mean": 0.6611103392359232,
            "std": 0.4121659945630719
        },
        "comprehensiveness": {
            "mean": 0.15520035928622902,
            "std": 0.32268901960198765
        },
        "AOPC - sufficiency": {
            "mean": 0.4513192378504306,
            "std": 0.2250355556431273
        },
        "AOPC - comprehensiveness": {
            "mean": 0.11919890206266301,
            "std": 0.18942808820821527
        }
    },
    "gradients": {
        "sufficiency": {
            "mean": 0.6916925709104477,
            "std": 0.41005688733689577
        },
        "comprehensiveness": {
            "mean": 0.19925083527494816,
            "std": 0.36110863940425125
        },
        "AOPC - sufficiency": {
            "mean": 0.48673915487311736,
            "std": 0.2518510444179855
        },
        "AOPC - comprehensiveness": {
            "mean": 0.16101670445865413,
            "std": 0.2303276689829973
        }
    },
    "deepliftshap": {
        "sufficiency": {
            "mean": 0.5494934942546625,
            "std": 0.4329105723259931
        },
        "comprehensiveness": {
            "mean": 0.09254139350268631,
            "std": 0.24723479171248589
        },
        "AOPC - sufficiency": {
            "mean": 0.37496166705884354,
            "std": 0.22624251064331982
        },
        "AOPC - comprehensiveness": {
            "mean": 0.06829781949307753,
            "std": 0.13455185299902211
        }
    },
    "deeplift": {
        "sufficiency": {
            "mean": 0.5225209122311121,
            "std": 0.4300454982989052
        },
        "comprehensiveness": {
            "mean": 0.09327555031358145,
            "std": 0.24866591582171887
        },
        "AOPC - sufficiency": {
            "mean": 0.3566139247745487,
            "std": 0.2212437514977297
        },
        "AOPC - comprehensiveness": {
            "mean": 0.06561374236992319,
            "std": 0.13181002728926539
        }
    },
    "ig": {
        "sufficiency": {
            "mean": 0.6943190498384628,
            "std": 0.4077273633921163
        },
        "comprehensiveness": {
            "mean": 0.19280334680695738,
            "std": 0.3553226593827258
        },
        "AOPC - sufficiency": {
            "mean": 0.49857702919208163,
            "std": 0.25586469570279546
        },
        "AOPC - comprehensiveness": {
            "mean": 0.1571977612389229,
            "std": 0.2267713305818152
        }
    },
    "random": {
        "sufficiency": {
            "mean": 0.5689443987891664,
            "std": 0.4323992002786952
        },
        "comprehensiveness": {
            "mean": 0.10163122325249382,
            "std": 0.26141570368616895
        },
        "AOPC - sufficiency": {
            "mean": 0.3972550063987107,
            "std": 0.22913443679163142
        },
        "AOPC - comprehensiveness": {
            "mean": 0.08880273306689325,
            "std": 0.15343905907598557
        }
    },
    "gradientshap": {
        "sufficiency": {
            "mean": 0.5647131005340295,
            "std": 0.43042371562245474
        },
        "comprehensiveness": {
            "mean": 0.10288650056143046,
            "std": 0.262000261523079
        },
        "AOPC - sufficiency": {
            "mean": 0.39159332598343005,
            "std": 0.2273204541817286
        },
        "AOPC - comprehensiveness": {
            "mean": 0.08349679022550574,
            "std": 0.1495658287120685
        }
    },
    "lime": {
        "sufficiency": {
            "mean": 0.5497980669793857,
            "std": 0.43422098158488537
        },
        "comprehensiveness": {
            "mean": 0.11960779472252649,
            "std": 0.28534712648374
        },
        "AOPC - sufficiency": {
            "mean": 0.39462676103802197,
            "std": 0.2380607293805632
        },
        "AOPC - comprehensiveness": {
            "mean": 0.10172309824112054,
            "std": 0.174009768574546
        }
    },
    "scaled attention": {
        "sufficiency": {
            "mean": 0.7412431120224342,
            "std": 0.3765564182237476
        },
        "comprehensiveness": {
            "mean": 0.22247107387828657,
            "std": 0.3711401089053937
        },
        "AOPC - sufficiency": {
            "mean": 0.5260456318220762,
            "std": 0.23474862590989468
        },
        "AOPC - comprehensiveness": {
            "mean": 0.18728762846577723,
            "std": 0.2462861913869008
        }
    }
}