{
    "attention": {
        "sufficiency": {
            "mean": 0.6419095408110032,
            "std": 0.4185086423609779
        },
        "comprehensiveness": {
            "mean": 0.14271990809305926,
            "std": 0.31155039510238064
        },
        "AOPC - sufficiency": {
            "mean": 0.4405312360293822,
            "std": 0.2295978909614631
        },
        "AOPC - comprehensiveness": {
            "mean": 0.11192244037974297,
            "std": 0.18488500277925587
        }
    },
    "gradients": {
        "sufficiency": {
            "mean": 0.6664570916257188,
            "std": 0.4207974368397449
        },
        "comprehensiveness": {
            "mean": 0.17444806187917442,
            "std": 0.34001332168765497
        },
        "AOPC - sufficiency": {
            "mean": 0.4644244670818315,
            "std": 0.2562347350363889
        },
        "AOPC - comprehensiveness": {
            "mean": 0.14170805123074118,
            "std": 0.21013443864135636
        }
    },
    "deepliftshap": {
        "sufficiency": {
            "mean": 0.5492263508132714,
            "std": 0.4343476456083971
        },
        "comprehensiveness": {
            "mean": 0.09634070525872,
            "std": 0.24881097998530266
        },
        "AOPC - sufficiency": {
            "mean": 0.3707119928264745,
            "std": 0.22159096990472713
        },
        "AOPC - comprehensiveness": {
            "mean": 0.07059862672357474,
            "std": 0.13365897665445514
        }
    },
    "deeplift": {
        "sufficiency": {
            "mean": 0.5247627919289783,
            "std": 0.431576138253815
        },
        "comprehensiveness": {
            "mean": 0.09902900262132151,
            "std": 0.25326350527730246
        },
        "AOPC - sufficiency": {
            "mean": 0.3575568633501963,
            "std": 0.21825563163739745
        },
        "AOPC - comprehensiveness": {
            "mean": 0.06976347358873379,
            "std": 0.13364471155550112
        }
    },
    "ig": {
        "sufficiency": {
            "mean": 0.6719472153840544,
            "std": 0.41830470138151254
        },
        "comprehensiveness": {
            "mean": 0.17245670709722483,
            "std": 0.33718184454360584
        },
        "AOPC - sufficiency": {
            "mean": 0.4769288660654817,
            "std": 0.26050189760876274
        },
        "AOPC - comprehensiveness": {
            "mean": 0.13966250865244456,
            "std": 0.20773260428099502
        }
    },
    "random": {
        "sufficiency": {
            "mean": 0.5573181480284649,
            "std": 0.4361708023478364
        },
        "comprehensiveness": {
            "mean": 0.09794081775166145,
            "std": 0.25144749422642626
        },
        "AOPC - sufficiency": {
            "mean": 0.3872212909713006,
            "std": 0.23143213139180102
        },
        "AOPC - comprehensiveness": {
            "mean": 0.08570740076159125,
            "std": 0.1467529732307572
        }
    },
    "gradientshap": {
        "sufficiency": {
            "mean": 0.5501181017700868,
            "std": 0.4336330438952019
        },
        "comprehensiveness": {
            "mean": 0.10259014199941706,
            "std": 0.25879236225223173
        },
        "AOPC - sufficiency": {
            "mean": 0.3793949228309001,
            "std": 0.2254495886517914
        },
        "AOPC - comprehensiveness": {
            "mean": 0.08236787512230734,
            "std": 0.14663101171407217
        }
    },
    "lime": {
        "sufficiency": {
            "mean": 0.5213879696026981,
            "std": 0.4360221800905717
        },
        "comprehensiveness": {
            "mean": 0.10814525584581948,
            "std": 0.2678400642593525
        },
        "AOPC - sufficiency": {
            "mean": 0.37325135469013104,
            "std": 0.23780142422989603
        },
        "AOPC - comprehensiveness": {
            "mean": 0.09324195265917037,
            "std": 0.16270545450236756
        }
    },
    "scaled attention": {
        "sufficiency": {
            "mean": 0.7237051558212633,
            "std": 0.38815356530682354
        },
        "comprehensiveness": {
            "mean": 0.21638163707641542,
            "std": 0.367270741776491
        },
        "AOPC - sufficiency": {
            "mean": 0.5117574704359288,
            "std": 0.2379020157396338
        },
        "AOPC - comprehensiveness": {
            "mean": 0.18188649985058028,
            "std": 0.24201721704791831
        }
    }
}