{
    "deepliftshap": {
        "sufficiency": {
            "mean": 0.2453098681398976,
            "std": 0.3051741400591601
        },
        "comprehensiveness": {
            "mean": 0.13404060190015998,
            "std": 0.30615541821335274
        },
        "AOPC - sufficiency": {
            "mean": 0.24274981977054017,
            "std": 0.15368495920549946
        },
        "AOPC - comprehensiveness": {
            "mean": 0.1333999869519121,
            "std": 0.18694206946729625
        }
    },
    "gradientshap": {
        "sufficiency": {
            "mean": 0.22905659858441926,
            "std": 0.29706276800133175
        },
        "comprehensiveness": {
            "mean": 0.11454495497310457,
            "std": 0.2832991487675647
        },
        "AOPC - sufficiency": {
            "mean": 0.23244333744063364,
            "std": 0.15359251251217762
        },
        "AOPC - comprehensiveness": {
            "mean": 0.11540671608857808,
            "std": 0.16459753134877253
        }
    },
    "lime": {
        "sufficiency": {
            "mean": 0.2352406409456815,
            "std": 0.3094493056484682
        },
        "comprehensiveness": {
            "mean": 0.14594352541419303,
            "std": 0.32639294890633375
        },
        "AOPC - sufficiency": {
            "mean": 0.22445192517926318,
            "std": 0.16796582115479436
        },
        "AOPC - comprehensiveness": {
            "mean": 0.13178166232332325,
            "std": 0.20790502103846192
        }
    },
    "gradients": {
        "sufficiency": {
            "mean": 0.44214286359520033,
            "std": 0.401569501725661
        },
        "comprehensiveness": {
            "mean": 0.2565940318952761,
            "std": 0.3958848946113796
        },
        "AOPC - sufficiency": {
            "mean": 0.33497008151451174,
            "std": 0.18535771737076337
        },
        "AOPC - comprehensiveness": {
            "mean": 0.21895690683285188,
            "std": 0.2411877100485257
        }
    },
    "ig": {
        "sufficiency": {
            "mean": 0.4341934449540164,
            "std": 0.39644621932507773
        },
        "comprehensiveness": {
            "mean": 0.26301262566504413,
            "std": 0.3978328656020568
        },
        "AOPC - sufficiency": {
            "mean": 0.3339688041929998,
            "std": 0.18818344934948814
        },
        "AOPC - comprehensiveness": {
            "mean": 0.21641859213054654,
            "std": 0.23667508906470908
        }
    },
    "attention": {
        "sufficiency": {
            "mean": 0.47003960315755755,
            "std": 0.38567737375773237
        },
        "comprehensiveness": {
            "mean": 0.2868087338346232,
            "std": 0.4065296904191592
        },
        "AOPC - sufficiency": {
            "mean": 0.3365462072708412,
            "std": 0.16435435506896193
        },
        "AOPC - comprehensiveness": {
            "mean": 0.24679823599910597,
            "std": 0.2183773507379695
        }
    },
    "random": {
        "sufficiency": {
            "mean": 0.24011585771728847,
            "std": 0.3055440093480732
        },
        "comprehensiveness": {
            "mean": 0.10838680161625845,
            "std": 0.2731733179997363
        },
        "AOPC - sufficiency": {
            "mean": 0.23771732300568513,
            "std": 0.15951380199651918
        },
        "AOPC - comprehensiveness": {
            "mean": 0.11130939244843588,
            "std": 0.1612858542449017
        }
    },
    "deeplift": {
        "sufficiency": {
            "mean": 0.258921564734059,
            "std": 0.31858171641831645
        },
        "comprehensiveness": {
            "mean": 0.1844224021659076,
            "std": 0.3567695225352121
        },
        "AOPC - sufficiency": {
            "mean": 0.24273240242663938,
            "std": 0.1685720633011287
        },
        "AOPC - comprehensiveness": {
            "mean": 0.16684360716265145,
            "std": 0.22469582974842564
        }
    },
    "scaled attention": {
        "sufficiency": {
            "mean": 0.5289428019490258,
            "std": 0.40255245251064276
        },
        "comprehensiveness": {
            "mean": 0.32916107306255094,
            "std": 0.4199163324538063
        },
        "AOPC - sufficiency": {
            "mean": 0.3651778856591239,
            "std": 0.21397481474036664
        },
        "AOPC - comprehensiveness": {
            "mean": 0.2598719847643654,
            "std": 0.2666703091006294
        }
    }
}