{
    "deepliftshap": {
        "sufficiency": {
            "mean": 0.41336435243003394,
            "std": 0.4266907879579058
        },
        "comprehensiveness": {
            "mean": 0.1687858618048835,
            "std": 0.3283061211174147
        },
        "AOPC - sufficiency": {
            "mean": 0.3204285681031134,
            "std": 0.2329799666740614
        },
        "AOPC - comprehensiveness": {
            "mean": 0.13946501066807596,
            "std": 0.1830642323019103
        }
    },
    "gradientshap": {
        "sufficiency": {
            "mean": 0.36748208548021577,
            "std": 0.41243045938950507
        },
        "comprehensiveness": {
            "mean": 0.15740211566482099,
            "std": 0.3215831969179757
        },
        "AOPC - sufficiency": {
            "mean": 0.3032307235718338,
            "std": 0.2354351538627298
        },
        "AOPC - comprehensiveness": {
            "mean": 0.13087868180008516,
            "std": 0.186302714725721
        }
    },
    "lime": {
        "sufficiency": {
            "mean": 0.38941345812845374,
            "std": 0.4134993559099873
        },
        "comprehensiveness": {
            "mean": 0.17483917328650464,
            "std": 0.34629208015344887
        },
        "AOPC - sufficiency": {
            "mean": 0.3021864910379335,
            "std": 0.2303559132673032
        },
        "AOPC - comprehensiveness": {
            "mean": 0.1439083288396544,
            "std": 0.21911754316778959
        }
    },
    "gradients": {
        "sufficiency": {
            "mean": 0.5156876370640183,
            "std": 0.428142741158982
        },
        "comprehensiveness": {
            "mean": 0.25506945246542273,
            "std": 0.3912553926071743
        },
        "AOPC - sufficiency": {
            "mean": 0.3800617366217126,
            "std": 0.2363553073975681
        },
        "AOPC - comprehensiveness": {
            "mean": 0.20638551600154287,
            "std": 0.22871666275511493
        }
    },
    "ig": {
        "sufficiency": {
            "mean": 0.5061486158594684,
            "std": 0.4298497742357429
        },
        "comprehensiveness": {
            "mean": 0.26011417991267843,
            "std": 0.39089965306509006
        },
        "AOPC - sufficiency": {
            "mean": 0.3803254164729429,
            "std": 0.24340472335051813
        },
        "AOPC - comprehensiveness": {
            "mean": 0.2059306485647387,
            "std": 0.2267499193869042
        }
    },
    "attention": {
        "sufficiency": {
            "mean": 0.5381855741686804,
            "std": 0.4236942423982265
        },
        "comprehensiveness": {
            "mean": 0.2971998532603101,
            "std": 0.4154286578649647
        },
        "AOPC - sufficiency": {
            "mean": 0.3771864642256809,
            "std": 0.2278619880660986
        },
        "AOPC - comprehensiveness": {
            "mean": 0.2283459650180592,
            "std": 0.20620637776665235
        }
    },
    "random": {
        "sufficiency": {
            "mean": 0.36914145579992347,
            "std": 0.41335319629948863
        },
        "comprehensiveness": {
            "mean": 0.1554991789711783,
            "std": 0.31916836741754623
        },
        "AOPC - sufficiency": {
            "mean": 0.30716445799943637,
            "std": 0.23812417451014276
        },
        "AOPC - comprehensiveness": {
            "mean": 0.13113552458306468,
            "std": 0.19121197611197302
        }
    },
    "deeplift": {
        "sufficiency": {
            "mean": 0.4745337521816515,
            "std": 0.4382350993883321
        },
        "comprehensiveness": {
            "mean": 0.19978541073842984,
            "std": 0.34859582824966384
        },
        "AOPC - sufficiency": {
            "mean": 0.3496463719489879,
            "std": 0.2441184643993849
        },
        "AOPC - comprehensiveness": {
            "mean": 0.171792090403304,
            "std": 0.18700543216570034
        }
    },
    "scaled attention": {
        "sufficiency": {
            "mean": 0.683427294059091,
            "std": 0.3861820915194849
        },
        "comprehensiveness": {
            "mean": 0.44486060345650574,
            "std": 0.437022866113773
        },
        "AOPC - sufficiency": {
            "mean": 0.4698713847192854,
            "std": 0.2283467935915955
        },
        "AOPC - comprehensiveness": {
            "mean": 0.32613725447466063,
            "std": 0.2528089223728802
        }
    }
}