{
    "gradients": {
        "sufficiency": {
            "mean": 0.5462289809799189,
            "std": 0.0
        },
        "comprehensiveness": {
            "mean": 0.21794036506429554,
            "std": 0.0
        },
        "AOPC - sufficiency": {
            "mean": 0.4904345947212006,
            "std": 0.0
        },
        "AOPC - comprehensiveness": {
            "mean": 0.13790823529250626,
            "std": 0.0
        }
    },
    "lime": {
        "sufficiency": {
            "mean": 0.7702007042123072,
            "std": 0.0
        },
        "comprehensiveness": {
            "mean": 0.1555517187648124,
            "std": 0.0
        },
        "AOPC - sufficiency": {
            "mean": 0.5091216798063453,
            "std": 0.0
        },
        "AOPC - comprehensiveness": {
            "mean": 0.12496944935048244,
            "std": 0.0
        }
    },
    "scaled attention": {
        "sufficiency": {
            "mean": 0.6403331718292629,
            "std": 0.0
        },
        "comprehensiveness": {
            "mean": 0.13085425370541695,
            "std": 0.0
        },
        "AOPC - sufficiency": {
            "mean": 0.5933953598594703,
            "std": 0.0
        },
        "AOPC - comprehensiveness": {
            "mean": 0.14891517750764427,
            "std": 0.0
        }
    },
    "ig": {
        "sufficiency": {
            "mean": 0.6265913573323034,
            "std": 0.0
        },
        "comprehensiveness": {
            "mean": 0.028663608537894604,
            "std": 0.0
        },
        "AOPC - sufficiency": {
            "mean": 0.44351679885024814,
            "std": 0.0
        },
        "AOPC - comprehensiveness": {
            "mean": 0.08763328739483986,
            "std": 0.0
        }
    },
    "random": {
        "sufficiency": {
            "mean": 0.6597680910822157,
            "std": 0.0
        },
        "comprehensiveness": {
            "mean": 0.13393456326682687,
            "std": 0.0
        },
        "AOPC - sufficiency": {
            "mean": 0.4816102308147789,
            "std": 0.0
        },
        "AOPC - comprehensiveness": {
            "mean": 0.07393963396177547,
            "std": 0.0
        }
    },
    "deeplift": {
        "sufficiency": {
            "mean": 0.22581515292516097,
            "std": 0.0
        },
        "comprehensiveness": {
            "mean": 0.0,
            "std": 0.0
        },
        "AOPC - sufficiency": {
            "mean": 0.33018874592605396,
            "std": 0.0
        },
        "AOPC - comprehensiveness": {
            "mean": 0.06756175758582894,
            "std": 0.0
        }
    },
    "attention": {
        "sufficiency": {
            "mean": 0.45412657331071515,
            "std": 0.0
        },
        "comprehensiveness": {
            "mean": 0.0,
            "std": 0.0
        },
        "AOPC - sufficiency": {
            "mean": 0.453428834132881,
            "std": 0.0
        },
        "AOPC - comprehensiveness": {
            "mean": 0.0685839627612134,
            "std": 0.0
        }
    }
}