{
    "gradients": {
        "sufficiency": {
            "mean": 0.330499730668889,
            "std": 0.4387808831138925
        },
        "comprehensiveness": {
            "mean": 0.6566068736455778,
            "std": 0.45048574645274697
        },
        "AOPC - sufficiency": {
            "mean": 0.27579926306263763,
            "std": 0.3024510653436944
        },
        "AOPC - comprehensiveness": {
            "mean": 0.5357442741094616,
            "std": 0.2999776169443158
        }
    },
    "scaled attention": {
        "sufficiency": {
            "mean": 0.5316056990319659,
            "std": 0.4387340699263246
        },
        "comprehensiveness": {
            "mean": 0.8507852634660087,
            "std": 0.3223730993950602
        },
        "AOPC - sufficiency": {
            "mean": 0.41519479371762524,
            "std": 0.29851912542561004
        },
        "AOPC - comprehensiveness": {
            "mean": 0.6881798921561463,
            "std": 0.21147358034055658
        }
    },
    "random": {
        "sufficiency": {
            "mean": 0.22075107799287752,
            "std": 0.392403228367042
        },
        "comprehensiveness": {
            "mean": 0.3978986569264048,
            "std": 0.44027071857796685
        },
        "AOPC - sufficiency": {
            "mean": 0.1975983847211024,
            "std": 0.2746603786469244
        },
        "AOPC - comprehensiveness": {
            "mean": 0.3338054776921879,
            "std": 0.28967963419220516
        }
    },
    "deeplift": {
        "sufficiency": {
            "mean": 0.37046793840530434,
            "std": 0.4500195691129505
        },
        "comprehensiveness": {
            "mean": 0.5503131607831087,
            "std": 0.4426109846433586
        },
        "AOPC - sufficiency": {
            "mean": 0.3160136183501448,
            "std": 0.30310635483514137
        },
        "AOPC - comprehensiveness": {
            "mean": 0.4485181002524836,
            "std": 0.28893251737463144
        }
    },
    "lime": {
        "sufficiency": {
            "mean": 0.12530554889659157,
            "std": 0.31045652850225747
        },
        "comprehensiveness": {
            "mean": 0.21617274704885986,
            "std": 0.3541416899028421
        },
        "AOPC - sufficiency": {
            "mean": 0.1189727040878696,
            "std": 0.21152365854698738
        },
        "AOPC - comprehensiveness": {
            "mean": 0.1899004127669712,
            "std": 0.231646381964236
        }
    },
    "attention": {
        "sufficiency": {
            "mean": 0.604493638751758,
            "std": 0.4112535442318643
        },
        "comprehensiveness": {
            "mean": 0.7140099447517934,
            "std": 0.40304353208847354
        },
        "AOPC - sufficiency": {
            "mean": 0.46796497040811896,
            "std": 0.27588866403090584
        },
        "AOPC - comprehensiveness": {
            "mean": 0.5763213507872395,
            "std": 0.2699406331998096
        }
    }
}