{
    "gradientshap": {
        "sufficiency": {
            "mean": 0.22445541795724375,
            "std": 0.40351178362368145
        },
        "comprehensiveness": {
            "mean": 0.5201435768984721,
            "std": 0.47140197629017744
        },
        "AOPC - sufficiency": {
            "mean": 0.2124704444774674,
            "std": 0.2901234514153212
        },
        "AOPC - comprehensiveness": {
            "mean": 0.4307292975486178,
            "std": 0.30049973004154323
        }
    },
    "random": {
        "sufficiency": {
            "mean": 0.21950088422132752,
            "std": 0.3968487370608997
        },
        "comprehensiveness": {
            "mean": 0.4752145019088115,
            "std": 0.46169830394857186
        },
        "AOPC - sufficiency": {
            "mean": 0.2016456201980153,
            "std": 0.29014861324943697
        },
        "AOPC - comprehensiveness": {
            "mean": 0.39431620175856763,
            "std": 0.30198934478260064
        }
    },
    "lime": {
        "sufficiency": {
            "mean": 0.11026484100483415,
            "std": 0.30353298485021973
        },
        "comprehensiveness": {
            "mean": 0.26534188435960854,
            "std": 0.3955828769662771
        },
        "AOPC - sufficiency": {
            "mean": 0.10539414526534618,
            "std": 0.22504398363387879
        },
        "AOPC - comprehensiveness": {
            "mean": 0.23349586981189965,
            "std": 0.26126913291597015
        }
    },
    "deepliftshap": {
        "sufficiency": {
            "mean": 0.30156504133228007,
            "std": 0.4381894654419501
        },
        "comprehensiveness": {
            "mean": 0.5202644428102681,
            "std": 0.4509495290477385
        },
        "AOPC - sufficiency": {
            "mean": 0.29059802515641475,
            "std": 0.3060206588883181
        },
        "AOPC - comprehensiveness": {
            "mean": 0.4372657759009125,
            "std": 0.2837063277425939
        }
    },
    "deeplift": {
        "sufficiency": {
            "mean": 0.3802391330432189,
            "std": 0.45828619696394024
        },
        "comprehensiveness": {
            "mean": 0.5928254222791917,
            "std": 0.43773360672852724
        },
        "AOPC - sufficiency": {
            "mean": 0.3500316596404362,
            "std": 0.30520043215638093
        },
        "AOPC - comprehensiveness": {
            "mean": 0.4843042883274185,
            "std": 0.2714792378051528
        }
    },
    "gradients": {
        "sufficiency": {
            "mean": 0.43658713002510724,
            "std": 0.4458149428378958
        },
        "comprehensiveness": {
            "mean": 0.6614284415551109,
            "std": 0.4368515630246831
        },
        "AOPC - sufficiency": {
            "mean": 0.37399768679831313,
            "std": 0.3023317446923304
        },
        "AOPC - comprehensiveness": {
            "mean": 0.5254903065212341,
            "std": 0.2870917124890971
        }
    },
    "ig": {
        "sufficiency": {
            "mean": 0.45345087911096893,
            "std": 0.4440682459193424
        },
        "comprehensiveness": {
            "mean": 0.6577840816678059,
            "std": 0.4332904263183336
        },
        "AOPC - sufficiency": {
            "mean": 0.3859037051029662,
            "std": 0.3016329926244705
        },
        "AOPC - comprehensiveness": {
            "mean": 0.520907328224411,
            "std": 0.28651621084052076
        }
    },
    "scaled attention": {
        "sufficiency": {
            "mean": 0.6944318860441587,
            "std": 0.3757649766899058
        },
        "comprehensiveness": {
            "mean": 0.852494816489635,
            "std": 0.3140003423287495
        },
        "AOPC - sufficiency": {
            "mean": 0.5348965019630715,
            "std": 0.25904569667625665
        },
        "AOPC - comprehensiveness": {
            "mean": 0.6585361883600044,
            "std": 0.2241813301571328
        }
    },
    "attention": {
        "sufficiency": {
            "mean": 0.6587495597502785,
            "std": 0.3914305089385589
        },
        "comprehensiveness": {
            "mean": 0.801329791367896,
            "std": 0.3559559325681118
        },
        "AOPC - sufficiency": {
            "mean": 0.5134032972166509,
            "std": 0.2704634670748677
        },
        "AOPC - comprehensiveness": {
            "mean": 0.6084285396657227,
            "std": 0.24824653499709873
        }
    }
}