{
    "lime": {
        "sufficiency": {
            "mean": 0.08751220341896229,
            "std": 0.2769520487484129
        },
        "comprehensiveness": {
            "mean": 0.3871439622748395,
            "std": 0.44715548887431983
        },
        "AOPC - sufficiency": {
            "mean": 0.08317582220858709,
            "std": 0.2052232056704603
        },
        "AOPC - comprehensiveness": {
            "mean": 0.3358102409936983,
            "std": 0.2829758778480397
        }
    },
    "attention": {
        "sufficiency": {
            "mean": 0.44477435869038784,
            "std": 0.44706754997226655
        },
        "comprehensiveness": {
            "mean": 0.8910520488240911,
            "std": 0.2969343450156257
        },
        "AOPC - sufficiency": {
            "mean": 0.3455139269291357,
            "std": 0.29586427508159996
        },
        "AOPC - comprehensiveness": {
            "mean": 0.6722011580092916,
            "std": 0.20756205930965882
        }
    },
    "random": {
        "sufficiency": {
            "mean": 0.1733249193158321,
            "std": 0.3629314183061028
        },
        "comprehensiveness": {
            "mean": 0.4728405954192982,
            "std": 0.44278854974966964
        },
        "AOPC - sufficiency": {
            "mean": 0.16277120153448804,
            "std": 0.2650923469430893
        },
        "AOPC - comprehensiveness": {
            "mean": 0.37774468970635583,
            "std": 0.2671447458694448
        }
    },
    "gradients": {
        "sufficiency": {
            "mean": 0.2835242123115587,
            "std": 0.41424215324434405
        },
        "comprehensiveness": {
            "mean": 0.6460376759541705,
            "std": 0.43654963466620617
        },
        "AOPC - sufficiency": {
            "mean": 0.2499804529320156,
            "std": 0.2831739306124173
        },
        "AOPC - comprehensiveness": {
            "mean": 0.4939898697542701,
            "std": 0.27388376478922655
        }
    },
    "scaled attention": {
        "sufficiency": {
            "mean": 0.6271461232277925,
            "std": 0.3970488205490805
        },
        "comprehensiveness": {
            "mean": 0.9094853460319184,
            "std": 0.25775199115766495
        },
        "AOPC - sufficiency": {
            "mean": 0.45592744300113786,
            "std": 0.2666686499100214
        },
        "AOPC - comprehensiveness": {
            "mean": 0.6924212113444185,
            "std": 0.18583279118395876
        }
    },
    "deeplift": {
        "sufficiency": {
            "mean": 0.3111528551824317,
            "std": 0.4325423750161285
        },
        "comprehensiveness": {
            "mean": 0.5883613751734658,
            "std": 0.420594254672736
        },
        "AOPC - sufficiency": {
            "mean": 0.2920773913980077,
            "std": 0.2891836982672489
        },
        "AOPC - comprehensiveness": {
            "mean": 0.4610362395142515,
            "std": 0.24312058654521476
        }
    }
}