{
    "gradientshap": {
        "sufficiency": {
            "mean": 0.1744129985887659,
            "std": 0.36778726872106837
        },
        "comprehensiveness": {
            "mean": 0.5870018412107296,
            "std": 0.45590714734949905
        },
        "AOPC - sufficiency": {
            "mean": 0.1669522306431905,
            "std": 0.2683625406075556
        },
        "AOPC - comprehensiveness": {
            "mean": 0.4662454716905092,
            "std": 0.2762353378931658
        }
    },
    "random": {
        "sufficiency": {
            "mean": 0.16652753978784662,
            "std": 0.3592701833835427
        },
        "comprehensiveness": {
            "mean": 0.5175055416913935,
            "std": 0.45125258470097473
        },
        "AOPC - sufficiency": {
            "mean": 0.15646178811619685,
            "std": 0.2641322391011334
        },
        "AOPC - comprehensiveness": {
            "mean": 0.41285598247551725,
            "std": 0.2745108516579303
        }
    },
    "lime": {
        "sufficiency": {
            "mean": 0.09227301797104916,
            "std": 0.2799852916405232
        },
        "comprehensiveness": {
            "mean": 0.3049858643068308,
            "std": 0.402277617764633
        },
        "AOPC - sufficiency": {
            "mean": 0.09038518641539715,
            "std": 0.2073840655347113
        },
        "AOPC - comprehensiveness": {
            "mean": 0.26068419622180306,
            "std": 0.2440032494886654
        }
    },
    "deepliftshap": {
        "sufficiency": {
            "mean": 0.23547967165375777,
            "std": 0.4051006766448655
        },
        "comprehensiveness": {
            "mean": 0.5323226863063601,
            "std": 0.4350419118696314
        },
        "AOPC - sufficiency": {
            "mean": 0.22685368594661515,
            "std": 0.2879007922467314
        },
        "AOPC - comprehensiveness": {
            "mean": 0.42563047227424894,
            "std": 0.25465919476379323
        }
    },
    "deeplift": {
        "sufficiency": {
            "mean": 0.3007211224059045,
            "std": 0.4314146591649839
        },
        "comprehensiveness": {
            "mean": 0.6122730358534625,
            "std": 0.4193985571459535
        },
        "AOPC - sufficiency": {
            "mean": 0.28362713581258,
            "std": 0.290928394317161
        },
        "AOPC - comprehensiveness": {
            "mean": 0.47783310350422087,
            "std": 0.24355741497933792
        }
    },
    "gradients": {
        "sufficiency": {
            "mean": 0.34422655380309586,
            "std": 0.42397254417373814
        },
        "comprehensiveness": {
            "mean": 0.6500620515974918,
            "std": 0.4266758913202002
        },
        "AOPC - sufficiency": {
            "mean": 0.2958145523839261,
            "std": 0.2826156161799577
        },
        "AOPC - comprehensiveness": {
            "mean": 0.5003530535787397,
            "std": 0.2677846721686631
        }
    },
    "ig": {
        "sufficiency": {
            "mean": 0.3581415385794645,
            "std": 0.4232894114533616
        },
        "comprehensiveness": {
            "mean": 0.6354306042672498,
            "std": 0.42487827464763955
        },
        "AOPC - sufficiency": {
            "mean": 0.3064998771670109,
            "std": 0.2832969335550879
        },
        "AOPC - comprehensiveness": {
            "mean": 0.48967055401811777,
            "std": 0.2684702989557331
        }
    },
    "scaled attention": {
        "sufficiency": {
            "mean": 0.6954867726832815,
            "std": 0.3602172678217411
        },
        "comprehensiveness": {
            "mean": 0.881630595898464,
            "std": 0.27594306659151085
        },
        "AOPC - sufficiency": {
            "mean": 0.4996117018105234,
            "std": 0.24825744525636914
        },
        "AOPC - comprehensiveness": {
            "mean": 0.6626516165302103,
            "std": 0.19595366986655655
        }
    },
    "attention": {
        "sufficiency": {
            "mean": 0.6359005291971492,
            "std": 0.3819054768537709
        },
        "comprehensiveness": {
            "mean": 0.8247938146297907,
            "std": 0.32946742309597576
        },
        "AOPC - sufficiency": {
            "mean": 0.46505443981278627,
            "std": 0.25557980425393856
        },
        "AOPC - comprehensiveness": {
            "mean": 0.5995913357150541,
            "std": 0.22062290653935834
        }
    }
}