{
    "scaled attention": {
        "sufficiency": {
            "mean": 0.6095411964756342,
            "std": 0.4444799569500308
        },
        "comprehensiveness": {
            "mean": 0.3684738841709063,
            "std": 0.4380371278180855
        },
        "AOPC - sufficiency": {
            "mean": 0.4784955053321378,
            "std": 0.32569020793083
        },
        "AOPC - comprehensiveness": {
            "mean": 0.2910132404162868,
            "std": 0.2518347890364156
        }
    },
    "lime": {
        "sufficiency": {
            "mean": 0.5803560165209675,
            "std": 0.44671419640543125
        },
        "comprehensiveness": {
            "mean": 0.2885190676931607,
            "std": 0.4036654701047727
        },
        "AOPC - sufficiency": {
            "mean": 0.4677558985680756,
            "std": 0.31903212030950906
        },
        "AOPC - comprehensiveness": {
            "mean": 0.21202511942082342,
            "std": 0.2138363119649895
        }
    },
    "attention": {
        "sufficiency": {
            "mean": 0.5598975297690127,
            "std": 0.4552619593462898
        },
        "comprehensiveness": {
            "mean": 0.3022580109931063,
            "std": 0.4173805996783287
        },
        "AOPC - sufficiency": {
            "mean": 0.45839921778607623,
            "std": 0.3222354565701195
        },
        "AOPC - comprehensiveness": {
            "mean": 0.1971900279094875,
            "std": 0.21853474836249417
        }
    },
    "random": {
        "sufficiency": {
            "mean": 0.6253303211151289,
            "std": 0.4320363911011587
        },
        "comprehensiveness": {
            "mean": 0.23739687825063072,
            "std": 0.3607414321049875
        },
        "AOPC - sufficiency": {
            "mean": 0.5026563066590911,
            "std": 0.3126323842103076
        },
        "AOPC - comprehensiveness": {
            "mean": 0.19325439538525777,
            "std": 0.1924753733306558
        }
    },
    "gradients": {
        "sufficiency": {
            "mean": 0.667058975974305,
            "std": 0.42378810568155517
        },
        "comprehensiveness": {
            "mean": 0.29014545041529766,
            "std": 0.38649252138340157
        },
        "AOPC - sufficiency": {
            "mean": 0.5355568132658334,
            "std": 0.3209047364475978
        },
        "AOPC - comprehensiveness": {
            "mean": 0.23888713560015473,
            "std": 0.22709589901779478
        }
    },
    "deeplift": {
        "sufficiency": {
            "mean": 0.6376652325182897,
            "std": 0.4214455060074824
        },
        "comprehensiveness": {
            "mean": 0.26615079960242305,
            "std": 0.3916731663437599
        },
        "AOPC - sufficiency": {
            "mean": 0.5111611854076454,
            "std": 0.3094945377310177
        },
        "AOPC - comprehensiveness": {
            "mean": 0.19986456150934193,
            "std": 0.22198107709342438
        }
    }
}