{
    "deeplift": {
        "sufficiency": {
            "mean": 0.6513527678036658,
            "std": 0.44514619499679
        },
        "comprehensiveness": {
            "mean": 0.15683718557729795,
            "std": 0.3079186383136695
        },
        "AOPC - sufficiency": {
            "mean": 0.5299035658434166,
            "std": 0.31833348901274394
        },
        "AOPC - comprehensiveness": {
            "mean": 0.13655026771152481,
            "std": 0.17015495409565745
        }
    },
    "attention": {
        "sufficiency": {
            "mean": 0.6019355608738827,
            "std": 0.46026697127817684
        },
        "comprehensiveness": {
            "mean": 0.1924604802538687,
            "std": 0.3555225750689722
        },
        "AOPC - sufficiency": {
            "mean": 0.5142171444556508,
            "std": 0.31548949184925884
        },
        "AOPC - comprehensiveness": {
            "mean": 0.12554665682505858,
            "std": 0.17772545718708788
        }
    },
    "random": {
        "sufficiency": {
            "mean": 0.6538126005436952,
            "std": 0.4431473488077862
        },
        "comprehensiveness": {
            "mean": 0.18220267747764263,
            "std": 0.32521042368185404
        },
        "AOPC - sufficiency": {
            "mean": 0.5330924339601153,
            "std": 0.30884175636328703
        },
        "AOPC - comprehensiveness": {
            "mean": 0.15406963284178257,
            "std": 0.18697709587278966
        }
    },
    "scaled attention": {
        "sufficiency": {
            "mean": 0.6940754079521806,
            "std": 0.42497498502914793
        },
        "comprehensiveness": {
            "mean": 0.27947997205776764,
            "std": 0.39836735300305604
        },
        "AOPC - sufficiency": {
            "mean": 0.5649392345472427,
            "std": 0.3095955940692095
        },
        "AOPC - comprehensiveness": {
            "mean": 0.20995092953476177,
            "std": 0.21504889037447827
        }
    },
    "lime": {
        "sufficiency": {
            "mean": 0.657483391597441,
            "std": 0.44562410133885244
        },
        "comprehensiveness": {
            "mean": 0.18035086224702288,
            "std": 0.3305300323354846
        },
        "AOPC - sufficiency": {
            "mean": 0.5449256162448688,
            "std": 0.31085968091558297
        },
        "AOPC - comprehensiveness": {
            "mean": 0.135510613746518,
            "std": 0.1694202372597026
        }
    },
    "gradients": {
        "sufficiency": {
            "mean": 0.6628305257042506,
            "std": 0.4436798817807235
        },
        "comprehensiveness": {
            "mean": 0.1941175186737208,
            "std": 0.3333326478474118
        },
        "AOPC - sufficiency": {
            "mean": 0.5492787780904379,
            "std": 0.31706677456187826
        },
        "AOPC - comprehensiveness": {
            "mean": 0.15511169174468323,
            "std": 0.19969848383579356
        }
    }
}