{
    "random": {
        "sufficiency": {
            "mean": 0.4610726057613533,
            "std": 0.47712324553755664
        },
        "comprehensiveness": {
            "mean": 0.26232121027112076,
            "std": 0.38594527990868294
        },
        "AOPC - sufficiency": {
            "mean": 0.39888673648619455,
            "std": 0.3371816086197541
        },
        "AOPC - comprehensiveness": {
            "mean": 0.21525727277202109,
            "std": 0.19876513196783238
        }
    },
    "deeplift": {
        "sufficiency": {
            "mean": 0.47558044671302807,
            "std": 0.47523324640724934
        },
        "comprehensiveness": {
            "mean": 0.2388933589759246,
            "std": 0.3650231628706916
        },
        "AOPC - sufficiency": {
            "mean": 0.40200802986135675,
            "std": 0.33648810464532397
        },
        "AOPC - comprehensiveness": {
            "mean": 0.19143880122004178,
            "std": 0.18261165143795816
        }
    },
    "gradients": {
        "sufficiency": {
            "mean": 0.49922809262289014,
            "std": 0.47064653475335955
        },
        "comprehensiveness": {
            "mean": 0.27590464011825766,
            "std": 0.3920540828493842
        },
        "AOPC - sufficiency": {
            "mean": 0.4185969198317681,
            "std": 0.3321478835179685
        },
        "AOPC - comprehensiveness": {
            "mean": 0.2286216940236635,
            "std": 0.22862291541198215
        }
    },
    "lime": {
        "sufficiency": {
            "mean": 0.49599089393214735,
            "std": 0.46193237668423676
        },
        "comprehensiveness": {
            "mean": 0.24786241843617918,
            "std": 0.3548626025061928
        },
        "AOPC - sufficiency": {
            "mean": 0.42636203511734716,
            "std": 0.32010008411112606
        },
        "AOPC - comprehensiveness": {
            "mean": 0.19482792344650945,
            "std": 0.19290843044736342
        }
    },
    "scaled attention": {
        "sufficiency": {
            "mean": 0.5890907059258382,
            "std": 0.4259563102596637
        },
        "comprehensiveness": {
            "mean": 0.44478431702164883,
            "std": 0.42524879292867757
        },
        "AOPC - sufficiency": {
            "mean": 0.4794338509592253,
            "std": 0.29352103491848136
        },
        "AOPC - comprehensiveness": {
            "mean": 0.3320665362150829,
            "std": 0.2345310479203524
        }
    },
    "attention": {
        "sufficiency": {
            "mean": 0.5203719921209043,
            "std": 0.4453245350192075
        },
        "comprehensiveness": {
            "mean": 0.29848957926634934,
            "std": 0.38847969713642183
        },
        "AOPC - sufficiency": {
            "mean": 0.4373157824651869,
            "std": 0.30405464610398236
        },
        "AOPC - comprehensiveness": {
            "mean": 0.21978310472561804,
            "std": 0.21610297956041893
        }
    }
}