{
    "attention": {
        "sufficiency": {
            "mean": 0.5968275791551579,
            "std": 0.4635058442816301
        },
        "comprehensiveness": {
            "mean": 0.19538426346136856,
            "std": 0.35831259535032317
        },
        "AOPC - sufficiency": {
            "mean": 0.5097871082962774,
            "std": 0.3171681271618834
        },
        "AOPC - comprehensiveness": {
            "mean": 0.1275829880198163,
            "std": 0.17853357748465032
        }
    },
    "deeplift": {
        "sufficiency": {
            "mean": 0.6548838474285651,
            "std": 0.4433501616059379
        },
        "comprehensiveness": {
            "mean": 0.15299504333331454,
            "std": 0.30520495014738036
        },
        "AOPC - sufficiency": {
            "mean": 0.5336949019312319,
            "std": 0.31701515607575476
        },
        "AOPC - comprehensiveness": {
            "mean": 0.1318015592130962,
            "std": 0.1682393781446269
        }
    },
    "gradients": {
        "sufficiency": {
            "mean": 0.6504509745397191,
            "std": 0.4529807864266922
        },
        "comprehensiveness": {
            "mean": 0.20456656103664408,
            "std": 0.33976697051804416
        },
        "AOPC - sufficiency": {
            "mean": 0.538663784221169,
            "std": 0.3227683461754115
        },
        "AOPC - comprehensiveness": {
            "mean": 0.16576050437018464,
            "std": 0.20559771208268876
        }
    },
    "lime": {
        "sufficiency": {
            "mean": 0.6536182831359627,
            "std": 0.447844958918319
        },
        "comprehensiveness": {
            "mean": 0.1830667300953115,
            "std": 0.33360388168715943
        },
        "AOPC - sufficiency": {
            "mean": 0.5414353201298499,
            "std": 0.31232500192758206
        },
        "AOPC - comprehensiveness": {
            "mean": 0.13806916011053494,
            "std": 0.17001850330896842
        }
    },
    "scaled attention": {
        "sufficiency": {
            "mean": 0.6972247223397243,
            "std": 0.42335049292774307
        },
        "comprehensiveness": {
            "mean": 0.2745825261646992,
            "std": 0.3962092980849964
        },
        "AOPC - sufficiency": {
            "mean": 0.5681170354195734,
            "std": 0.30837160086576065
        },
        "AOPC - comprehensiveness": {
            "mean": 0.2058463845291989,
            "std": 0.21382167362080018
        }
    },
    "random": {
        "sufficiency": {
            "mean": 0.669020401051524,
            "std": 0.43463232598491913
        },
        "comprehensiveness": {
            "mean": 0.17062194397153196,
            "std": 0.31456274538714385
        },
        "AOPC - sufficiency": {
            "mean": 0.5454800034708703,
            "std": 0.30598368854709146
        },
        "AOPC - comprehensiveness": {
            "mean": 0.14517395958309243,
            "std": 0.18280496138451496
        }
    }
}