{
    "scaled attention": {
        "sufficiency": {
            "mean": 0.7248148362464599,
            "std": 0.4161248636979692
        },
        "comprehensiveness": {
            "mean": 0.2561082079479417,
            "std": 0.39974736452406007
        },
        "AOPC - sufficiency": {
            "mean": 0.5756361413068708,
            "std": 0.31796483183868884
        },
        "AOPC - comprehensiveness": {
            "mean": 0.2161054006366739,
            "std": 0.2291248034750426
        }
    },
    "lime": {
        "sufficiency": {
            "mean": 0.6967796177870329,
            "std": 0.4143242089706791
        },
        "comprehensiveness": {
            "mean": 0.17667296127810062,
            "std": 0.3402281992297241
        },
        "AOPC - sufficiency": {
            "mean": 0.5580493126988454,
            "std": 0.3179011035745384
        },
        "AOPC - comprehensiveness": {
            "mean": 0.15247866295051196,
            "std": 0.19388974007671542
        }
    },
    "random": {
        "sufficiency": {
            "mean": 0.7207985758278687,
            "std": 0.41854513172965113
        },
        "comprehensiveness": {
            "mean": 0.1770834757434842,
            "std": 0.33532015862147585
        },
        "AOPC - sufficiency": {
            "mean": 0.569637884661095,
            "std": 0.3232845621487522
        },
        "AOPC - comprehensiveness": {
            "mean": 0.1567382006147717,
            "std": 0.1802659477131176
        }
    },
    "deeplift": {
        "sufficiency": {
            "mean": 0.7237849591884964,
            "std": 0.4155985069237573
        },
        "comprehensiveness": {
            "mean": 0.22793138217760467,
            "std": 0.3754852613649929
        },
        "AOPC - sufficiency": {
            "mean": 0.5690350457888659,
            "std": 0.3164795946887956
        },
        "AOPC - comprehensiveness": {
            "mean": 0.15318918776766144,
            "std": 0.19092397873258743
        }
    },
    "gradients": {
        "sufficiency": {
            "mean": 0.7112100034189105,
            "std": 0.41639555250051696
        },
        "comprehensiveness": {
            "mean": 0.19662958389078086,
            "std": 0.3385432981422362
        },
        "AOPC - sufficiency": {
            "mean": 0.5673538644673652,
            "std": 0.32198590989403886
        },
        "AOPC - comprehensiveness": {
            "mean": 0.17900461328028316,
            "std": 0.17962382481622777
        }
    },
    "attention": {
        "sufficiency": {
            "mean": 0.7290789515667073,
            "std": 0.41697459459583625
        },
        "comprehensiveness": {
            "mean": 0.21429803451672763,
            "std": 0.37007353354750866
        },
        "AOPC - sufficiency": {
            "mean": 0.5757946527484509,
            "std": 0.319721375129927
        },
        "AOPC - comprehensiveness": {
            "mean": 0.14974808617940139,
            "std": 0.19235332774010525
        }
    }
}