{
    "scaled attention": {
        "sufficiency": {
            "mean": 0.47508286027140806,
            "std": 0.45985860317240507
        },
        "comprehensiveness": {
            "mean": 0.41505062759321126,
            "std": 0.4289439384511043
        },
        "AOPC - sufficiency": {
            "mean": 0.3968748265625076,
            "std": 0.3416541298943629
        },
        "AOPC - comprehensiveness": {
            "mean": 0.3131768708325674,
            "std": 0.23447530775591294
        }
    },
    "lime": {
        "sufficiency": {
            "mean": 0.4624167968473094,
            "std": 0.4567687303361579
        },
        "comprehensiveness": {
            "mean": 0.3085349281228665,
            "std": 0.3917467086807799
        },
        "AOPC - sufficiency": {
            "mean": 0.39149564933964964,
            "std": 0.3436604752276657
        },
        "AOPC - comprehensiveness": {
            "mean": 0.22724040708904802,
            "std": 0.20871786337933268
        }
    },
    "attention": {
        "sufficiency": {
            "mean": 0.4377973542661961,
            "std": 0.4488143779063815
        },
        "comprehensiveness": {
            "mean": 0.36015487953618963,
            "std": 0.41154593637573983
        },
        "AOPC - sufficiency": {
            "mean": 0.3673632181488574,
            "std": 0.329513746663712
        },
        "AOPC - comprehensiveness": {
            "mean": 0.23575967459868255,
            "std": 0.21029406259403122
        }
    },
    "random": {
        "sufficiency": {
            "mean": 0.48803566728935627,
            "std": 0.45279940892690373
        },
        "comprehensiveness": {
            "mean": 0.2842647648319361,
            "std": 0.36609324087439854
        },
        "AOPC - sufficiency": {
            "mean": 0.4010822490591053,
            "std": 0.34578382759086695
        },
        "AOPC - comprehensiveness": {
            "mean": 0.2052643808677667,
            "std": 0.18570700429299655
        }
    },
    "gradients": {
        "sufficiency": {
            "mean": 0.5304450178082897,
            "std": 0.46338287507156045
        },
        "comprehensiveness": {
            "mean": 0.332554721901717,
            "std": 0.3813343024622067
        },
        "AOPC - sufficiency": {
            "mean": 0.4299339386403427,
            "std": 0.35574307935494304
        },
        "AOPC - comprehensiveness": {
            "mean": 0.2596085113123044,
            "std": 0.2127588574560656
        }
    },
    "deeplift": {
        "sufficiency": {
            "mean": 0.4661052323260863,
            "std": 0.44726473671213784
        },
        "comprehensiveness": {
            "mean": 0.30722134556913333,
            "std": 0.3861281144824893
        },
        "AOPC - sufficiency": {
            "mean": 0.3899434790578502,
            "std": 0.3388367921394824
        },
        "AOPC - comprehensiveness": {
            "mean": 0.20911944320215495,
            "std": 0.20129028306997776
        }
    }
}