{
    "scaled attention": {
        "sufficiency": {
            "mean": 0.6439432986839196,
            "std": 0.43358768273663606
        },
        "comprehensiveness": {
            "mean": 0.3130405349037557,
            "std": 0.41927807727928695
        },
        "AOPC - sufficiency": {
            "mean": 0.5057338263323797,
            "std": 0.3242375880521923
        },
        "AOPC - comprehensiveness": {
            "mean": 0.27165571332978705,
            "std": 0.2359856960009176
        }
    },
    "lime": {
        "sufficiency": {
            "mean": 0.6306166827230149,
            "std": 0.42913700070083355
        },
        "comprehensiveness": {
            "mean": 0.2393425070569915,
            "std": 0.37515334894139496
        },
        "AOPC - sufficiency": {
            "mean": 0.5042274920549829,
            "std": 0.3206409251263246
        },
        "AOPC - comprehensiveness": {
            "mean": 0.1942563426244171,
            "std": 0.21170278515564622
        }
    },
    "attention": {
        "sufficiency": {
            "mean": 0.5700961047201438,
            "std": 0.45057698512347927
        },
        "comprehensiveness": {
            "mean": 0.264484213105458,
            "std": 0.3866866556607115
        },
        "AOPC - sufficiency": {
            "mean": 0.47330383247784386,
            "std": 0.32472036084572725
        },
        "AOPC - comprehensiveness": {
            "mean": 0.1846232946175766,
            "std": 0.21483878248018753
        }
    },
    "random": {
        "sufficiency": {
            "mean": 0.6529478642865416,
            "std": 0.4194857375317373
        },
        "comprehensiveness": {
            "mean": 0.22805700861814954,
            "std": 0.3677935020924238
        },
        "AOPC - sufficiency": {
            "mean": 0.5208881061342101,
            "std": 0.31377734358826986
        },
        "AOPC - comprehensiveness": {
            "mean": 0.17940237847124138,
            "std": 0.18791764833724056
        }
    },
    "gradients": {
        "sufficiency": {
            "mean": 0.68456471560245,
            "std": 0.4191004403088129
        },
        "comprehensiveness": {
            "mean": 0.2761623235105572,
            "std": 0.3780524156596859
        },
        "AOPC - sufficiency": {
            "mean": 0.5530181458677158,
            "std": 0.31537130340979436
        },
        "AOPC - comprehensiveness": {
            "mean": 0.22732518233553203,
            "std": 0.22542109265428223
        }
    },
    "deeplift": {
        "sufficiency": {
            "mean": 0.6772243207546341,
            "std": 0.408898428396991
        },
        "comprehensiveness": {
            "mean": 0.22929957598148953,
            "std": 0.3658968183267899
        },
        "AOPC - sufficiency": {
            "mean": 0.5348632701797922,
            "std": 0.3077534894705641
        },
        "AOPC - comprehensiveness": {
            "mean": 0.18448606532450582,
            "std": 0.21065187868688995
        }
    }
}