{
    "gradients": {
        "sufficiency": {
            "mean": 0.6910402557421481,
            "std": 0.42200742978486816
        },
        "comprehensiveness": {
            "mean": 0.1804614255331716,
            "std": 0.33209374892903065
        },
        "AOPC - sufficiency": {
            "mean": 0.5634173910905579,
            "std": 0.324074877708069
        },
        "AOPC - comprehensiveness": {
            "mean": 0.14130799783540057,
            "std": 0.24141077938109484
        }
    },
    "scaled attention": {
        "sufficiency": {
            "mean": 0.698218435037164,
            "std": 0.4101193302536597
        },
        "comprehensiveness": {
            "mean": 0.23720798296781023,
            "std": 0.38157183982000425
        },
        "AOPC - sufficiency": {
            "mean": 0.571062163360877,
            "std": 0.30845420222872444
        },
        "AOPC - comprehensiveness": {
            "mean": 0.15811564443408554,
            "std": 0.24536598617779085
        }
    },
    "deeplift": {
        "sufficiency": {
            "mean": 0.6882891589480553,
            "std": 0.4161478652465272
        },
        "comprehensiveness": {
            "mean": 0.1597502468683317,
            "std": 0.31605627255272645
        },
        "AOPC - sufficiency": {
            "mean": 0.5621685058273804,
            "std": 0.3116753916186289
        },
        "AOPC - comprehensiveness": {
            "mean": 0.11057298690930453,
            "std": 0.18475887220097562
        }
    },
    "random": {
        "sufficiency": {
            "mean": 0.69462100621571,
            "std": 0.4185819586875233
        },
        "comprehensiveness": {
            "mean": 0.17546490010263013,
            "std": 0.3256858205773185
        },
        "AOPC - sufficiency": {
            "mean": 0.5615673353541575,
            "std": 0.31740234956391444
        },
        "AOPC - comprehensiveness": {
            "mean": 0.12845865098700895,
            "std": 0.21859694911924585
        }
    },
    "lime": {
        "sufficiency": {
            "mean": 0.6687593490669136,
            "std": 0.4085445343430308
        },
        "comprehensiveness": {
            "mean": 0.17317398707195308,
            "std": 0.34251689708074595
        },
        "AOPC - sufficiency": {
            "mean": 0.548283103536427,
            "std": 0.30953266347076935
        },
        "AOPC - comprehensiveness": {
            "mean": 0.12585182189737276,
            "std": 0.2277496254368464
        }
    },
    "attention": {
        "sufficiency": {
            "mean": 0.6679004735577313,
            "std": 0.4055527595027037
        },
        "comprehensiveness": {
            "mean": 0.1955442681225586,
            "std": 0.35615392212040053
        },
        "AOPC - sufficiency": {
            "mean": 0.5403089930730465,
            "std": 0.296157855426671
        },
        "AOPC - comprehensiveness": {
            "mean": 0.12356505349356466,
            "std": 0.20203447457737084
        }
    }
}