{
    "attention": {
        "sufficiency": {
            "mean": 0.5848568989518839,
            "std": 0.4634707411179769
        },
        "comprehensiveness": {
            "mean": 0.21646372454426577,
            "std": 0.36663562104735925
        },
        "AOPC - sufficiency": {
            "mean": 0.4875853803865669,
            "std": 0.31656434352279794
        },
        "AOPC - comprehensiveness": {
            "mean": 0.13663275653131093,
            "std": 0.18616823055778098
        }
    },
    "deeplift": {
        "sufficiency": {
            "mean": 0.604646837449358,
            "std": 0.4587455919660809
        },
        "comprehensiveness": {
            "mean": 0.2033072630284239,
            "std": 0.36019356878385744
        },
        "AOPC - sufficiency": {
            "mean": 0.5029579743533283,
            "std": 0.3223293638792347
        },
        "AOPC - comprehensiveness": {
            "mean": 0.16227409952077615,
            "std": 0.19609620136268655
        }
    },
    "gradients": {
        "sufficiency": {
            "mean": 0.601643028830237,
            "std": 0.45689569629311855
        },
        "comprehensiveness": {
            "mean": 0.2067365204803377,
            "std": 0.35503720185018345
        },
        "AOPC - sufficiency": {
            "mean": 0.505357413093902,
            "std": 0.325866512143344
        },
        "AOPC - comprehensiveness": {
            "mean": 0.18242625750622843,
            "std": 0.20828273269511263
        }
    },
    "lime": {
        "sufficiency": {
            "mean": 0.6156163939144423,
            "std": 0.4489922050234664
        },
        "comprehensiveness": {
            "mean": 0.19923948206941844,
            "std": 0.34193774485634354
        },
        "AOPC - sufficiency": {
            "mean": 0.5147039030327528,
            "std": 0.3127225190565066
        },
        "AOPC - comprehensiveness": {
            "mean": 0.1682600898943979,
            "std": 0.19244317902447555
        }
    },
    "scaled attention": {
        "sufficiency": {
            "mean": 0.6691440189025294,
            "std": 0.4317596486109733
        },
        "comprehensiveness": {
            "mean": 0.3278461733916592,
            "std": 0.4215124792755077
        },
        "AOPC - sufficiency": {
            "mean": 0.5449067189817663,
            "std": 0.3093824203700759
        },
        "AOPC - comprehensiveness": {
            "mean": 0.24722844385234669,
            "std": 0.2430764716747099
        }
    },
    "random": {
        "sufficiency": {
            "mean": 0.631379829965403,
            "std": 0.4472734452008752
        },
        "comprehensiveness": {
            "mean": 0.1859612292798782,
            "std": 0.33079638045898013
        },
        "AOPC - sufficiency": {
            "mean": 0.5137713385382235,
            "std": 0.32625028742275064
        },
        "AOPC - comprehensiveness": {
            "mean": 0.14249777711284903,
            "std": 0.17023177673434317
        }
    }
}