{
    "gradients": {
        "sufficiency": {
            "mean": 0.5721724676389732,
            "std": 0.4624125645286808
        },
        "comprehensiveness": {
            "mean": 0.2267918053833471,
            "std": 0.34878406836979875
        },
        "AOPC - sufficiency": {
            "mean": 0.46876458840177193,
            "std": 0.351487532998279
        },
        "AOPC - comprehensiveness": {
            "mean": 0.18890311450408998,
            "std": 0.252490216281883
        }
    },
    "scaled attention": {
        "sufficiency": {
            "mean": 0.5780495904858597,
            "std": 0.4468770004906946
        },
        "comprehensiveness": {
            "mean": 0.34795630634625,
            "std": 0.42901551588949394
        },
        "AOPC - sufficiency": {
            "mean": 0.4768442168108191,
            "std": 0.3341605756759855
        },
        "AOPC - comprehensiveness": {
            "mean": 0.2322421290444575,
            "std": 0.27607965966385206
        }
    },
    "deeplift": {
        "sufficiency": {
            "mean": 0.561273028324061,
            "std": 0.4586499251234967
        },
        "comprehensiveness": {
            "mean": 0.21039507669782767,
            "std": 0.3422309413148412
        },
        "AOPC - sufficiency": {
            "mean": 0.4634239121693679,
            "std": 0.34641056698789474
        },
        "AOPC - comprehensiveness": {
            "mean": 0.15990306516369993,
            "std": 0.21078072298969097
        }
    },
    "random": {
        "sufficiency": {
            "mean": 0.5646344605211325,
            "std": 0.45528400128790364
        },
        "comprehensiveness": {
            "mean": 0.2014580016634044,
            "std": 0.3297000099827309
        },
        "AOPC - sufficiency": {
            "mean": 0.46373017979998005,
            "std": 0.3447160193054114
        },
        "AOPC - comprehensiveness": {
            "mean": 0.15663676126622006,
            "std": 0.2105139379453683
        }
    },
    "lime": {
        "sufficiency": {
            "mean": 0.5524882577502993,
            "std": 0.46129930786855394
        },
        "comprehensiveness": {
            "mean": 0.2165154627567284,
            "std": 0.3557732959324325
        },
        "AOPC - sufficiency": {
            "mean": 0.45718572204262786,
            "std": 0.34529608271239937
        },
        "AOPC - comprehensiveness": {
            "mean": 0.171731581603405,
            "std": 0.23965740257270765
        }
    },
    "attention": {
        "sufficiency": {
            "mean": 0.5581540625137041,
            "std": 0.44562331837734903
        },
        "comprehensiveness": {
            "mean": 0.28046274776476304,
            "std": 0.40105986804198634
        },
        "AOPC - sufficiency": {
            "mean": 0.4521571794257003,
            "std": 0.3261088468204744
        },
        "AOPC - comprehensiveness": {
            "mean": 0.18174732650822867,
            "std": 0.23016928727187144
        }
    }
}