{
    "scaled attention": {
        "sufficiency": {
            "mean": 0.74690124824267,
            "std": 0.4103621539028329
        },
        "comprehensiveness": {
            "mean": 0.24208006380410166,
            "std": 0.39154308471473076
        },
        "AOPC - sufficiency": {
            "mean": 0.5910570615234438,
            "std": 0.31626834252100006
        },
        "AOPC - comprehensiveness": {
            "mean": 0.22135135466856254,
            "std": 0.2230648002449341
        }
    },
    "lime": {
        "sufficiency": {
            "mean": 0.7297087110408975,
            "std": 0.40856838368524506
        },
        "comprehensiveness": {
            "mean": 0.16353225919246264,
            "std": 0.3229500339112593
        },
        "AOPC - sufficiency": {
            "mean": 0.5756348647926947,
            "std": 0.31753351195597135
        },
        "AOPC - comprehensiveness": {
            "mean": 0.14834158371118794,
            "std": 0.18494439840702778
        }
    },
    "random": {
        "sufficiency": {
            "mean": 0.7343931877804264,
            "std": 0.4091431091607508
        },
        "comprehensiveness": {
            "mean": 0.1515267845765052,
            "std": 0.3064252083735152
        },
        "AOPC - sufficiency": {
            "mean": 0.5789026587012945,
            "std": 0.3171214758405479
        },
        "AOPC - comprehensiveness": {
            "mean": 0.14917981793252172,
            "std": 0.1776982358966636
        }
    },
    "deeplift": {
        "sufficiency": {
            "mean": 0.7464242381906927,
            "std": 0.40857080449266064
        },
        "comprehensiveness": {
            "mean": 0.17219978199671754,
            "std": 0.33577360611358914
        },
        "AOPC - sufficiency": {
            "mean": 0.5828961518648542,
            "std": 0.3156870060953574
        },
        "AOPC - comprehensiveness": {
            "mean": 0.1452103228781014,
            "std": 0.1899712286639139
        }
    },
    "gradients": {
        "sufficiency": {
            "mean": 0.7395567298131289,
            "std": 0.40971696501742066
        },
        "comprehensiveness": {
            "mean": 0.1772974875437219,
            "std": 0.31613274544541486
        },
        "AOPC - sufficiency": {
            "mean": 0.5878496456511804,
            "std": 0.32127420312123817
        },
        "AOPC - comprehensiveness": {
            "mean": 0.18786951742832286,
            "std": 0.1832988830062023
        }
    },
    "attention": {
        "sufficiency": {
            "mean": 0.7535949261445497,
            "std": 0.41097599101822996
        },
        "comprehensiveness": {
            "mean": 0.16098012468093936,
            "std": 0.31823123529025665
        },
        "AOPC - sufficiency": {
            "mean": 0.5898798356775607,
            "std": 0.31805673681956975
        },
        "AOPC - comprehensiveness": {
            "mean": 0.14764627149200604,
            "std": 0.18736982286659956
        }
    }
}