{
    "deeplift": {
        "sufficiency": {
            "mean": 0.6012185241565353,
            "std": 0.4604117642241556
        },
        "comprehensiveness": {
            "mean": 0.2078478785368213,
            "std": 0.3662698317612995
        },
        "AOPC - sufficiency": {
            "mean": 0.4981997861564176,
            "std": 0.3236741534623244
        },
        "AOPC - comprehensiveness": {
            "mean": 0.16505740778699263,
            "std": 0.19664113048396506
        }
    },
    "attention": {
        "sufficiency": {
            "mean": 0.5903568708016098,
            "std": 0.46109889865131604
        },
        "comprehensiveness": {
            "mean": 0.2117905886861257,
            "std": 0.36194912041688415
        },
        "AOPC - sufficiency": {
            "mean": 0.4918090358970458,
            "std": 0.3155733895400958
        },
        "AOPC - comprehensiveness": {
            "mean": 0.13404175368019286,
            "std": 0.1846860586425071
        }
    },
    "random": {
        "sufficiency": {
            "mean": 0.6179361567210554,
            "std": 0.4541661616606938
        },
        "comprehensiveness": {
            "mean": 0.20062297869956006,
            "std": 0.3471767959518202
        },
        "AOPC - sufficiency": {
            "mean": 0.5034130131917993,
            "std": 0.3277796915167833
        },
        "AOPC - comprehensiveness": {
            "mean": 0.1531486924485289,
            "std": 0.17888614930622074
        }
    },
    "scaled attention": {
        "sufficiency": {
            "mean": 0.6661522545537181,
            "std": 0.43306816560027545
        },
        "comprehensiveness": {
            "mean": 0.33204290291607913,
            "std": 0.42377073356158634
        },
        "AOPC - sufficiency": {
            "mean": 0.5424383246330825,
            "std": 0.3101644081344732
        },
        "AOPC - comprehensiveness": {
            "mean": 0.25146458368954727,
            "std": 0.24323194014801855
        }
    },
    "lime": {
        "sufficiency": {
            "mean": 0.6207842045131521,
            "std": 0.44636597738762773
        },
        "comprehensiveness": {
            "mean": 0.19657324705157422,
            "std": 0.3402177348176354
        },
        "AOPC - sufficiency": {
            "mean": 0.5179198929601718,
            "std": 0.3118352357051703
        },
        "AOPC - comprehensiveness": {
            "mean": 0.16492595597360152,
            "std": 0.1906623663588843
        }
    },
    "gradients": {
        "sufficiency": {
            "mean": 0.6161698236484517,
            "std": 0.45113600634332146
        },
        "comprehensiveness": {
            "mean": 0.19632063864992733,
            "std": 0.34248932242512814
        },
        "AOPC - sufficiency": {
            "mean": 0.515593259155276,
            "std": 0.32372007082681115
        },
        "AOPC - comprehensiveness": {
            "mean": 0.17210648529970032,
            "std": 0.20072157701078427
        }
    }
}