{
    "scaled attention": {
        "sufficiency": {
            "mean": 0.5572982100292675,
            "std": 0.46286013039715673
        },
        "comprehensiveness": {
            "mean": 0.36023758747338147,
            "std": 0.42119784038380254
        },
        "AOPC - sufficiency": {
            "mean": 0.4505377275699663,
            "std": 0.3541989177009087
        },
        "AOPC - comprehensiveness": {
            "mean": 0.265551650479916,
            "std": 0.23521255043284164
        }
    },
    "lime": {
        "sufficiency": {
            "mean": 0.5400012140257103,
            "std": 0.462342822259434
        },
        "comprehensiveness": {
            "mean": 0.26987033397565946,
            "std": 0.37994178658355837
        },
        "AOPC - sufficiency": {
            "mean": 0.4377284268568495,
            "std": 0.35431526168027716
        },
        "AOPC - comprehensiveness": {
            "mean": 0.19208081121237414,
            "std": 0.2002003558534447
        }
    },
    "random": {
        "sufficiency": {
            "mean": 0.5503790537581312,
            "std": 0.4612990508297768
        },
        "comprehensiveness": {
            "mean": 0.2344435227612689,
            "std": 0.35941216126090136
        },
        "AOPC - sufficiency": {
            "mean": 0.439437740296043,
            "std": 0.3562186503435326
        },
        "AOPC - comprehensiveness": {
            "mean": 0.1794962421795772,
            "std": 0.18214629454494566
        }
    },
    "deeplift": {
        "sufficiency": {
            "mean": 0.5638761697831455,
            "std": 0.4654576699978859
        },
        "comprehensiveness": {
            "mean": 0.24182032477126592,
            "std": 0.35396515994573785
        },
        "AOPC - sufficiency": {
            "mean": 0.448141821011958,
            "std": 0.3531526845324653
        },
        "AOPC - comprehensiveness": {
            "mean": 0.1703661572620502,
            "std": 0.17757602213850876
        }
    },
    "gradients": {
        "sufficiency": {
            "mean": 0.5558115880944611,
            "std": 0.4638895246042633
        },
        "comprehensiveness": {
            "mean": 0.2509177315414749,
            "std": 0.3377992657360524
        },
        "AOPC - sufficiency": {
            "mean": 0.45033546081254133,
            "std": 0.3629147939465747
        },
        "AOPC - comprehensiveness": {
            "mean": 0.2247258122911962,
            "std": 0.18382921562574367
        }
    },
    "attention": {
        "sufficiency": {
            "mean": 0.5723473341231428,
            "std": 0.46616661949370597
        },
        "comprehensiveness": {
            "mean": 0.28798810040914974,
            "std": 0.3870075798005324
        },
        "AOPC - sufficiency": {
            "mean": 0.457337592810404,
            "std": 0.3567539789331145
        },
        "AOPC - comprehensiveness": {
            "mean": 0.20569761117104027,
            "std": 0.20262536973306286
        }
    }
}