{
    "attention": {
        "sufficiency": {
            "mean": 0.5027221278800371,
            "std": 0.45637364550400195
        },
        "comprehensiveness": {
            "mean": 0.2072239732952976,
            "std": 0.35078986135325435
        },
        "AOPC - sufficiency": {
            "mean": 0.4379921673235319,
            "std": 0.3096594066228648
        },
        "AOPC - comprehensiveness": {
            "mean": 0.15685668031153233,
            "std": 0.18836680172773362
        }
    },
    "deeplift": {
        "sufficiency": {
            "mean": 0.5630719460865604,
            "std": 0.45727391023024827
        },
        "comprehensiveness": {
            "mean": 0.16788527805641823,
            "std": 0.31514137872825954
        },
        "AOPC - sufficiency": {
            "mean": 0.4520699110681906,
            "std": 0.32392066945229747
        },
        "AOPC - comprehensiveness": {
            "mean": 0.14951120680553248,
            "std": 0.18408304450405472
        }
    },
    "gradients": {
        "sufficiency": {
            "mean": 0.5291827265362435,
            "std": 0.46243111549406074
        },
        "comprehensiveness": {
            "mean": 0.2074284948471088,
            "std": 0.34174809686773133
        },
        "AOPC - sufficiency": {
            "mean": 0.4479304258537745,
            "std": 0.32797000408854476
        },
        "AOPC - comprehensiveness": {
            "mean": 0.17696446181137,
            "std": 0.2135107483229633
        }
    },
    "lime": {
        "sufficiency": {
            "mean": 0.5469141001592355,
            "std": 0.4518235024211016
        },
        "comprehensiveness": {
            "mean": 0.20434296745764238,
            "std": 0.3547596461554298
        },
        "AOPC - sufficiency": {
            "mean": 0.4493181080175865,
            "std": 0.3209771558708971
        },
        "AOPC - comprehensiveness": {
            "mean": 0.1617359889745268,
            "std": 0.20071985458927238
        }
    },
    "scaled attention": {
        "sufficiency": {
            "mean": 0.5826620577767341,
            "std": 0.4530458345105611
        },
        "comprehensiveness": {
            "mean": 0.2539616984849599,
            "std": 0.38204783858679386
        },
        "AOPC - sufficiency": {
            "mean": 0.4802464324228174,
            "std": 0.3212304189345073
        },
        "AOPC - comprehensiveness": {
            "mean": 0.20691097286533258,
            "std": 0.22385557908633702
        }
    },
    "random": {
        "sufficiency": {
            "mean": 0.5611332563343657,
            "std": 0.45559614209518423
        },
        "comprehensiveness": {
            "mean": 0.1771591785045188,
            "std": 0.3275810145909955
        },
        "AOPC - sufficiency": {
            "mean": 0.46246351655844553,
            "std": 0.3193292474001308
        },
        "AOPC - comprehensiveness": {
            "mean": 0.15172444787976053,
            "std": 0.1845019225318395
        }
    }
}