{
    "gradients": {
        "sufficiency": {
            "mean": 0.7226322108162561,
            "std": 0.4168421968275284
        },
        "comprehensiveness": {
            "mean": 0.17235984592251433,
            "std": 0.31782084580280284
        },
        "AOPC - sufficiency": {
            "mean": 0.5817149246739496,
            "std": 0.3209380068946875
        },
        "AOPC - comprehensiveness": {
            "mean": 0.14040238158871363,
            "std": 0.2317305112617075
        }
    },
    "scaled attention": {
        "sufficiency": {
            "mean": 0.7177195962526929,
            "std": 0.4094613064140645
        },
        "comprehensiveness": {
            "mean": 0.20770765513441625,
            "std": 0.3701895973899077
        },
        "AOPC - sufficiency": {
            "mean": 0.5780623298401075,
            "std": 0.3098260060782134
        },
        "AOPC - comprehensiveness": {
            "mean": 0.1518333970094931,
            "std": 0.2389482754019445
        }
    },
    "deeplift": {
        "sufficiency": {
            "mean": 0.7064415584650935,
            "std": 0.4117232529786326
        },
        "comprehensiveness": {
            "mean": 0.1600222642970062,
            "std": 0.32786087293169436
        },
        "AOPC - sufficiency": {
            "mean": 0.5709438798919376,
            "std": 0.3170130870070859
        },
        "AOPC - comprehensiveness": {
            "mean": 0.10931372829090172,
            "std": 0.19074380071638986
        }
    },
    "random": {
        "sufficiency": {
            "mean": 0.7068654681007404,
            "std": 0.4135055554866112
        },
        "comprehensiveness": {
            "mean": 0.1560838649898012,
            "std": 0.3131913250719523
        },
        "AOPC - sufficiency": {
            "mean": 0.5692489250502429,
            "std": 0.31573780186045
        },
        "AOPC - comprehensiveness": {
            "mean": 0.1193684270409387,
            "std": 0.21093716638842797
        }
    },
    "lime": {
        "sufficiency": {
            "mean": 0.6869736921444659,
            "std": 0.41143202783092764
        },
        "comprehensiveness": {
            "mean": 0.17174615856969377,
            "std": 0.3400702843146769
        },
        "AOPC - sufficiency": {
            "mean": 0.5559108053776594,
            "std": 0.30969275763986465
        },
        "AOPC - comprehensiveness": {
            "mean": 0.12592658036758275,
            "std": 0.22500360376031908
        }
    },
    "attention": {
        "sufficiency": {
            "mean": 0.6760300616699847,
            "std": 0.4201411457518057
        },
        "comprehensiveness": {
            "mean": 0.1602315891127847,
            "std": 0.3304740329937632
        },
        "AOPC - sufficiency": {
            "mean": 0.5453810359888275,
            "std": 0.30419683905848577
        },
        "AOPC - comprehensiveness": {
            "mean": 0.10613783307449426,
            "std": 0.19127974616873727
        }
    }
}