{
    "scaled attention": {
        "sufficiency": {
            "mean": 0.6095412575535151,
            "std": 0.44447987124218197
        },
        "comprehensiveness": {
            "mean": 0.3684737790517935,
            "std": 0.43803716900759365
        },
        "AOPC - sufficiency": {
            "mean": 0.4784954828993025,
            "std": 0.32569014295160786
        },
        "AOPC - comprehensiveness": {
            "mean": 0.2910131704039739,
            "std": 0.25183477664507403
        }
    },
    "attention": {
        "sufficiency": {
            "mean": 0.5490846559097502,
            "std": 0.46125501803358226
        },
        "comprehensiveness": {
            "mean": 0.30822633179486714,
            "std": 0.42223453491941354
        },
        "AOPC - sufficiency": {
            "mean": 0.447421459034538,
            "std": 0.3259025645979908
        },
        "AOPC - comprehensiveness": {
            "mean": 0.20164972764590874,
            "std": 0.2198725193710883
        }
    },
    "random": {
        "sufficiency": {
            "mean": 0.6159508032973818,
            "std": 0.43629763738823346
        },
        "comprehensiveness": {
            "mean": 0.24281162353194632,
            "std": 0.3657241343593371
        },
        "AOPC - sufficiency": {
            "mean": 0.49458876425212694,
            "std": 0.3143733064223834
        },
        "AOPC - comprehensiveness": {
            "mean": 0.19794018660394763,
            "std": 0.19382434761778378
        }
    },
    "deeplift": {
        "sufficiency": {
            "mean": 0.6217947922943645,
            "std": 0.4281549354786626
        },
        "comprehensiveness": {
            "mean": 0.2747769241756648,
            "std": 0.39843295782289967
        },
        "AOPC - sufficiency": {
            "mean": 0.4970437658370559,
            "std": 0.31313819140112686
        },
        "AOPC - comprehensiveness": {
            "mean": 0.20729733644780043,
            "std": 0.22358756559151233
        }
    },
    "lime": {
        "sufficiency": {
            "mean": 0.6115394047245989,
            "std": 0.4305781280929341
        },
        "comprehensiveness": {
            "mean": 0.2710267771528874,
            "std": 0.3868641240277571
        },
        "AOPC - sufficiency": {
            "mean": 0.49568645413808027,
            "std": 0.31139710772390633
        },
        "AOPC - comprehensiveness": {
            "mean": 0.1970949198073442,
            "std": 0.20992203655803618
        }
    },
    "gradients": {
        "sufficiency": {
            "mean": 0.6733738513590659,
            "std": 0.4207245142510934
        },
        "comprehensiveness": {
            "mean": 0.2835146438620102,
            "std": 0.3812800535407108
        },
        "AOPC - sufficiency": {
            "mean": 0.5408131498841473,
            "std": 0.319707901881425
        },
        "AOPC - comprehensiveness": {
            "mean": 0.23328173339313168,
            "std": 0.22459984653478524
        }
    }
}