{
    "deeplift": {
        "sufficiency": {
            "mean": 0.5007252053566482,
            "std": 0.46638417247387587
        },
        "comprehensiveness": {
            "mean": 0.46027021583979427,
            "std": 0.4152805605978709
        },
        "AOPC - sufficiency": {
            "mean": 0.3872433345462648,
            "std": 0.34459616260971565
        },
        "AOPC - comprehensiveness": {
            "mean": 0.26731501553803555,
            "std": 0.21947826099860226
        }
    },
    "attention": {
        "sufficiency": {
            "mean": 0.4756884030265351,
            "std": 0.46082470048142554
        },
        "comprehensiveness": {
            "mean": 0.4096012275454715,
            "std": 0.422664312531744
        },
        "AOPC - sufficiency": {
            "mean": 0.3836965000743142,
            "std": 0.34338692035493207
        },
        "AOPC - comprehensiveness": {
            "mean": 0.24905731573062853,
            "std": 0.21206929008417888
        }
    },
    "random": {
        "sufficiency": {
            "mean": 0.5257254162219188,
            "std": 0.46123779447055857
        },
        "comprehensiveness": {
            "mean": 0.36660650145037177,
            "std": 0.39604240452123035
        },
        "AOPC - sufficiency": {
            "mean": 0.401477267372809,
            "std": 0.35370537338998986
        },
        "AOPC - comprehensiveness": {
            "mean": 0.23969039304352877,
            "std": 0.21003574788376955
        }
    },
    "scaled attention": {
        "sufficiency": {
            "mean": 0.547440682166482,
            "std": 0.46232520539162975
        },
        "comprehensiveness": {
            "mean": 0.5339798852808194,
            "std": 0.4381846334812647
        },
        "AOPC - sufficiency": {
            "mean": 0.4286199221380284,
            "std": 0.35058222545233264
        },
        "AOPC - comprehensiveness": {
            "mean": 0.33699827189534765,
            "std": 0.24225605593892144
        }
    },
    "lime": {
        "sufficiency": {
            "mean": 0.5413932797256549,
            "std": 0.46470338168814296
        },
        "comprehensiveness": {
            "mean": 0.35133783849327505,
            "std": 0.3978163617446795
        },
        "AOPC - sufficiency": {
            "mean": 0.42684774145513016,
            "std": 0.3533140929136374
        },
        "AOPC - comprehensiveness": {
            "mean": 0.23760213210482006,
            "std": 0.22067161664206847
        }
    },
    "gradients": {
        "sufficiency": {
            "mean": 0.5325664321904012,
            "std": 0.45651151137063645
        },
        "comprehensiveness": {
            "mean": 0.4199749327209074,
            "std": 0.415396973079545
        },
        "AOPC - sufficiency": {
            "mean": 0.4298052875965926,
            "std": 0.35899607116461396
        },
        "AOPC - comprehensiveness": {
            "mean": 0.2991532248984203,
            "std": 0.23463706238477014
        }
    }
}