{
    "attention": {
        "sufficiency": {
            "mean": 0.5234649139127115,
            "std": 0.4664195979602389
        },
        "comprehensiveness": {
            "mean": 0.2883044695171067,
            "std": 0.40359964897596845
        },
        "AOPC - sufficiency": {
            "mean": 0.447355590016274,
            "std": 0.32056637542214844
        },
        "AOPC - comprehensiveness": {
            "mean": 0.1968215703840766,
            "std": 0.2088539803280728
        }
    },
    "lime": {
        "sufficiency": {
            "mean": 0.49973102104212014,
            "std": 0.4758772594842925
        },
        "comprehensiveness": {
            "mean": 0.23884176759261988,
            "std": 0.3867074153889551
        },
        "AOPC - sufficiency": {
            "mean": 0.4336890693294167,
            "std": 0.33942131474833986
        },
        "AOPC - comprehensiveness": {
            "mean": 0.18718016604243384,
            "std": 0.2245219505224018
        }
    },
    "gradients": {
        "sufficiency": {
            "mean": 0.5061345609723787,
            "std": 0.47054643556417997
        },
        "comprehensiveness": {
            "mean": 0.19909797738238608,
            "std": 0.3610689960302667
        },
        "AOPC - sufficiency": {
            "mean": 0.42789882286185366,
            "std": 0.34186875933434996
        },
        "AOPC - comprehensiveness": {
            "mean": 0.1859633672682363,
            "std": 0.2111339567363599
        }
    },
    "random": {
        "sufficiency": {
            "mean": 0.5256914096782017,
            "std": 0.47427241143057325
        },
        "comprehensiveness": {
            "mean": 0.16502245239051683,
            "std": 0.31995575285559874
        },
        "AOPC - sufficiency": {
            "mean": 0.440841111047188,
            "std": 0.3513608734525692
        },
        "AOPC - comprehensiveness": {
            "mean": 0.15331384448261332,
            "std": 0.1874396532612267
        }
    },
    "scaled attention": {
        "sufficiency": {
            "mean": 0.5448637547078847,
            "std": 0.4696545064987738
        },
        "comprehensiveness": {
            "mean": 0.30620682150456696,
            "std": 0.42311164639375526
        },
        "AOPC - sufficiency": {
            "mean": 0.46169594286945975,
            "std": 0.34152321790739415
        },
        "AOPC - comprehensiveness": {
            "mean": 0.23160463805833845,
            "std": 0.23285067495192505
        }
    },
    "deeplift": {
        "sufficiency": {
            "mean": 0.5395691008147832,
            "std": 0.4697687523521282
        },
        "comprehensiveness": {
            "mean": 0.2504338184859674,
            "std": 0.38588752243691793
        },
        "AOPC - sufficiency": {
            "mean": 0.4582375282527831,
            "std": 0.33908671275098967
        },
        "AOPC - comprehensiveness": {
            "mean": 0.18559231722041164,
            "std": 0.20111540636378017
        }
    }
}