{
    "deeplift": {
        "sufficiency": {
            "mean": 0.6666957486626399,
            "std": 0.43129220658950695
        },
        "comprehensiveness": {
            "mean": 0.474618191238743,
            "std": 0.4514366556513363
        },
        "AOPC - sufficiency": {
            "mean": 0.4935827209706994,
            "std": 0.3076288801219691
        },
        "AOPC - comprehensiveness": {
            "mean": 0.2717759471459182,
            "std": 0.2460234719496752
        }
    },
    "attention": {
        "sufficiency": {
            "mean": 0.620858303852386,
            "std": 0.4338319888229818
        },
        "comprehensiveness": {
            "mean": 0.4483702382828934,
            "std": 0.45279489346059715
        },
        "AOPC - sufficiency": {
            "mean": 0.4801248411623176,
            "std": 0.3198100046296433
        },
        "AOPC - comprehensiveness": {
            "mean": 0.2502815108256049,
            "std": 0.24048573931038958
        }
    },
    "random": {
        "sufficiency": {
            "mean": 0.6903261899315634,
            "std": 0.4120619720133
        },
        "comprehensiveness": {
            "mean": 0.37879908535771456,
            "std": 0.41568628812197506
        },
        "AOPC - sufficiency": {
            "mean": 0.5137197836253191,
            "std": 0.31602403765577125
        },
        "AOPC - comprehensiveness": {
            "mean": 0.23907324209795816,
            "std": 0.21149434984271298
        }
    },
    "scaled attention": {
        "sufficiency": {
            "mean": 0.6883415427433942,
            "std": 0.41712501223777804
        },
        "comprehensiveness": {
            "mean": 0.5434724072496686,
            "std": 0.45392267414343074
        },
        "AOPC - sufficiency": {
            "mean": 0.5215840117233655,
            "std": 0.3134261717398915
        },
        "AOPC - comprehensiveness": {
            "mean": 0.32537539739810006,
            "std": 0.25681612953673144
        }
    },
    "lime": {
        "sufficiency": {
            "mean": 0.6729125460378141,
            "std": 0.4223227234696931
        },
        "comprehensiveness": {
            "mean": 0.4098911170025476,
            "std": 0.43468480591251174
        },
        "AOPC - sufficiency": {
            "mean": 0.5182627454340192,
            "std": 0.30750117221398626
        },
        "AOPC - comprehensiveness": {
            "mean": 0.24245190187556015,
            "std": 0.23727684079522998
        }
    },
    "gradients": {
        "sufficiency": {
            "mean": 0.6660590471914654,
            "std": 0.41680755541351344
        },
        "comprehensiveness": {
            "mean": 0.4673175941729158,
            "std": 0.42987370227857274
        },
        "AOPC - sufficiency": {
            "mean": 0.5322406762991231,
            "std": 0.31917387614362086
        },
        "AOPC - comprehensiveness": {
            "mean": 0.29095134386721416,
            "std": 0.2487894990112747
        }
    }
}