{
    "deeplift": {
        "sufficiency": {
            "mean": 0.6944210702770834,
            "std": 0.41999003784646305
        },
        "comprehensiveness": {
            "mean": 0.45714574487195914,
            "std": 0.4483391837475176
        },
        "AOPC - sufficiency": {
            "mean": 0.5076434976352941,
            "std": 0.30707502579476825
        },
        "AOPC - comprehensiveness": {
            "mean": 0.26378521618866546,
            "std": 0.23796973865691715
        }
    },
    "attention": {
        "sufficiency": {
            "mean": 0.6543502988291304,
            "std": 0.42095986208743047
        },
        "comprehensiveness": {
            "mean": 0.4080483292181275,
            "std": 0.43731697698771255
        },
        "AOPC - sufficiency": {
            "mean": 0.5006559919895227,
            "std": 0.31824704051364616
        },
        "AOPC - comprehensiveness": {
            "mean": 0.22492262616261208,
            "std": 0.22096312839233612
        }
    },
    "random": {
        "sufficiency": {
            "mean": 0.6941648827726978,
            "std": 0.40866285908070793
        },
        "comprehensiveness": {
            "mean": 0.3517031288992643,
            "std": 0.4192715249387862
        },
        "AOPC - sufficiency": {
            "mean": 0.5210327465791136,
            "std": 0.3128054286622006
        },
        "AOPC - comprehensiveness": {
            "mean": 0.21444072032177983,
            "std": 0.21159624096383
        }
    },
    "scaled attention": {
        "sufficiency": {
            "mean": 0.70813738491808,
            "std": 0.40376580566970693
        },
        "comprehensiveness": {
            "mean": 0.5239111601601419,
            "std": 0.44744658051265074
        },
        "AOPC - sufficiency": {
            "mean": 0.5387572562833204,
            "std": 0.30923664944850304
        },
        "AOPC - comprehensiveness": {
            "mean": 0.31570076921061524,
            "std": 0.24539775084203716
        }
    },
    "lime": {
        "sufficiency": {
            "mean": 0.6949766846258528,
            "std": 0.41040783851218493
        },
        "comprehensiveness": {
            "mean": 0.4041024502792066,
            "std": 0.43074198962438864
        },
        "AOPC - sufficiency": {
            "mean": 0.5339095463921073,
            "std": 0.31255030220928703
        },
        "AOPC - comprehensiveness": {
            "mean": 0.2370296859112047,
            "std": 0.23563852592285367
        }
    },
    "gradients": {
        "sufficiency": {
            "mean": 0.6894873625163139,
            "std": 0.4112147442754654
        },
        "comprehensiveness": {
            "mean": 0.43004778209448047,
            "std": 0.42466406528820333
        },
        "AOPC - sufficiency": {
            "mean": 0.5512993923653559,
            "std": 0.31705594109798385
        },
        "AOPC - comprehensiveness": {
            "mean": 0.2650115978225843,
            "std": 0.2388888135562886
        }
    }
}