{
    "attention": {
        "sufficiency": {
            "mean": 0.6483060134197632,
            "std": 0.45124074300952527
        },
        "comprehensiveness": {
            "mean": 0.22527942232932857,
            "std": 0.38277958865009537
        },
        "AOPC - sufficiency": {
            "mean": 0.5349407225902907,
            "std": 0.3242694807658862
        },
        "AOPC - comprehensiveness": {
            "mean": 0.144501007785193,
            "std": 0.18916000267647054
        }
    },
    "lime": {
        "sufficiency": {
            "mean": 0.6579367001099037,
            "std": 0.4484736710851618
        },
        "comprehensiveness": {
            "mean": 0.19474177105559706,
            "std": 0.34775291833183136
        },
        "AOPC - sufficiency": {
            "mean": 0.5355301377635519,
            "std": 0.3232113286396584
        },
        "AOPC - comprehensiveness": {
            "mean": 0.14640696318230367,
            "std": 0.1912922112402189
        }
    },
    "gradients": {
        "sufficiency": {
            "mean": 0.6268631600043932,
            "std": 0.45996031535376336
        },
        "comprehensiveness": {
            "mean": 0.16697587242817674,
            "std": 0.33251991362760674
        },
        "AOPC - sufficiency": {
            "mean": 0.5246599948330214,
            "std": 0.333344314268981
        },
        "AOPC - comprehensiveness": {
            "mean": 0.1497534296837478,
            "std": 0.2104121830352369
        }
    },
    "random": {
        "sufficiency": {
            "mean": 0.6628688177682449,
            "std": 0.44805222668003186
        },
        "comprehensiveness": {
            "mean": 0.1801869053891282,
            "std": 0.3388614558714649
        },
        "AOPC - sufficiency": {
            "mean": 0.5440019468106734,
            "std": 0.3330889475371531
        },
        "AOPC - comprehensiveness": {
            "mean": 0.14016788005846179,
            "std": 0.19864264284311509
        }
    },
    "scaled attention": {
        "sufficiency": {
            "mean": 0.6782518630390791,
            "std": 0.44307210428604926
        },
        "comprehensiveness": {
            "mean": 0.28519094337049694,
            "std": 0.4174505870978857
        },
        "AOPC - sufficiency": {
            "mean": 0.5554944355416899,
            "std": 0.3300782750605458
        },
        "AOPC - comprehensiveness": {
            "mean": 0.22010428242188698,
            "std": 0.23060985705858067
        }
    },
    "deeplift": {
        "sufficiency": {
            "mean": 0.6789986848189629,
            "std": 0.43637587748637063
        },
        "comprehensiveness": {
            "mean": 0.16420068454139822,
            "std": 0.32729223053521395
        },
        "AOPC - sufficiency": {
            "mean": 0.5582441715789782,
            "std": 0.31789070197095143
        },
        "AOPC - comprehensiveness": {
            "mean": 0.12880717333499372,
            "std": 0.18033987107617325
        }
    }
}