{
    "scaled attention": {
        "sufficiency": {
            "mean": 0.7525567913655001,
            "std": 0.41211088392031203
        },
        "comprehensiveness": {
            "mean": 0.4063679245004512,
            "std": 0.4491003372267801
        },
        "AOPC - sufficiency": {
            "mean": 0.597219240747597,
            "std": 0.31254836609879577
        },
        "AOPC - comprehensiveness": {
            "mean": 0.2700912461868046,
            "std": 0.24134645795576395
        }
    },
    "deeplift": {
        "sufficiency": {
            "mean": 0.7571594668769503,
            "std": 0.41116541056730244
        },
        "comprehensiveness": {
            "mean": 0.41425480343269333,
            "std": 0.43994721062504993
        },
        "AOPC - sufficiency": {
            "mean": 0.5893771796667908,
            "std": 0.3128591331798955
        },
        "AOPC - comprehensiveness": {
            "mean": 0.22388367548119317,
            "std": 0.20703724896317005
        }
    },
    "gradients": {
        "sufficiency": {
            "mean": 0.7357445923924061,
            "std": 0.4082893792523832
        },
        "comprehensiveness": {
            "mean": 0.33040132558803015,
            "std": 0.402455526536154
        },
        "AOPC - sufficiency": {
            "mean": 0.5865165851069392,
            "std": 0.3197505238547427
        },
        "AOPC - comprehensiveness": {
            "mean": 0.23810294775225976,
            "std": 0.2111872483895178
        }
    },
    "attention": {
        "sufficiency": {
            "mean": 0.7443373727730974,
            "std": 0.40998491254465635
        },
        "comprehensiveness": {
            "mean": 0.30246877768020713,
            "std": 0.4066695029092967
        },
        "AOPC - sufficiency": {
            "mean": 0.5857584031117504,
            "std": 0.31516863091362474
        },
        "AOPC - comprehensiveness": {
            "mean": 0.17974501884218136,
            "std": 0.20355009206488892
        }
    },
    "random": {
        "sufficiency": {
            "mean": 0.7485349781345919,
            "std": 0.4105623362403404
        },
        "comprehensiveness": {
            "mean": 0.24537439636825967,
            "std": 0.3710121689747862
        },
        "AOPC - sufficiency": {
            "mean": 0.5845505918714387,
            "std": 0.3196161949471733
        },
        "AOPC - comprehensiveness": {
            "mean": 0.17637518672019242,
            "std": 0.2011618030932406
        }
    },
    "lime": {
        "sufficiency": {
            "mean": 0.7417630814169747,
            "std": 0.4116839602584148
        },
        "comprehensiveness": {
            "mean": 0.22194065753511855,
            "std": 0.3592957543297121
        },
        "AOPC - sufficiency": {
            "mean": 0.5874141046872818,
            "std": 0.3138037834077669
        },
        "AOPC - comprehensiveness": {
            "mean": 0.16139722198816672,
            "std": 0.1999597408363596
        }
    }
}