{
    "attention": {
        "sufficiency": {
            "mean": 0.6134517521495552,
            "std": 0.45891036769497073
        },
        "comprehensiveness": {
            "mean": 0.2680780027435336,
            "std": 0.4138164726565693
        },
        "AOPC - sufficiency": {
            "mean": 0.5091362425879157,
            "std": 0.32191908963929594
        },
        "AOPC - comprehensiveness": {
            "mean": 0.1674817350786615,
            "std": 0.21184533879109366
        }
    },
    "lime": {
        "sufficiency": {
            "mean": 0.6059305092063076,
            "std": 0.4652415786225751
        },
        "comprehensiveness": {
            "mean": 0.2005934739524619,
            "std": 0.3520568259980854
        },
        "AOPC - sufficiency": {
            "mean": 0.5066105101889138,
            "std": 0.3295788482892944
        },
        "AOPC - comprehensiveness": {
            "mean": 0.16822327781758906,
            "std": 0.20388303214752962
        }
    },
    "gradients": {
        "sufficiency": {
            "mean": 0.5962025047342236,
            "std": 0.4631888813512031
        },
        "comprehensiveness": {
            "mean": 0.22547205748283372,
            "std": 0.3795118378385815
        },
        "AOPC - sufficiency": {
            "mean": 0.49971199439691755,
            "std": 0.3401919483321272
        },
        "AOPC - comprehensiveness": {
            "mean": 0.1822276477833614,
            "std": 0.22178111764868005
        }
    },
    "random": {
        "sufficiency": {
            "mean": 0.6217873651008442,
            "std": 0.46253373081960597
        },
        "comprehensiveness": {
            "mean": 0.16614724292857516,
            "std": 0.3240046991216799
        },
        "AOPC - sufficiency": {
            "mean": 0.5041912717785235,
            "std": 0.34456399927115855
        },
        "AOPC - comprehensiveness": {
            "mean": 0.14128206246912817,
            "std": 0.1734933680782466
        }
    },
    "scaled attention": {
        "sufficiency": {
            "mean": 0.6490682986712825,
            "std": 0.44764780287822453
        },
        "comprehensiveness": {
            "mean": 0.3437200519266218,
            "std": 0.4344372665036568
        },
        "AOPC - sufficiency": {
            "mean": 0.5303671108137109,
            "std": 0.33127588159882715
        },
        "AOPC - comprehensiveness": {
            "mean": 0.25111148039356634,
            "std": 0.24670930353549142
        }
    },
    "deeplift": {
        "sufficiency": {
            "mean": 0.6148442003743286,
            "std": 0.45800133786039604
        },
        "comprehensiveness": {
            "mean": 0.26918179181945373,
            "std": 0.41113715167826903
        },
        "AOPC - sufficiency": {
            "mean": 0.5229470227944425,
            "std": 0.3215212374936034
        },
        "AOPC - comprehensiveness": {
            "mean": 0.17768955187236263,
            "std": 0.21706668979173907
        }
    }
}