{
    "lime": {
        "sufficiency": {
            "mean": 0.5789106403916836,
            "std": 0.44104052314495845
        },
        "comprehensiveness": {
            "mean": 0.22611664912898696,
            "std": 0.35989213332019165
        },
        "AOPC - sufficiency": {
            "mean": 0.47561109014327324,
            "std": 0.3243391847386077
        },
        "AOPC - comprehensiveness": {
            "mean": 0.19753178837730115,
            "std": 0.21274547479320288
        }
    },
    "scaled attention": {
        "sufficiency": {
            "mean": 0.5981341598930074,
            "std": 0.44137745719407007
        },
        "comprehensiveness": {
            "mean": 0.26095111446826863,
            "std": 0.39734102292004686
        },
        "AOPC - sufficiency": {
            "mean": 0.4867051591579081,
            "std": 0.3257071415504787
        },
        "AOPC - comprehensiveness": {
            "mean": 0.21996135703438177,
            "std": 0.2293862115188575
        }
    },
    "attention": {
        "sufficiency": {
            "mean": 0.49563356827043764,
            "std": 0.4522160640751513
        },
        "comprehensiveness": {
            "mean": 0.2286757716426993,
            "std": 0.3724887218856125
        },
        "AOPC - sufficiency": {
            "mean": 0.4157235937052791,
            "std": 0.31920573243507994
        },
        "AOPC - comprehensiveness": {
            "mean": 0.16148641007327436,
            "std": 0.193428339146398
        }
    },
    "random": {
        "sufficiency": {
            "mean": 0.5958532313795345,
            "std": 0.43299038410313395
        },
        "comprehensiveness": {
            "mean": 0.2135873055249968,
            "std": 0.3463169870535979
        },
        "AOPC - sufficiency": {
            "mean": 0.48382102691884393,
            "std": 0.32018068185327636
        },
        "AOPC - comprehensiveness": {
            "mean": 0.164618947022872,
            "std": 0.18777537920902243
        }
    },
    "deeplift": {
        "sufficiency": {
            "mean": 0.5711344218805737,
            "std": 0.44241786993917614
        },
        "comprehensiveness": {
            "mean": 0.2145868148412496,
            "std": 0.35334691483550446
        },
        "AOPC - sufficiency": {
            "mean": 0.47459910766966606,
            "std": 0.3282968185844714
        },
        "AOPC - comprehensiveness": {
            "mean": 0.18867633572826253,
            "std": 0.2084930278725902
        }
    },
    "gradients": {
        "sufficiency": {
            "mean": 0.6421499193771726,
            "std": 0.43342509034213056
        },
        "comprehensiveness": {
            "mean": 0.2468959025414076,
            "std": 0.3594605074456515
        },
        "AOPC - sufficiency": {
            "mean": 0.5179613847171028,
            "std": 0.32842290028286786
        },
        "AOPC - comprehensiveness": {
            "mean": 0.21520423653239337,
            "std": 0.21350836207274992
        }
    }
}