{
    "attention": {
        "sufficiency": {
            "mean": 0.5219543314212257,
            "std": 0.46481940680577416
        },
        "comprehensiveness": {
            "mean": 0.24796002681592838,
            "std": 0.3189792200286884
        },
        "AOPC - sufficiency": {
            "mean": 0.45100165818174454,
            "std": 0.3409507814274927
        },
        "AOPC - comprehensiveness": {
            "mean": 0.17900247527339105,
            "std": 0.17452098825139936
        }
    },
    "lime": {
        "sufficiency": {
            "mean": 0.5433723263728739,
            "std": 0.4602999868285175
        },
        "comprehensiveness": {
            "mean": 0.24010085186706664,
            "std": 0.32905611786990335
        },
        "AOPC - sufficiency": {
            "mean": 0.4522889286168921,
            "std": 0.34347992485157514
        },
        "AOPC - comprehensiveness": {
            "mean": 0.19253187001349034,
            "std": 0.1887718943480518
        }
    },
    "gradients": {
        "sufficiency": {
            "mean": 0.5537412755126,
            "std": 0.4666822307072674
        },
        "comprehensiveness": {
            "mean": 0.2474041322380324,
            "std": 0.32031372741425873
        },
        "AOPC - sufficiency": {
            "mean": 0.45512118496157133,
            "std": 0.35030306975427555
        },
        "AOPC - comprehensiveness": {
            "mean": 0.19240112209702026,
            "std": 0.19620254274508067
        }
    },
    "scaled attention": {
        "sufficiency": {
            "mean": 0.5749542060493751,
            "std": 0.46582718787315036
        },
        "comprehensiveness": {
            "mean": 0.35269691696714195,
            "std": 0.370061851930857
        },
        "AOPC - sufficiency": {
            "mean": 0.48119897433555386,
            "std": 0.3453663879767109
        },
        "AOPC - comprehensiveness": {
            "mean": 0.2666050207719724,
            "std": 0.21304940243226056
        }
    },
    "deeplift": {
        "sufficiency": {
            "mean": 0.5476283499008878,
            "std": 0.47193848630778307
        },
        "comprehensiveness": {
            "mean": 0.26231883514944565,
            "std": 0.32924859999992917
        },
        "AOPC - sufficiency": {
            "mean": 0.4634650442217567,
            "std": 0.35058793681524153
        },
        "AOPC - comprehensiveness": {
            "mean": 0.18234165548362197,
            "std": 0.1696140321104626
        }
    },
    "random": {
        "sufficiency": {
            "mean": 0.5607725129238358,
            "std": 0.46681900760127787
        },
        "comprehensiveness": {
            "mean": 0.24237699091262702,
            "std": 0.3265167162679706
        },
        "AOPC - sufficiency": {
            "mean": 0.4632637062581938,
            "std": 0.35190077264893754
        },
        "AOPC - comprehensiveness": {
            "mean": 0.1828605216177923,
            "std": 0.1799661285441976
        }
    }
}