{
    "deeplift": {
        "sufficiency": {
            "mean": 0.6344023835312174,
            "std": 0.46616179130514934
        },
        "comprehensiveness": {
            "mean": 0.17765975706076603,
            "std": 0.30473332648847873
        },
        "AOPC - sufficiency": {
            "mean": 0.5204765661686015,
            "std": 0.3443080388424543
        },
        "AOPC - comprehensiveness": {
            "mean": 0.13264756068377564,
            "std": 0.16321920035108084
        }
    },
    "lime": {
        "sufficiency": {
            "mean": 0.608292570455585,
            "std": 0.46202470948749497
        },
        "comprehensiveness": {
            "mean": 0.1961502455403735,
            "std": 0.3288929182447021
        },
        "AOPC - sufficiency": {
            "mean": 0.507970964600902,
            "std": 0.3307901766671417
        },
        "AOPC - comprehensiveness": {
            "mean": 0.15829738648258188,
            "std": 0.18313613152393732
        }
    },
    "gradients": {
        "sufficiency": {
            "mean": 0.6228279869607489,
            "std": 0.47340188217617285
        },
        "comprehensiveness": {
            "mean": 0.20402516242946273,
            "std": 0.3297587576468781
        },
        "AOPC - sufficiency": {
            "mean": 0.519157238678706,
            "std": 0.34887717087102393
        },
        "AOPC - comprehensiveness": {
            "mean": 0.1903675477168224,
            "std": 0.2094434241709437
        }
    },
    "random": {
        "sufficiency": {
            "mean": 0.6082371159787694,
            "std": 0.468397944530298
        },
        "comprehensiveness": {
            "mean": 0.19246164115770217,
            "std": 0.3174521705176626
        },
        "AOPC - sufficiency": {
            "mean": 0.510130221515504,
            "std": 0.34250197129713983
        },
        "AOPC - comprehensiveness": {
            "mean": 0.16034754853164424,
            "std": 0.18626682492168414
        }
    },
    "scaled attention": {
        "sufficiency": {
            "mean": 0.6801004178804612,
            "std": 0.4277436409341057
        },
        "comprehensiveness": {
            "mean": 0.3095566069591274,
            "std": 0.38764993910408996
        },
        "AOPC - sufficiency": {
            "mean": 0.5489959547892461,
            "std": 0.31663870325539967
        },
        "AOPC - comprehensiveness": {
            "mean": 0.23071233898780183,
            "std": 0.224366489540788
        }
    },
    "attention": {
        "sufficiency": {
            "mean": 0.6325288734356439,
            "std": 0.452796074716599
        },
        "comprehensiveness": {
            "mean": 0.20179525330067744,
            "std": 0.3332452943406935
        },
        "AOPC - sufficiency": {
            "mean": 0.52558427559955,
            "std": 0.3284216474038351
        },
        "AOPC - comprehensiveness": {
            "mean": 0.13446026719256507,
            "std": 0.17435590748640153
        }
    }
}