{
    "attention": {
        "sufficiency": {
            "mean": 0.3166061876069875,
            "std": 0.41972138978038653
        },
        "comprehensiveness": {
            "mean": 0.3515207256877183,
            "std": 0.3723954614153052
        },
        "AOPC - sufficiency": {
            "mean": 0.29948329636393883,
            "std": 0.30446790228005166
        },
        "AOPC - comprehensiveness": {
            "mean": 0.23124533371537742,
            "std": 0.1827887075191169
        }
    },
    "gradients": {
        "sufficiency": {
            "mean": 0.4634602069756303,
            "std": 0.4530949902236872
        },
        "comprehensiveness": {
            "mean": 0.3702699128560547,
            "std": 0.37449957868812267
        },
        "AOPC - sufficiency": {
            "mean": 0.38025877412185394,
            "std": 0.33750157340475684
        },
        "AOPC - comprehensiveness": {
            "mean": 0.2885304752905756,
            "std": 0.21090701966966932
        }
    },
    "lime": {
        "sufficiency": {
            "mean": 0.4196239140084714,
            "std": 0.43957950474498375
        },
        "comprehensiveness": {
            "mean": 0.3178321873136094,
            "std": 0.3665598425461559
        },
        "AOPC - sufficiency": {
            "mean": 0.35981972156908043,
            "std": 0.32084306799458917
        },
        "AOPC - comprehensiveness": {
            "mean": 0.22843474005084358,
            "std": 0.18609887383748103
        }
    },
    "scaled attention": {
        "sufficiency": {
            "mean": 0.4260139418412461,
            "std": 0.4377419984021264
        },
        "comprehensiveness": {
            "mean": 0.40331689912068913,
            "std": 0.4006180052706893
        },
        "AOPC - sufficiency": {
            "mean": 0.3601763034212025,
            "std": 0.32053340531184055
        },
        "AOPC - comprehensiveness": {
            "mean": 0.2767426239851515,
            "std": 0.21888778000581624
        }
    },
    "deeplift": {
        "sufficiency": {
            "mean": 0.3536136448751855,
            "std": 0.4309386324201792
        },
        "comprehensiveness": {
            "mean": 0.30008766860523245,
            "std": 0.342614499740918
        },
        "AOPC - sufficiency": {
            "mean": 0.32143936224643127,
            "std": 0.31986759848296986
        },
        "AOPC - comprehensiveness": {
            "mean": 0.20268071519863728,
            "std": 0.16530186241870357
        }
    },
    "random": {
        "sufficiency": {
            "mean": 0.41905994131952545,
            "std": 0.43581115889899485
        },
        "comprehensiveness": {
            "mean": 0.283252450171305,
            "std": 0.3424627542276684
        },
        "AOPC - sufficiency": {
            "mean": 0.3576113259045222,
            "std": 0.32191843360294403
        },
        "AOPC - comprehensiveness": {
            "mean": 0.2070681803331207,
            "std": 0.17879201777117837
        }
    }
}