{
    "attention": {
        "sufficiency": {
            "mean": 0.7229432640264626,
            "std": 0.41862256201186765
        },
        "comprehensiveness": {
            "mean": 0.19608193746048058,
            "std": 0.346646777010725
        },
        "AOPC - sufficiency": {
            "mean": 0.6074718045723516,
            "std": 0.2860980297791656
        },
        "AOPC - comprehensiveness": {
            "mean": 0.113038779934789,
            "std": 0.1524567687653562
        }
    },
    "deeplift": {
        "sufficiency": {
            "mean": 0.7414285966288519,
            "std": 0.41583027217261365
        },
        "comprehensiveness": {
            "mean": 0.17526644814234807,
            "std": 0.3250623162879742
        },
        "AOPC - sufficiency": {
            "mean": 0.6113010105456594,
            "std": 0.2972771966044399
        },
        "AOPC - comprehensiveness": {
            "mean": 0.11792058098291937,
            "std": 0.15357754030599724
        }
    },
    "scaled attention": {
        "sufficiency": {
            "mean": 0.8030856041441609,
            "std": 0.35767155426666536
        },
        "comprehensiveness": {
            "mean": 0.29604655197334345,
            "std": 0.40741899138782406
        },
        "AOPC - sufficiency": {
            "mean": 0.6393636577580131,
            "std": 0.26976413141504824
        },
        "AOPC - comprehensiveness": {
            "mean": 0.22458020787606445,
            "std": 0.23683969078404135
        }
    },
    "lime": {
        "sufficiency": {
            "mean": 0.7365194843433059,
            "std": 0.41291611853723753
        },
        "comprehensiveness": {
            "mean": 0.18980383914638857,
            "std": 0.34796081532042467
        },
        "AOPC - sufficiency": {
            "mean": 0.6044158387884487,
            "std": 0.2948565649720975
        },
        "AOPC - comprehensiveness": {
            "mean": 0.13445439689150476,
            "std": 0.18114295176681902
        }
    },
    "random": {
        "sufficiency": {
            "mean": 0.7582063633521563,
            "std": 0.4030725094617123
        },
        "comprehensiveness": {
            "mean": 0.14223983117811562,
            "std": 0.2979865201706268
        },
        "AOPC - sufficiency": {
            "mean": 0.6111691282522265,
            "std": 0.297846464952515
        },
        "AOPC - comprehensiveness": {
            "mean": 0.1197602339987367,
            "std": 0.16212284288339868
        }
    },
    "gradients": {
        "sufficiency": {
            "mean": 0.7598166643032498,
            "std": 0.40925537732497064
        },
        "comprehensiveness": {
            "mean": 0.15380920606527848,
            "std": 0.3054256363789794
        },
        "AOPC - sufficiency": {
            "mean": 0.6202103138300022,
            "std": 0.29974491427692224
        },
        "AOPC - comprehensiveness": {
            "mean": 0.14652754013325484,
            "std": 0.18488925887837518
        }
    }
}