{
    "attention": {
        "sufficiency": {
            "mean": 0.4262037986025108,
            "std": 0.45399451704845617
        },
        "comprehensiveness": {
            "mean": 0.27674082389701415,
            "std": 0.38172721501723234
        },
        "AOPC - sufficiency": {
            "mean": 0.37859308424257637,
            "std": 0.3141187772287634
        },
        "AOPC - comprehensiveness": {
            "mean": 0.18844907299871708,
            "std": 0.19668542891589139
        }
    },
    "gradients": {
        "sufficiency": {
            "mean": 0.588603932946093,
            "std": 0.45275919105851586
        },
        "comprehensiveness": {
            "mean": 0.31138569703468877,
            "std": 0.37213672635556644
        },
        "AOPC - sufficiency": {
            "mean": 0.48250290835850135,
            "std": 0.32577778569068105
        },
        "AOPC - comprehensiveness": {
            "mean": 0.249557142046209,
            "std": 0.21299402706782122
        }
    },
    "lime": {
        "sufficiency": {
            "mean": 0.5165397570243262,
            "std": 0.4400580829218171
        },
        "comprehensiveness": {
            "mean": 0.2330981535351289,
            "std": 0.35038085851684997
        },
        "AOPC - sufficiency": {
            "mean": 0.43192384602533834,
            "std": 0.30819072193370933
        },
        "AOPC - comprehensiveness": {
            "mean": 0.20175422460098608,
            "std": 0.2010770894943111
        }
    },
    "scaled attention": {
        "sufficiency": {
            "mean": 0.5568431796979277,
            "std": 0.44139913714641626
        },
        "comprehensiveness": {
            "mean": 0.30178516503691133,
            "std": 0.392093932196293
        },
        "AOPC - sufficiency": {
            "mean": 0.45169002901937283,
            "std": 0.3163372318823732
        },
        "AOPC - comprehensiveness": {
            "mean": 0.23614123199003237,
            "std": 0.22905192273921862
        }
    },
    "deeplift": {
        "sufficiency": {
            "mean": 0.5233707266831852,
            "std": 0.44641862604661237
        },
        "comprehensiveness": {
            "mean": 0.2851385898939869,
            "std": 0.37688315362112523
        },
        "AOPC - sufficiency": {
            "mean": 0.44266645850806363,
            "std": 0.3202552809656954
        },
        "AOPC - comprehensiveness": {
            "mean": 0.2133941478498226,
            "std": 0.21839444089387114
        }
    },
    "random": {
        "sufficiency": {
            "mean": 0.5671917802407896,
            "std": 0.43631495212277893
        },
        "comprehensiveness": {
            "mean": 0.23131758094241545,
            "std": 0.3365410723022546
        },
        "AOPC - sufficiency": {
            "mean": 0.4623486690324747,
            "std": 0.3110487098802906
        },
        "AOPC - comprehensiveness": {
            "mean": 0.19319342132921075,
            "std": 0.1878883587091197
        }
    }
}