{
    "attention": {
        "sufficiency": {
            "mean": 0.4498771744315741,
            "std": 0.4556914971867761
        },
        "comprehensiveness": {
            "mean": 0.23219235703085292,
            "std": 0.3585867302682568
        },
        "AOPC - sufficiency": {
            "mean": 0.3929580322928393,
            "std": 0.32277026002293085
        },
        "AOPC - comprehensiveness": {
            "mean": 0.16265329066362358,
            "std": 0.18426475105693088
        }
    },
    "gradients": {
        "sufficiency": {
            "mean": 0.6124488524035985,
            "std": 0.4398049821178374
        },
        "comprehensiveness": {
            "mean": 0.26959508893476275,
            "std": 0.3468262716246203
        },
        "AOPC - sufficiency": {
            "mean": 0.4969966440878509,
            "std": 0.3213076888917999
        },
        "AOPC - comprehensiveness": {
            "mean": 0.2287914824881009,
            "std": 0.215725721568398
        }
    },
    "lime": {
        "sufficiency": {
            "mean": 0.5654043189046434,
            "std": 0.4333566900036834
        },
        "comprehensiveness": {
            "mean": 0.2260119846617103,
            "std": 0.33753239739356883
        },
        "AOPC - sufficiency": {
            "mean": 0.4692739002801379,
            "std": 0.3138888607161714
        },
        "AOPC - comprehensiveness": {
            "mean": 0.18796985008302164,
            "std": 0.19808558177441407
        }
    },
    "scaled attention": {
        "sufficiency": {
            "mean": 0.5924784453233484,
            "std": 0.43149064549392846
        },
        "comprehensiveness": {
            "mean": 0.2668653770066689,
            "std": 0.3813990476006791
        },
        "AOPC - sufficiency": {
            "mean": 0.48151991536782046,
            "std": 0.31870133936514145
        },
        "AOPC - comprehensiveness": {
            "mean": 0.21838692215912195,
            "std": 0.21145736641344268
        }
    },
    "deeplift": {
        "sufficiency": {
            "mean": 0.5469081599093044,
            "std": 0.4385669244646979
        },
        "comprehensiveness": {
            "mean": 0.216325601547833,
            "std": 0.3345447870700093
        },
        "AOPC - sufficiency": {
            "mean": 0.4562603557268873,
            "std": 0.32128242210997676
        },
        "AOPC - comprehensiveness": {
            "mean": 0.1952646194660513,
            "std": 0.19542251207358993
        }
    },
    "random": {
        "sufficiency": {
            "mean": 0.5896400114692903,
            "std": 0.4262295725622719
        },
        "comprehensiveness": {
            "mean": 0.19909432549054448,
            "std": 0.31196915846440665
        },
        "AOPC - sufficiency": {
            "mean": 0.4775895459791451,
            "std": 0.31274355776221757
        },
        "AOPC - comprehensiveness": {
            "mean": 0.15776110796430587,
            "std": 0.16848484654902687
        }
    }
}