{
    "attention": {
        "sufficiency": {
            "mean": 0.6940866289494194,
            "std": 0.4079068904595243
        },
        "comprehensiveness": {
            "mean": 0.20683166838568717,
            "std": 0.31452727845762385
        },
        "AOPC - sufficiency": {
            "mean": 0.5716508479956249,
            "std": 0.2936175220888779
        },
        "AOPC - comprehensiveness": {
            "mean": 0.12159668096525614,
            "std": 0.13926784468308642
        }
    },
    "lime": {
        "sufficiency": {
            "mean": 0.7041205643815035,
            "std": 0.40845789377356473
        },
        "comprehensiveness": {
            "mean": 0.16273220348582648,
            "std": 0.2921840857611065
        },
        "AOPC - sufficiency": {
            "mean": 0.5763413691639622,
            "std": 0.2933274940671133
        },
        "AOPC - comprehensiveness": {
            "mean": 0.13294528866517208,
            "std": 0.16934364683645678
        }
    },
    "gradients": {
        "sufficiency": {
            "mean": 0.7134372443705724,
            "std": 0.4046264308092503
        },
        "comprehensiveness": {
            "mean": 0.21165841094797958,
            "std": 0.33402015394331985
        },
        "AOPC - sufficiency": {
            "mean": 0.5845299915815922,
            "std": 0.2980811432542918
        },
        "AOPC - comprehensiveness": {
            "mean": 0.14968727687183458,
            "std": 0.1818474071173252
        }
    },
    "scaled attention": {
        "sufficiency": {
            "mean": 0.7673107139693387,
            "std": 0.3778592571722657
        },
        "comprehensiveness": {
            "mean": 0.3745893119843772,
            "std": 0.39554849201578207
        },
        "AOPC - sufficiency": {
            "mean": 0.6202032950299381,
            "std": 0.27908515747150264
        },
        "AOPC - comprehensiveness": {
            "mean": 0.2432144612732876,
            "std": 0.2176427656807365
        }
    },
    "deeplift": {
        "sufficiency": {
            "mean": 0.7111879254043727,
            "std": 0.40431824083606105
        },
        "comprehensiveness": {
            "mean": 0.26089032427997455,
            "std": 0.35188323749933365
        },
        "AOPC - sufficiency": {
            "mean": 0.593903054598066,
            "std": 0.28290075497719575
        },
        "AOPC - comprehensiveness": {
            "mean": 0.1468006516434822,
            "std": 0.17714680864989596
        }
    },
    "random": {
        "sufficiency": {
            "mean": 0.7338593864474747,
            "std": 0.39637418332801705
        },
        "comprehensiveness": {
            "mean": 0.21146825265331773,
            "std": 0.326913380801244
        },
        "AOPC - sufficiency": {
            "mean": 0.5894813395110385,
            "std": 0.29509064760120407
        },
        "AOPC - comprehensiveness": {
            "mean": 0.14215334243392166,
            "std": 0.16334792309509716
        }
    }
}