{
    "attention": {
        "sufficiency": {
            "mean": 0.6225074708305823,
            "std": 0.4557316082134525
        },
        "comprehensiveness": {
            "mean": 0.21115673852822325,
            "std": 0.3425121817163117
        },
        "AOPC - sufficiency": {
            "mean": 0.5196570056805954,
            "std": 0.3276654050679925
        },
        "AOPC - comprehensiveness": {
            "mean": 0.13945574174267217,
            "std": 0.1749047301613739
        }
    },
    "deeplift": {
        "sufficiency": {
            "mean": 0.6352385438220729,
            "std": 0.4661664521306844
        },
        "comprehensiveness": {
            "mean": 0.17471367568394458,
            "std": 0.3003229094275646
        },
        "AOPC - sufficiency": {
            "mean": 0.5211485841594925,
            "std": 0.3445027161884478
        },
        "AOPC - comprehensiveness": {
            "mean": 0.13066622236401115,
            "std": 0.16239862171574215
        }
    },
    "scaled attention": {
        "sufficiency": {
            "mean": 0.677026038260402,
            "std": 0.4297490969544641
        },
        "comprehensiveness": {
            "mean": 0.31839263821749175,
            "std": 0.3941065070352424
        },
        "AOPC - sufficiency": {
            "mean": 0.5470482225982184,
            "std": 0.31628123707976824
        },
        "AOPC - comprehensiveness": {
            "mean": 0.2369503805504285,
            "std": 0.22511907484002347
        }
    },
    "lime": {
        "sufficiency": {
            "mean": 0.6146045317137638,
            "std": 0.45984777559200013
        },
        "comprehensiveness": {
            "mean": 0.19442527713779897,
            "std": 0.32746164119161364
        },
        "AOPC - sufficiency": {
            "mean": 0.5111126730212922,
            "std": 0.33135174434183184
        },
        "AOPC - comprehensiveness": {
            "mean": 0.15526419270780825,
            "std": 0.1816513865105519
        }
    },
    "random": {
        "sufficiency": {
            "mean": 0.609474229380335,
            "std": 0.46826529286465507
        },
        "comprehensiveness": {
            "mean": 0.1898948117330034,
            "std": 0.3143906777523197
        },
        "AOPC - sufficiency": {
            "mean": 0.5112436106787464,
            "std": 0.34280702468058183
        },
        "AOPC - comprehensiveness": {
            "mean": 0.15793556425545535,
            "std": 0.18520818431714975
        }
    },
    "gradients": {
        "sufficiency": {
            "mean": 0.6246324845674744,
            "std": 0.47243905662094415
        },
        "comprehensiveness": {
            "mean": 0.19721146135144488,
            "std": 0.32368647943031603
        },
        "AOPC - sufficiency": {
            "mean": 0.5205900521287082,
            "std": 0.3488056364613369
        },
        "AOPC - comprehensiveness": {
            "mean": 0.18156087404627286,
            "std": 0.2057225061961882
        }
    }
}