{
    "lime": {
        "sufficiency": {
            "mean": 0.5365853166838641,
            "std": 0.4483416392058635
        },
        "comprehensiveness": {
            "mean": 0.244410272753948,
            "std": 0.3723571225066241
        },
        "AOPC - sufficiency": {
            "mean": 0.4466543812796299,
            "std": 0.3163179667330771
        },
        "AOPC - comprehensiveness": {
            "mean": 0.19844207932097335,
            "std": 0.21265536801605112
        }
    },
    "scaled attention": {
        "sufficiency": {
            "mean": 0.578646726220406,
            "std": 0.4425422893298098
        },
        "comprehensiveness": {
            "mean": 0.2805852149241895,
            "std": 0.4008261808809443
        },
        "AOPC - sufficiency": {
            "mean": 0.46863410825787516,
            "std": 0.3218886999766389
        },
        "AOPC - comprehensiveness": {
            "mean": 0.2306541812191808,
            "std": 0.23560824128690705
        }
    },
    "attention": {
        "sufficiency": {
            "mean": 0.47024010548385814,
            "std": 0.4502664307688162
        },
        "comprehensiveness": {
            "mean": 0.26122357605281016,
            "std": 0.3858938316197658
        },
        "AOPC - sufficiency": {
            "mean": 0.41291309856543285,
            "std": 0.31338647526156477
        },
        "AOPC - comprehensiveness": {
            "mean": 0.1769141656204365,
            "std": 0.20339123477086027
        }
    },
    "random": {
        "sufficiency": {
            "mean": 0.5935400473624405,
            "std": 0.43431305886913335
        },
        "comprehensiveness": {
            "mean": 0.224806135244746,
            "std": 0.3516814375349954
        },
        "AOPC - sufficiency": {
            "mean": 0.48186897391816175,
            "std": 0.31732560227316214
        },
        "AOPC - comprehensiveness": {
            "mean": 0.18408644110351952,
            "std": 0.19431266821172663
        }
    },
    "deeplift": {
        "sufficiency": {
            "mean": 0.5588224362807158,
            "std": 0.444411540109044
        },
        "comprehensiveness": {
            "mean": 0.2595241505773629,
            "std": 0.37734690146073224
        },
        "AOPC - sufficiency": {
            "mean": 0.46587970326582123,
            "std": 0.3245861872271758
        },
        "AOPC - comprehensiveness": {
            "mean": 0.20256239423564773,
            "std": 0.21611748778715717
        }
    },
    "gradients": {
        "sufficiency": {
            "mean": 0.6317760154828425,
            "std": 0.4395459570055682
        },
        "comprehensiveness": {
            "mean": 0.25881660831700587,
            "std": 0.36507421672622914
        },
        "AOPC - sufficiency": {
            "mean": 0.5108033896571484,
            "std": 0.3269908299144765
        },
        "AOPC - comprehensiveness": {
            "mean": 0.21916138370893506,
            "std": 0.21181146970659706
        }
    }
}