{
    "lime": {
        "sufficiency": {
            "mean": 0.42406846110876534,
            "std": 0.44483440380831146
        },
        "comprehensiveness": {
            "mean": 0.305213224753724,
            "std": 0.3821509801998476
        },
        "AOPC - sufficiency": {
            "mean": 0.3584701580189356,
            "std": 0.3258083945505299
        },
        "AOPC - comprehensiveness": {
            "mean": 0.23335735752408854,
            "std": 0.20069786765755354
        }
    },
    "scaled attention": {
        "sufficiency": {
            "mean": 0.4295883263022862,
            "std": 0.4388143082176304
        },
        "comprehensiveness": {
            "mean": 0.3840330109045348,
            "std": 0.4213486177076716
        },
        "AOPC - sufficiency": {
            "mean": 0.36278827830412436,
            "std": 0.3251254208043904
        },
        "AOPC - comprehensiveness": {
            "mean": 0.28396273709910363,
            "std": 0.22658466064988106
        }
    },
    "attention": {
        "sufficiency": {
            "mean": 0.34350998307371294,
            "std": 0.4196812478972819
        },
        "comprehensiveness": {
            "mean": 0.3151115323158529,
            "std": 0.3840388580937641
        },
        "AOPC - sufficiency": {
            "mean": 0.3149831459794279,
            "std": 0.3023621378837847
        },
        "AOPC - comprehensiveness": {
            "mean": 0.20603404883305568,
            "std": 0.1944695776872604
        }
    },
    "random": {
        "sufficiency": {
            "mean": 0.42614210909322037,
            "std": 0.44046512811265703
        },
        "comprehensiveness": {
            "mean": 0.2634885898748022,
            "std": 0.35099189495427174
        },
        "AOPC - sufficiency": {
            "mean": 0.3632386763805288,
            "std": 0.3273074576833513
        },
        "AOPC - comprehensiveness": {
            "mean": 0.19776643631395205,
            "std": 0.18081507632854135
        }
    },
    "deeplift": {
        "sufficiency": {
            "mean": 0.39489221570188376,
            "std": 0.43174920299865194
        },
        "comprehensiveness": {
            "mean": 0.2923537148226024,
            "std": 0.36584839432906774
        },
        "AOPC - sufficiency": {
            "mean": 0.34465326242014777,
            "std": 0.324289214554759
        },
        "AOPC - comprehensiveness": {
            "mean": 0.19659835903260375,
            "std": 0.18173773292096462
        }
    },
    "gradients": {
        "sufficiency": {
            "mean": 0.492242074985657,
            "std": 0.4539283934344266
        },
        "comprehensiveness": {
            "mean": 0.3319510632705941,
            "std": 0.3743164166607844
        },
        "AOPC - sufficiency": {
            "mean": 0.403618846951728,
            "std": 0.3451736748324065
        },
        "AOPC - comprehensiveness": {
            "mean": 0.25637429174454746,
            "std": 0.20692022202184246
        }
    }
}