{
    "attention": {
        "sufficiency": {
            "mean": 0.7765005851913802,
            "std": 0.3923695406969913
        },
        "comprehensiveness": {
            "mean": 0.18281549698600386,
            "std": 0.3525369700565893
        },
        "AOPC - sufficiency": {
            "mean": 0.628261618804846,
            "std": 0.27871676809112805
        },
        "AOPC - comprehensiveness": {
            "mean": 0.10829244730107547,
            "std": 0.16045703301202374
        }
    },
    "deeplift": {
        "sufficiency": {
            "mean": 0.7751738052845978,
            "std": 0.3957022482817065
        },
        "comprehensiveness": {
            "mean": 0.15707450634315662,
            "std": 0.3276084087304858
        },
        "AOPC - sufficiency": {
            "mean": 0.63091238993889,
            "std": 0.2845373631944737
        },
        "AOPC - comprehensiveness": {
            "mean": 0.10886112434054926,
            "std": 0.14883754310248307
        }
    },
    "scaled attention": {
        "sufficiency": {
            "mean": 0.8149787095107324,
            "std": 0.3590492429334985
        },
        "comprehensiveness": {
            "mean": 0.24809476721559043,
            "std": 0.3887406117407424
        },
        "AOPC - sufficiency": {
            "mean": 0.6558090772010541,
            "std": 0.272881023888728
        },
        "AOPC - comprehensiveness": {
            "mean": 0.20577596670356615,
            "std": 0.22187754108990856
        }
    },
    "lime": {
        "sufficiency": {
            "mean": 0.7577664189653044,
            "std": 0.4042146841951289
        },
        "comprehensiveness": {
            "mean": 0.14037230623775762,
            "std": 0.30015930665962093
        },
        "AOPC - sufficiency": {
            "mean": 0.6250657704960124,
            "std": 0.2876339329296169
        },
        "AOPC - comprehensiveness": {
            "mean": 0.11032239817617834,
            "std": 0.15998816653845793
        }
    },
    "random": {
        "sufficiency": {
            "mean": 0.7834306484822368,
            "std": 0.3901829665254831
        },
        "comprehensiveness": {
            "mean": 0.14912035205637952,
            "std": 0.3023845684796784
        },
        "AOPC - sufficiency": {
            "mean": 0.6331304809246147,
            "std": 0.2848449097187576
        },
        "AOPC - comprehensiveness": {
            "mean": 0.1138808721878629,
            "std": 0.1601043120856103
        }
    },
    "gradients": {
        "sufficiency": {
            "mean": 0.7923487875618137,
            "std": 0.3959423014443327
        },
        "comprehensiveness": {
            "mean": 0.13927575928843752,
            "std": 0.2914475254380391
        },
        "AOPC - sufficiency": {
            "mean": 0.6443700486181154,
            "std": 0.28823750042251506
        },
        "AOPC - comprehensiveness": {
            "mean": 0.14013659825778582,
            "std": 0.18275076374329208
        }
    }
}