{
    "attention": {
        "sufficiency": {
            "mean": 0.699571890125031,
            "std": 0.41054794130919287
        },
        "comprehensiveness": {
            "mean": 0.18947306278215023,
            "std": 0.3056852722371887
        },
        "AOPC - sufficiency": {
            "mean": 0.5722217518075957,
            "std": 0.29722953137625435
        },
        "AOPC - comprehensiveness": {
            "mean": 0.11191648220548309,
            "std": 0.1375946851190266
        }
    },
    "lime": {
        "sufficiency": {
            "mean": 0.7081802338290475,
            "std": 0.4038531341415637
        },
        "comprehensiveness": {
            "mean": 0.13509748152999362,
            "std": 0.2547161985817684
        },
        "AOPC - sufficiency": {
            "mean": 0.5811153242318351,
            "std": 0.29507793837529306
        },
        "AOPC - comprehensiveness": {
            "mean": 0.11428665653690133,
            "std": 0.14738667683873274
        }
    },
    "gradients": {
        "sufficiency": {
            "mean": 0.7266554700259126,
            "std": 0.4025835618031824
        },
        "comprehensiveness": {
            "mean": 0.19608201929270336,
            "std": 0.3084377478679048
        },
        "AOPC - sufficiency": {
            "mean": 0.5918024848950075,
            "std": 0.29652115096670556
        },
        "AOPC - comprehensiveness": {
            "mean": 0.13503507740073872,
            "std": 0.17531666911321195
        }
    },
    "scaled attention": {
        "sufficiency": {
            "mean": 0.757108886685455,
            "std": 0.3866714533955694
        },
        "comprehensiveness": {
            "mean": 0.30072641226077274,
            "std": 0.36097103466661157
        },
        "AOPC - sufficiency": {
            "mean": 0.6179567163860004,
            "std": 0.2863257720387352
        },
        "AOPC - comprehensiveness": {
            "mean": 0.21010471197121688,
            "std": 0.2112936197152832
        }
    },
    "deeplift": {
        "sufficiency": {
            "mean": 0.7284598590534935,
            "std": 0.39750659460048887
        },
        "comprehensiveness": {
            "mean": 0.18582926317933593,
            "std": 0.2956686710896602
        },
        "AOPC - sufficiency": {
            "mean": 0.5952505965318073,
            "std": 0.2888554930138579
        },
        "AOPC - comprehensiveness": {
            "mean": 0.11875795889247584,
            "std": 0.1544297113490024
        }
    },
    "random": {
        "sufficiency": {
            "mean": 0.723301252341258,
            "std": 0.4052222320787677
        },
        "comprehensiveness": {
            "mean": 0.20412187637199766,
            "std": 0.32509250394831446
        },
        "AOPC - sufficiency": {
            "mean": 0.5946179618813321,
            "std": 0.2927172598629796
        },
        "AOPC - comprehensiveness": {
            "mean": 0.14633663961941362,
            "std": 0.16707945902819735
        }
    }
}