{
    "scaled attention": {
        "sufficiency": {
            "mean": 0.6425607442400125,
            "std": 0.4246017962201451
        },
        "comprehensiveness": {
            "mean": 0.42925049877975335,
            "std": 0.4504495467455539
        },
        "AOPC - sufficiency": {
            "mean": 0.49042343876057276,
            "std": 0.32372845590322014
        },
        "AOPC - comprehensiveness": {
            "mean": 0.2681018572168464,
            "std": 0.24767099875503376
        }
    },
    "gradients": {
        "sufficiency": {
            "mean": 0.5742264148945599,
            "std": 0.44226850869659307
        },
        "comprehensiveness": {
            "mean": 0.44502522867237376,
            "std": 0.41859116444889277
        },
        "AOPC - sufficiency": {
            "mean": 0.48509910912165355,
            "std": 0.3285242070894235
        },
        "AOPC - comprehensiveness": {
            "mean": 0.26797546730685173,
            "std": 0.22724760762759078
        }
    },
    "lime": {
        "sufficiency": {
            "mean": 0.6482529463114681,
            "std": 0.42158903128233083
        },
        "comprehensiveness": {
            "mean": 0.3474995848805787,
            "std": 0.4193872122342024
        },
        "AOPC - sufficiency": {
            "mean": 0.5004408984469655,
            "std": 0.3187760549784299
        },
        "AOPC - comprehensiveness": {
            "mean": 0.21342672020303716,
            "std": 0.2297948718327753
        }
    },
    "deeplift": {
        "sufficiency": {
            "mean": 0.6575464974212316,
            "std": 0.4283251083370938
        },
        "comprehensiveness": {
            "mean": 0.42708712750672784,
            "std": 0.4331757524972872
        },
        "AOPC - sufficiency": {
            "mean": 0.50218179152226,
            "std": 0.317700222803608
        },
        "AOPC - comprehensiveness": {
            "mean": 0.24249235141769915,
            "std": 0.23025053000494475
        }
    },
    "attention": {
        "sufficiency": {
            "mean": 0.6013409420245331,
            "std": 0.4229671270744871
        },
        "comprehensiveness": {
            "mean": 0.405517967788363,
            "std": 0.43625248566431285
        },
        "AOPC - sufficiency": {
            "mean": 0.47503509598142446,
            "std": 0.3167327218726869
        },
        "AOPC - comprehensiveness": {
            "mean": 0.20944331199801478,
            "std": 0.21686105488579197
        }
    },
    "random": {
        "sufficiency": {
            "mean": 0.6717330543602896,
            "std": 0.41644478346665886
        },
        "comprehensiveness": {
            "mean": 0.318342152262749,
            "std": 0.3874491577811581
        },
        "AOPC - sufficiency": {
            "mean": 0.5154765608812996,
            "std": 0.3233486815033709
        },
        "AOPC - comprehensiveness": {
            "mean": 0.19107488366632724,
            "std": 0.20142189090994714
        }
    }
}