{
    "random": {
        "sufficiency": {
            "mean": 0.5589837631502248,
            "std": 0.47729021171796954
        },
        "comprehensiveness": {
            "mean": 0.27328928955345677,
            "std": 0.3294024156490211
        },
        "AOPC - sufficiency": {
            "mean": 0.45525044596066366,
            "std": 0.35985528153186236
        },
        "AOPC - comprehensiveness": {
            "mean": 0.20096573886504374,
            "std": 0.1851557930603185
        }
    },
    "attention": {
        "sufficiency": {
            "mean": 0.5637231690044152,
            "std": 0.46934072448107983
        },
        "comprehensiveness": {
            "mean": 0.29592448294162216,
            "std": 0.36640296773443587
        },
        "AOPC - sufficiency": {
            "mean": 0.46132822129506806,
            "std": 0.3402104732867355
        },
        "AOPC - comprehensiveness": {
            "mean": 0.19448691352830585,
            "std": 0.19852818015379012
        }
    },
    "lime": {
        "sufficiency": {
            "mean": 0.552554278576448,
            "std": 0.468939682750555
        },
        "comprehensiveness": {
            "mean": 0.2700059607165471,
            "std": 0.34800883408104505
        },
        "AOPC - sufficiency": {
            "mean": 0.4487120675075965,
            "std": 0.348519914022325
        },
        "AOPC - comprehensiveness": {
            "mean": 0.2030773541724981,
            "std": 0.21210952850258483
        }
    },
    "scaled attention": {
        "sufficiency": {
            "mean": 0.5899484789372201,
            "std": 0.46664517955125157
        },
        "comprehensiveness": {
            "mean": 0.4883585408354239,
            "std": 0.4111656902314984
        },
        "AOPC - sufficiency": {
            "mean": 0.49010788193721255,
            "std": 0.34655669255991217
        },
        "AOPC - comprehensiveness": {
            "mean": 0.32508898487631005,
            "std": 0.2400441306744829
        }
    },
    "gradients": {
        "sufficiency": {
            "mean": 0.5454007624947705,
            "std": 0.46403702511280726
        },
        "comprehensiveness": {
            "mean": 0.3123820266363301,
            "std": 0.3731315686278044
        },
        "AOPC - sufficiency": {
            "mean": 0.4511865755961301,
            "std": 0.34730899054918846
        },
        "AOPC - comprehensiveness": {
            "mean": 0.2241726875024059,
            "std": 0.22818929300560925
        }
    },
    "deeplift": {
        "sufficiency": {
            "mean": 0.5632667804161335,
            "std": 0.46921444889359826
        },
        "comprehensiveness": {
            "mean": 0.35578528372424756,
            "std": 0.38603477199835434
        },
        "AOPC - sufficiency": {
            "mean": 0.4666616521062144,
            "std": 0.3503304854115481
        },
        "AOPC - comprehensiveness": {
            "mean": 0.22899181877773467,
            "std": 0.2038111962042682
        }
    }
}