{
    "attention": {
        "sufficiency": {
            "mean": 0.5488820671331186,
            "std": 0.43232050797650484
        },
        "comprehensiveness": {
            "mean": 0.35246132723074053,
            "std": 0.41167943387063194
        },
        "AOPC - sufficiency": {
            "mean": 0.4508602346604634,
            "std": 0.32030588022806245
        },
        "AOPC - comprehensiveness": {
            "mean": 0.19334923491242942,
            "std": 0.19367124985827164
        }
    },
    "deeplift": {
        "sufficiency": {
            "mean": 0.6321865871248021,
            "std": 0.42294700628516596
        },
        "comprehensiveness": {
            "mean": 0.38358581298168737,
            "std": 0.42089011108708285
        },
        "AOPC - sufficiency": {
            "mean": 0.4858193017672642,
            "std": 0.3166183498573069
        },
        "AOPC - comprehensiveness": {
            "mean": 0.23140459518050807,
            "std": 0.21857581869245704
        }
    },
    "scaled attention": {
        "sufficiency": {
            "mean": 0.6598965078091138,
            "std": 0.4128752771267841
        },
        "comprehensiveness": {
            "mean": 0.40096431626004414,
            "std": 0.4338423891981873
        },
        "AOPC - sufficiency": {
            "mean": 0.5026208616271451,
            "std": 0.31887218927612404
        },
        "AOPC - comprehensiveness": {
            "mean": 0.24460440693676772,
            "std": 0.2377744789973482
        }
    },
    "gradients": {
        "sufficiency": {
            "mean": 0.6048275161233254,
            "std": 0.4229636189049824
        },
        "comprehensiveness": {
            "mean": 0.3910941870840782,
            "std": 0.40539402210813147
        },
        "AOPC - sufficiency": {
            "mean": 0.5038303632405631,
            "std": 0.32006759213938013
        },
        "AOPC - comprehensiveness": {
            "mean": 0.25125009880286403,
            "std": 0.229524648209753
        }
    },
    "lime": {
        "sufficiency": {
            "mean": 0.644946227451322,
            "std": 0.4162465527185065
        },
        "comprehensiveness": {
            "mean": 0.34641309900264194,
            "std": 0.4090944786685514
        },
        "AOPC - sufficiency": {
            "mean": 0.5016992254554843,
            "std": 0.3116660042921954
        },
        "AOPC - comprehensiveness": {
            "mean": 0.20432886005776377,
            "std": 0.21808310436402137
        }
    },
    "random": {
        "sufficiency": {
            "mean": 0.6479295363417575,
            "std": 0.41874475817811596
        },
        "comprehensiveness": {
            "mean": 0.30092952411094326,
            "std": 0.3838174347602586
        },
        "AOPC - sufficiency": {
            "mean": 0.5010942966226657,
            "std": 0.31598068021937753
        },
        "AOPC - comprehensiveness": {
            "mean": 0.17581699732364264,
            "std": 0.19083492946079125
        }
    }
}