{
    "scaled attention": {
        "sufficiency": {
            "mean": 0.6550024315663117,
            "std": 0.42545747676966844
        },
        "comprehensiveness": {
            "mean": 0.4116986119947625,
            "std": 0.4486836162637484
        },
        "AOPC - sufficiency": {
            "mean": 0.499155616106206,
            "std": 0.32786920218060905
        },
        "AOPC - comprehensiveness": {
            "mean": 0.25719083880273,
            "std": 0.24679104933392382
        }
    },
    "gradients": {
        "sufficiency": {
            "mean": 0.6156954595065876,
            "std": 0.4218997259316652
        },
        "comprehensiveness": {
            "mean": 0.3923552404204312,
            "std": 0.42079014326743713
        },
        "AOPC - sufficiency": {
            "mean": 0.5029703150116803,
            "std": 0.32643110607577336
        },
        "AOPC - comprehensiveness": {
            "mean": 0.2651446899894242,
            "std": 0.22906648744273497
        }
    },
    "lime": {
        "sufficiency": {
            "mean": 0.6584745785806104,
            "std": 0.42755571840549134
        },
        "comprehensiveness": {
            "mean": 0.3532287722018223,
            "std": 0.42699880358108566
        },
        "AOPC - sufficiency": {
            "mean": 0.5091085149834156,
            "std": 0.32217149881742485
        },
        "AOPC - comprehensiveness": {
            "mean": 0.21423972486084886,
            "std": 0.23158227139873924
        }
    },
    "deeplift": {
        "sufficiency": {
            "mean": 0.6555909136153596,
            "std": 0.4302050117371493
        },
        "comprehensiveness": {
            "mean": 0.38765591668198734,
            "std": 0.4350884088626901
        },
        "AOPC - sufficiency": {
            "mean": 0.5032310421934597,
            "std": 0.32093330619127985
        },
        "AOPC - comprehensiveness": {
            "mean": 0.23245581207186913,
            "std": 0.22863531037274254
        }
    },
    "attention": {
        "sufficiency": {
            "mean": 0.6153826638647314,
            "std": 0.4230784177453658
        },
        "comprehensiveness": {
            "mean": 0.34526281732156205,
            "std": 0.42275555724129543
        },
        "AOPC - sufficiency": {
            "mean": 0.4805779883274166,
            "std": 0.318755629443852
        },
        "AOPC - comprehensiveness": {
            "mean": 0.19012882837774184,
            "std": 0.19980420029752144
        }
    },
    "random": {
        "sufficiency": {
            "mean": 0.6635132146626113,
            "std": 0.4243543159934713
        },
        "comprehensiveness": {
            "mean": 0.28559576057444863,
            "std": 0.3898567616133845
        },
        "AOPC - sufficiency": {
            "mean": 0.5121564446376216,
            "std": 0.324388600449899
        },
        "AOPC - comprehensiveness": {
            "mean": 0.17646392368397568,
            "std": 0.197315956554611
        }
    }
}