{
    "attention": {
        "sufficiency": {
            "mean": 0.5338499428995382,
            "std": 0.4391845483043528
        },
        "comprehensiveness": {
            "mean": 0.41505451873656607,
            "std": 0.44069623004391884
        },
        "AOPC - sufficiency": {
            "mean": 0.4344489103455842,
            "std": 0.31769693993681647
        },
        "AOPC - comprehensiveness": {
            "mean": 0.21761788672248158,
            "std": 0.21513194253173032
        }
    },
    "deeplift": {
        "sufficiency": {
            "mean": 0.6328912613396418,
            "std": 0.43013758297954624
        },
        "comprehensiveness": {
            "mean": 0.41720118486846947,
            "std": 0.42658640566937955
        },
        "AOPC - sufficiency": {
            "mean": 0.48346415166451656,
            "std": 0.3170198829305307
        },
        "AOPC - comprehensiveness": {
            "mean": 0.24805753574246428,
            "std": 0.23124752464734355
        }
    },
    "scaled attention": {
        "sufficiency": {
            "mean": 0.6329785616384317,
            "std": 0.42480533467982845
        },
        "comprehensiveness": {
            "mean": 0.4279722984132972,
            "std": 0.44445239403312686
        },
        "AOPC - sufficiency": {
            "mean": 0.4841850757061438,
            "std": 0.3197962161190754
        },
        "AOPC - comprehensiveness": {
            "mean": 0.2575765057688829,
            "std": 0.24406471363259544
        }
    },
    "gradients": {
        "sufficiency": {
            "mean": 0.5628359379158479,
            "std": 0.4420400034767732
        },
        "comprehensiveness": {
            "mean": 0.43915202859458224,
            "std": 0.41121718812988706
        },
        "AOPC - sufficiency": {
            "mean": 0.47980795456305886,
            "std": 0.3249368172346283
        },
        "AOPC - comprehensiveness": {
            "mean": 0.26298294492246543,
            "std": 0.2276914962294044
        }
    },
    "lime": {
        "sufficiency": {
            "mean": 0.6377233134372365,
            "std": 0.42405696159197764
        },
        "comprehensiveness": {
            "mean": 0.33698041702659404,
            "std": 0.39845523677850925
        },
        "AOPC - sufficiency": {
            "mean": 0.4890067530691936,
            "std": 0.31617144071525677
        },
        "AOPC - comprehensiveness": {
            "mean": 0.20985351953435227,
            "std": 0.22249964560113086
        }
    },
    "random": {
        "sufficiency": {
            "mean": 0.6449961156622899,
            "std": 0.41578405170833055
        },
        "comprehensiveness": {
            "mean": 0.30691738401794527,
            "std": 0.3739877054323655
        },
        "AOPC - sufficiency": {
            "mean": 0.49681435173226074,
            "std": 0.31950579297968457
        },
        "AOPC - comprehensiveness": {
            "mean": 0.19948807005659433,
            "std": 0.2084324408528999
        }
    }
}