{
    "attention": {
        "sufficiency": {
            "mean": 0.3864041557893645,
            "std": 0.4366792807448081
        },
        "comprehensiveness": {
            "mean": 0.3763825206431513,
            "std": 0.39038232891650904
        },
        "AOPC - sufficiency": {
            "mean": 0.3284221550588205,
            "std": 0.32473658319893534
        },
        "AOPC - comprehensiveness": {
            "mean": 0.23915727574659632,
            "std": 0.18754784799563784
        }
    },
    "deeplift": {
        "sufficiency": {
            "mean": 0.4411635764376879,
            "std": 0.44502881814020956
        },
        "comprehensiveness": {
            "mean": 0.3901469626461669,
            "std": 0.3844184916566152
        },
        "AOPC - sufficiency": {
            "mean": 0.356740223813136,
            "std": 0.3388077180898599
        },
        "AOPC - comprehensiveness": {
            "mean": 0.240643709037755,
            "std": 0.1933854721699149
        }
    },
    "scaled attention": {
        "sufficiency": {
            "mean": 0.4845173346747538,
            "std": 0.44652956302802643
        },
        "comprehensiveness": {
            "mean": 0.49207570309329335,
            "std": 0.42885117884399865
        },
        "AOPC - sufficiency": {
            "mean": 0.3770714919206256,
            "std": 0.3375295195183207
        },
        "AOPC - comprehensiveness": {
            "mean": 0.3029019169808379,
            "std": 0.23577925349410472
        }
    },
    "gradients": {
        "sufficiency": {
            "mean": 0.4615332333388597,
            "std": 0.45262413757050274
        },
        "comprehensiveness": {
            "mean": 0.45577623173510595,
            "std": 0.406354119778228
        },
        "AOPC - sufficiency": {
            "mean": 0.3788975599296006,
            "std": 0.3507141014363139
        },
        "AOPC - comprehensiveness": {
            "mean": 0.30700751218733524,
            "std": 0.21872585536713837
        }
    },
    "lime": {
        "sufficiency": {
            "mean": 0.4882459577890207,
            "std": 0.45494536014622144
        },
        "comprehensiveness": {
            "mean": 0.38017259349827687,
            "std": 0.3904587231783375
        },
        "AOPC - sufficiency": {
            "mean": 0.38793332285052545,
            "std": 0.3437463902439379
        },
        "AOPC - comprehensiveness": {
            "mean": 0.24003260495781503,
            "std": 0.20530035769052526
        }
    },
    "random": {
        "sufficiency": {
            "mean": 0.48046582657058945,
            "std": 0.44671850819679304
        },
        "comprehensiveness": {
            "mean": 0.34759241226682364,
            "std": 0.37652434321271505
        },
        "AOPC - sufficiency": {
            "mean": 0.3707976518164215,
            "std": 0.3427259454334207
        },
        "AOPC - comprehensiveness": {
            "mean": 0.21669228709764196,
            "std": 0.19430992972696973
        }
    }
}