{
    "gradients": {
        "sufficiency": {
            "mean": 0.7525213999961655,
            "std": 0.4226113156015639
        },
        "comprehensiveness": {
            "mean": 0.28874472888671265,
            "std": 0.39284218146354727
        },
        "AOPC - sufficiency": {
            "mean": 0.6006765802354997,
            "std": 0.3101839797002124
        },
        "AOPC - comprehensiveness": {
            "mean": 0.217906938592159,
            "std": 0.22203475880284718
        }
    },
    "lime": {
        "sufficiency": {
            "mean": 0.7258304042856051,
            "std": 0.42544114291413637
        },
        "comprehensiveness": {
            "mean": 0.21821763951533726,
            "std": 0.3584024548165903
        },
        "AOPC - sufficiency": {
            "mean": 0.5834134060119788,
            "std": 0.3045799435095583
        },
        "AOPC - comprehensiveness": {
            "mean": 0.15607479557803347,
            "std": 0.19581336506844962
        }
    },
    "attention": {
        "sufficiency": {
            "mean": 0.7246506420843692,
            "std": 0.42288250319634135
        },
        "comprehensiveness": {
            "mean": 0.2311530449633063,
            "std": 0.3698885751923343
        },
        "AOPC - sufficiency": {
            "mean": 0.606643176998795,
            "std": 0.2859571678063635
        },
        "AOPC - comprehensiveness": {
            "mean": 0.13926600000522085,
            "std": 0.17830882737192535
        }
    },
    "scaled attention": {
        "sufficiency": {
            "mean": 0.7760977994176893,
            "std": 0.3809463735292312
        },
        "comprehensiveness": {
            "mean": 0.41204132365064616,
            "std": 0.43847055390039685
        },
        "AOPC - sufficiency": {
            "mean": 0.6297156745147103,
            "std": 0.2810914505137965
        },
        "AOPC - comprehensiveness": {
            "mean": 0.2787674803324593,
            "std": 0.25815563107640177
        }
    },
    "deeplift": {
        "sufficiency": {
            "mean": 0.7553418238128681,
            "std": 0.41125876519397625
        },
        "comprehensiveness": {
            "mean": 0.28128521131470596,
            "std": 0.37930054210920666
        },
        "AOPC - sufficiency": {
            "mean": 0.6154647874731971,
            "std": 0.2964257104778945
        },
        "AOPC - comprehensiveness": {
            "mean": 0.18046607471678808,
            "std": 0.1820914603077419
        }
    },
    "random": {
        "sufficiency": {
            "mean": 0.7334537586979154,
            "std": 0.423964362705352
        },
        "comprehensiveness": {
            "mean": 0.1879281134624786,
            "std": 0.3215568051139505
        },
        "AOPC - sufficiency": {
            "mean": 0.5884632031301006,
            "std": 0.3125465810438805
        },
        "AOPC - comprehensiveness": {
            "mean": 0.1442343736674328,
            "std": 0.17598411487579224
        }
    }
}