{
    "gradients": {
        "sufficiency": {
            "mean": 0.7948865198809518,
            "std": 0.3969122550018713
        },
        "comprehensiveness": {
            "mean": 0.2877001025045947,
            "std": 0.3948548168474145
        },
        "AOPC - sufficiency": {
            "mean": 0.6320710466787859,
            "std": 0.29467828312595695
        },
        "AOPC - comprehensiveness": {
            "mean": 0.2178892288244815,
            "std": 0.21466537187618875
        }
    },
    "lime": {
        "sufficiency": {
            "mean": 0.7603604718684396,
            "std": 0.40585100074374647
        },
        "comprehensiveness": {
            "mean": 0.2147855223613251,
            "std": 0.34955064435267025
        },
        "AOPC - sufficiency": {
            "mean": 0.6040839249885052,
            "std": 0.2887769756388972
        },
        "AOPC - comprehensiveness": {
            "mean": 0.14820580355534427,
            "std": 0.18917538917495372
        }
    },
    "attention": {
        "sufficiency": {
            "mean": 0.7770883140499311,
            "std": 0.3930003844095771
        },
        "comprehensiveness": {
            "mean": 0.20250909310081713,
            "std": 0.3515112051039885
        },
        "AOPC - sufficiency": {
            "mean": 0.6333651596619178,
            "std": 0.28000910885472774
        },
        "AOPC - comprehensiveness": {
            "mean": 0.12734824039217194,
            "std": 0.16285162747367388
        }
    },
    "scaled attention": {
        "sufficiency": {
            "mean": 0.81857682823957,
            "std": 0.36124828226151945
        },
        "comprehensiveness": {
            "mean": 0.38016367125124184,
            "std": 0.43649995207411757
        },
        "AOPC - sufficiency": {
            "mean": 0.6569249985894567,
            "std": 0.27501698128967744
        },
        "AOPC - comprehensiveness": {
            "mean": 0.2581146936908365,
            "std": 0.23813525804179997
        }
    },
    "deeplift": {
        "sufficiency": {
            "mean": 0.7970903216438397,
            "std": 0.3813909820784655
        },
        "comprehensiveness": {
            "mean": 0.30374230814126724,
            "std": 0.4056135134990558
        },
        "AOPC - sufficiency": {
            "mean": 0.6428266760245694,
            "std": 0.2823351850942775
        },
        "AOPC - comprehensiveness": {
            "mean": 0.17755371115072838,
            "std": 0.18182340249829163
        }
    },
    "random": {
        "sufficiency": {
            "mean": 0.7689574323238246,
            "std": 0.4041264814236174
        },
        "comprehensiveness": {
            "mean": 0.1722469296516104,
            "std": 0.3177508877141508
        },
        "AOPC - sufficiency": {
            "mean": 0.6129524365877141,
            "std": 0.2993127470073942
        },
        "AOPC - comprehensiveness": {
            "mean": 0.13100557927427514,
            "std": 0.1720020671167132
        }
    }
}