{
    "scaled attention": {
        "sufficiency": {
            "mean": 0.7695559487074181,
            "std": 0.3844092022061478
        },
        "comprehensiveness": {
            "mean": 0.43830858235752385,
            "std": 0.4466825641857552
        },
        "AOPC - sufficiency": {
            "mean": 0.6257516190304379,
            "std": 0.28125989112070365
        },
        "AOPC - comprehensiveness": {
            "mean": 0.29758211835760284,
            "std": 0.2615304873581822
        }
    },
    "deeplift": {
        "sufficiency": {
            "mean": 0.7506518939574846,
            "std": 0.412800366997251
        },
        "comprehensiveness": {
            "mean": 0.30293027696385333,
            "std": 0.3977402867666736
        },
        "AOPC - sufficiency": {
            "mean": 0.6115851664851217,
            "std": 0.29597642016723014
        },
        "AOPC - comprehensiveness": {
            "mean": 0.19354434605580959,
            "std": 0.18641278024231683
        }
    },
    "lime": {
        "sufficiency": {
            "mean": 0.7282399406551354,
            "std": 0.4250333662058677
        },
        "comprehensiveness": {
            "mean": 0.21268055911902561,
            "std": 0.3521380162076113
        },
        "AOPC - sufficiency": {
            "mean": 0.5858472268751572,
            "std": 0.30498987260224963
        },
        "AOPC - comprehensiveness": {
            "mean": 0.15241530027302128,
            "std": 0.19326730986145993
        }
    },
    "random": {
        "sufficiency": {
            "mean": 0.7292313369873222,
            "std": 0.4255156251207952
        },
        "comprehensiveness": {
            "mean": 0.19729432473538724,
            "std": 0.330802172326799
        },
        "AOPC - sufficiency": {
            "mean": 0.5849129185438414,
            "std": 0.3120120351390704
        },
        "AOPC - comprehensiveness": {
            "mean": 0.15219528976399366,
            "std": 0.18321093513774178
        }
    },
    "attention": {
        "sufficiency": {
            "mean": 0.7296118721988546,
            "std": 0.42114127842869203
        },
        "comprehensiveness": {
            "mean": 0.22650827507720198,
            "std": 0.36796999034375444
        },
        "AOPC - sufficiency": {
            "mean": 0.6094362155632901,
            "std": 0.2866144620467726
        },
        "AOPC - comprehensiveness": {
            "mean": 0.13474443926026236,
            "std": 0.1770353452315451
        }
    },
    "gradients": {
        "sufficiency": {
            "mean": 0.7557693609548999,
            "std": 0.42295246919179363
        },
        "comprehensiveness": {
            "mean": 0.2586446923927846,
            "std": 0.3728421558283768
        },
        "AOPC - sufficiency": {
            "mean": 0.6050346789021555,
            "std": 0.31083793780489327
        },
        "AOPC - comprehensiveness": {
            "mean": 0.19228508318545515,
            "std": 0.21478653987827295
        }
    }
}