{
    "scaled attention": {
        "sufficiency": {
            "mean": 0.49559360625136534,
            "std": 0.4527473584553915
        },
        "comprehensiveness": {
            "mean": 0.4960603144417395,
            "std": 0.4384895694010764
        },
        "AOPC - sufficiency": {
            "mean": 0.3810731992059993,
            "std": 0.3404770045289918
        },
        "AOPC - comprehensiveness": {
            "mean": 0.31714955922647126,
            "std": 0.23937074967607225
        }
    },
    "gradients": {
        "sufficiency": {
            "mean": 0.46689122751286544,
            "std": 0.45322498287546453
        },
        "comprehensiveness": {
            "mean": 0.44701085449444167,
            "std": 0.4138526143940916
        },
        "AOPC - sufficiency": {
            "mean": 0.38456679254434345,
            "std": 0.35137423311198346
        },
        "AOPC - comprehensiveness": {
            "mean": 0.3029229188213952,
            "std": 0.21084348508067152
        }
    },
    "lime": {
        "sufficiency": {
            "mean": 0.5043349997297486,
            "std": 0.46076106084901297
        },
        "comprehensiveness": {
            "mean": 0.371295287391443,
            "std": 0.40036460217636327
        },
        "AOPC - sufficiency": {
            "mean": 0.39376915871822477,
            "std": 0.3449445241751449
        },
        "AOPC - comprehensiveness": {
            "mean": 0.23757106076444762,
            "std": 0.20859166271147112
        }
    },
    "deeplift": {
        "sufficiency": {
            "mean": 0.4759295576854522,
            "std": 0.4488710672244093
        },
        "comprehensiveness": {
            "mean": 0.3682940593094636,
            "std": 0.39445162834005465
        },
        "AOPC - sufficiency": {
            "mean": 0.37488194294568505,
            "std": 0.33903844051203724
        },
        "AOPC - comprehensiveness": {
            "mean": 0.22851216480354414,
            "std": 0.1944604003670549
        }
    },
    "attention": {
        "sufficiency": {
            "mean": 0.4331143855085801,
            "std": 0.43329274350644525
        },
        "comprehensiveness": {
            "mean": 0.34950083015584765,
            "std": 0.39912991201854486
        },
        "AOPC - sufficiency": {
            "mean": 0.35349942108116295,
            "std": 0.3253195119785645
        },
        "AOPC - comprehensiveness": {
            "mean": 0.21350367764115213,
            "std": 0.1943192996119475
        }
    },
    "random": {
        "sufficiency": {
            "mean": 0.5003500047127144,
            "std": 0.4528257409574478
        },
        "comprehensiveness": {
            "mean": 0.3262203815178986,
            "std": 0.38505477855158604
        },
        "AOPC - sufficiency": {
            "mean": 0.38448408628013453,
            "std": 0.34535614250415686
        },
        "AOPC - comprehensiveness": {
            "mean": 0.20841192510973336,
            "std": 0.1941593794284022
        }
    }
}