{
    "gradients": {
        "sufficiency": {
            "mean": 0.624364719038768,
            "std": 0.47475316518107574
        },
        "comprehensiveness": {
            "mean": 0.3017747702197794,
            "std": 0.381693746170835
        },
        "AOPC - sufficiency": {
            "mean": 0.5120087208266494,
            "std": 0.35204775942857586
        },
        "AOPC - comprehensiveness": {
            "mean": 0.24082091304581302,
            "std": 0.21534136123446523
        }
    },
    "lime": {
        "sufficiency": {
            "mean": 0.5999558124337364,
            "std": 0.47258417878913683
        },
        "comprehensiveness": {
            "mean": 0.2324545759073976,
            "std": 0.3387966044974808
        },
        "AOPC - sufficiency": {
            "mean": 0.4924079709816938,
            "std": 0.3450835867861736
        },
        "AOPC - comprehensiveness": {
            "mean": 0.17820304930374695,
            "std": 0.18714456609094393
        }
    },
    "attention": {
        "sufficiency": {
            "mean": 0.5933326193981674,
            "std": 0.4683998965472761
        },
        "comprehensiveness": {
            "mean": 0.26258670516165683,
            "std": 0.3499062958461614
        },
        "AOPC - sufficiency": {
            "mean": 0.5151959040104462,
            "std": 0.3302106721952698
        },
        "AOPC - comprehensiveness": {
            "mean": 0.16560376459206724,
            "std": 0.17410150230305035
        }
    },
    "scaled attention": {
        "sufficiency": {
            "mean": 0.655787629067308,
            "std": 0.4469709364315201
        },
        "comprehensiveness": {
            "mean": 0.426697762344209,
            "std": 0.4233345064216721
        },
        "AOPC - sufficiency": {
            "mean": 0.5419247354379444,
            "std": 0.32843356813975066
        },
        "AOPC - comprehensiveness": {
            "mean": 0.28766304504414336,
            "std": 0.23551002105327012
        }
    },
    "deeplift": {
        "sufficiency": {
            "mean": 0.6324385138869013,
            "std": 0.47083478508105137
        },
        "comprehensiveness": {
            "mean": 0.31126811786647524,
            "std": 0.37256120668782283
        },
        "AOPC - sufficiency": {
            "mean": 0.5194546518966826,
            "std": 0.34615344212670746
        },
        "AOPC - comprehensiveness": {
            "mean": 0.20083442072694058,
            "std": 0.1903199126123668
        }
    },
    "random": {
        "sufficiency": {
            "mean": 0.613416767399678,
            "std": 0.47211100084488034
        },
        "comprehensiveness": {
            "mean": 0.24896359334543905,
            "std": 0.34773124677184153
        },
        "AOPC - sufficiency": {
            "mean": 0.49647605280337964,
            "std": 0.35588203054382145
        },
        "AOPC - comprehensiveness": {
            "mean": 0.1852478130168544,
            "std": 0.19226297078726926
        }
    }
}