{
    "scaled attention": {
        "sufficiency": {
            "mean": 0.38083411770697867,
            "std": 0.3436720289120927
        },
        "comprehensiveness": {
            "mean": 0.605446783005104,
            "std": 0.3486917983956776
        },
        "AOPC - sufficiency": {
            "mean": 0.3842579437092577,
            "std": 0.16678948912040678
        },
        "AOPC - comprehensiveness": {
            "mean": 0.519726824251787,
            "std": 0.1889890220660528
        }
    },
    "deepliftshap": {
        "sufficiency": {
            "mean": 0.10444519939026652,
            "std": 0.1943847311184057
        },
        "comprehensiveness": {
            "mean": 0.1924211889807359,
            "std": 0.29109864714402217
        },
        "AOPC - sufficiency": {
            "mean": 0.1538562655505462,
            "std": 0.13967681926744963
        },
        "AOPC - comprehensiveness": {
            "mean": 0.23824379368244675,
            "std": 0.171434184794601
        }
    },
    "attention": {
        "sufficiency": {
            "mean": 0.1546745938593215,
            "std": 0.24916157749058504
        },
        "comprehensiveness": {
            "mean": 0.32740915189025493,
            "std": 0.35213082561117803
        },
        "AOPC - sufficiency": {
            "mean": 0.25873317439203525,
            "std": 0.14542039272903276
        },
        "AOPC - comprehensiveness": {
            "mean": 0.35686223847357273,
            "std": 0.18277802340911714
        }
    },
    "gradients": {
        "sufficiency": {
            "mean": 0.16416853208823784,
            "std": 0.2738315316404352
        },
        "comprehensiveness": {
            "mean": 0.3788577163379996,
            "std": 0.39228420387758756
        },
        "AOPC - sufficiency": {
            "mean": 0.2409866524662318,
            "std": 0.16156528814679863
        },
        "AOPC - comprehensiveness": {
            "mean": 0.37555330844465235,
            "std": 0.22170897117740127
        }
    },
    "random": {
        "sufficiency": {
            "mean": 0.11549882892744745,
            "std": 0.2035139285507219
        },
        "comprehensiveness": {
            "mean": 0.1844962933699931,
            "std": 0.2848373055214323
        },
        "AOPC - sufficiency": {
            "mean": 0.15029300992667774,
            "std": 0.14580379468114257
        },
        "AOPC - comprehensiveness": {
            "mean": 0.22788755648018116,
            "std": 0.16796962490599404
        }
    },
    "gradientshap": {
        "sufficiency": {
            "mean": 0.11174719266201225,
            "std": 0.19915201853775794
        },
        "comprehensiveness": {
            "mean": 0.18818319417911694,
            "std": 0.2884153093413381
        },
        "AOPC - sufficiency": {
            "mean": 0.1478177383330363,
            "std": 0.13965359360532276
        },
        "AOPC - comprehensiveness": {
            "mean": 0.23113462124545364,
            "std": 0.16635788044129787
        }
    },
    "lime": {
        "sufficiency": {
            "mean": 0.1214018628660661,
            "std": 0.20591218835549216
        },
        "comprehensiveness": {
            "mean": 0.16124333523236203,
            "std": 0.26800914272075443
        },
        "AOPC - sufficiency": {
            "mean": 0.1470882051742721,
            "std": 0.15541171265840975
        },
        "AOPC - comprehensiveness": {
            "mean": 0.18221357486244913,
            "std": 0.1635229246486543
        }
    },
    "deeplift": {
        "sufficiency": {
            "mean": 0.10886192493728998,
            "std": 0.18802920431524991
        },
        "comprehensiveness": {
            "mean": 0.17757268222896996,
            "std": 0.2864503355938278
        },
        "AOPC - sufficiency": {
            "mean": 0.1728703613483009,
            "std": 0.12858018863891638
        },
        "AOPC - comprehensiveness": {
            "mean": 0.2578586669612611,
            "std": 0.16301810896657304
        }
    },
    "ig": {
        "sufficiency": {
            "mean": 0.1604173311734174,
            "std": 0.2674611013972557
        },
        "comprehensiveness": {
            "mean": 0.35959394651268883,
            "std": 0.3822031769403904
        },
        "AOPC - sufficiency": {
            "mean": 0.23952251890283616,
            "std": 0.16021291985781136
        },
        "AOPC - comprehensiveness": {
            "mean": 0.3668779883820067,
            "std": 0.2180675241194312
        }
    }
}