{
<<<<<<< HEAD
    "scaled attention": {
        "sufficiency": {
            "mean": 0.3814479300478868,
            "std": 0.36285241306796967
        },
        "comprehensiveness": {
            "mean": 0.6078698028949874,
            "std": 0.3645720891895288
        },
        "AOPC - sufficiency": {
            "mean": 0.39790106115960194,
            "std": 0.16530816083723057
        },
        "AOPC - comprehensiveness": {
            "mean": 0.5238961017474484,
            "std": 0.18947315755838692
        }
    },
    "deepliftshap": {
        "sufficiency": {
            "mean": 0.09054120640388995,
            "std": 0.18600122238515168
        },
        "comprehensiveness": {
            "mean": 0.19085882440754556,
            "std": 0.2906251732961468
        },
        "AOPC - sufficiency": {
            "mean": 0.14453680314532924,
            "std": 0.13420087730818472
        },
        "AOPC - comprehensiveness": {
            "mean": 0.2409453716144757,
            "std": 0.17446224427326346
        }
    },
    "attention": {
        "sufficiency": {
            "mean": 0.1532926611650131,
            "std": 0.2664867962069796
        },
        "comprehensiveness": {
            "mean": 0.33113179360597,
            "std": 0.36620981984196127
        },
        "AOPC - sufficiency": {
            "mean": 0.2742811572672806,
            "std": 0.14779683299199498
        },
        "AOPC - comprehensiveness": {
            "mean": 0.36357322610800497,
            "std": 0.18842943058087008
        }
    },
    "gradients": {
        "sufficiency": {
            "mean": 0.19233590894644276,
            "std": 0.30038276266237285
        },
        "comprehensiveness": {
            "mean": 0.4057463173817256,
            "std": 0.39037790266744626
        },
        "AOPC - sufficiency": {
            "mean": 0.26612374607603095,
            "std": 0.16503344385776555
        },
        "AOPC - comprehensiveness": {
            "mean": 0.3968743704759348,
            "std": 0.21672220728468924
=======
    "gradients": {
        "sufficiency": {
            "mean": 0.19035851139742627,
            "std": 0.30035305519140754
        },
        "comprehensiveness": {
            "mean": 0.4071067379957728,
            "std": 0.3909945868554066
        },
        "AOPC - sufficiency": {
            "mean": 0.26460656327185933,
            "std": 0.16528773228733662
        },
        "AOPC - comprehensiveness": {
            "mean": 0.3980582232138451,
            "std": 0.21698434723655874
        }
    },
    "scaled attention": {
        "sufficiency": {
            "mean": 0.382416800047182,
            "std": 0.36284471195433254
        },
        "comprehensiveness": {
            "mean": 0.607549984480668,
            "std": 0.3646557081498177
        },
        "AOPC - sufficiency": {
            "mean": 0.39827964163573354,
            "std": 0.1652067901928581
        },
        "AOPC - comprehensiveness": {
            "mean": 0.5235862565618578,
            "std": 0.18954121588758896
        }
    },
    "deepliftshap": {
        "sufficiency": {
            "mean": 0.090932955549545,
            "std": 0.185954081912432
        },
        "comprehensiveness": {
            "mean": 0.19079290215675418,
            "std": 0.2903571486849984
        },
        "AOPC - sufficiency": {
            "mean": 0.1451612372322665,
            "std": 0.13424886625792357
        },
        "AOPC - comprehensiveness": {
            "mean": 0.24018479403910092,
            "std": 0.17383684858399404
        }
    },
    "attention": {
        "sufficiency": {
            "mean": 0.15408595446466752,
            "std": 0.26693911619933225
        },
        "comprehensiveness": {
            "mean": 0.3308094099790745,
            "std": 0.3659384365688943
        },
        "AOPC - sufficiency": {
            "mean": 0.27478310997379857,
            "std": 0.1478485304142954
        },
        "AOPC - comprehensiveness": {
            "mean": 0.36332538951020565,
            "std": 0.18824505183422352
>>>>>>> c9ca0fe87f4ca97de977f05d035eee299caffb00
        }
    },
    "random": {
        "sufficiency": {
<<<<<<< HEAD
            "mean": 0.09748223347259832,
            "std": 0.19305761114521816
        },
        "comprehensiveness": {
            "mean": 0.1875322999356451,
            "std": 0.2798215820986627
        },
        "AOPC - sufficiency": {
            "mean": 0.14197041166174673,
            "std": 0.13475084970798262
        },
        "AOPC - comprehensiveness": {
            "mean": 0.23238940971043656,
            "std": 0.17379617342964898
        }
    },
    "gradientshap": {
        "sufficiency": {
            "mean": 0.09901757699929882,
            "std": 0.19740617658927098
        },
        "comprehensiveness": {
            "mean": 0.1884957773995883,
            "std": 0.2860890716131577
        },
        "AOPC - sufficiency": {
            "mean": 0.13848351848790091,
            "std": 0.1343928541667183
        },
        "AOPC - comprehensiveness": {
            "mean": 0.22799078988970528,
            "std": 0.17323886785387335
        }
    },
    "lime": {
        "sufficiency": {
            "mean": 0.10598034994361186,
            "std": 0.20544952707079314
        },
        "comprehensiveness": {
            "mean": 0.17126013006634336,
            "std": 0.2835633859799297
        },
        "AOPC - sufficiency": {
            "mean": 0.13404458804661892,
            "std": 0.15475207366171154
        },
        "AOPC - comprehensiveness": {
            "mean": 0.18450007760877246,
            "std": 0.1787557492633502
=======
            "mean": 0.09755090822716893,
            "std": 0.1930687578646309
        },
        "comprehensiveness": {
            "mean": 0.18764602673652112,
            "std": 0.27990756763413877
        },
        "AOPC - sufficiency": {
            "mean": 0.14198986336913028,
            "std": 0.13479555435571447
        },
        "AOPC - comprehensiveness": {
            "mean": 0.23247258810123006,
            "std": 0.17390594660260478
        }
    },
    "lime": {
        "sufficiency": {
            "mean": 0.10964455688364873,
            "std": 0.2090144455728925
        },
        "comprehensiveness": {
            "mean": 0.1729160391725323,
            "std": 0.2857510136509133
        },
        "AOPC - sufficiency": {
            "mean": 0.12823829919525756,
            "std": 0.1494486712924864
        },
        "AOPC - comprehensiveness": {
            "mean": 0.18118467468756505,
            "std": 0.17839759685790121
        }
    },
    "gradientshap": {
        "sufficiency": {
            "mean": 0.09920592149769593,
            "std": 0.19674900852440924
        },
        "comprehensiveness": {
            "mean": 0.18769952098914958,
            "std": 0.2852126865649538
        },
        "AOPC - sufficiency": {
            "mean": 0.13901118865204184,
            "std": 0.13436972290013213
        },
        "AOPC - comprehensiveness": {
            "mean": 0.2275065487091193,
            "std": 0.1726047076907647
>>>>>>> c9ca0fe87f4ca97de977f05d035eee299caffb00
        }
    },
    "deeplift": {
        "sufficiency": {
<<<<<<< HEAD
            "mean": 0.08855887208848011,
            "std": 0.17865238260278943
        },
        "comprehensiveness": {
            "mean": 0.17534463043905624,
            "std": 0.28725538993818145
        },
        "AOPC - sufficiency": {
            "mean": 0.16540052233873953,
            "std": 0.12458230105525588
        },
        "AOPC - comprehensiveness": {
            "mean": 0.2587975420209677,
            "std": 0.1641459769052507
=======
            "mean": 0.08859725313475898,
            "std": 0.17867059443703756
        },
        "comprehensiveness": {
            "mean": 0.1750005691328386,
            "std": 0.28728201939215503
        },