{
    "scaled attention": {
        "sufficiency": {
            "mean": 0.3814479300478868,
            "std": 0.36285241306796967
        },
        "comprehensiveness": {
            "mean": 0.6078698028949874,
            "std": 0.3645720891895288
        },
        "AOPC - sufficiency": {
            "mean": 0.39790106115960194,
            "std": 0.16530816083723057
        },
        "AOPC - comprehensiveness": {
            "mean": 0.5238961017474484,
            "std": 0.18947315755838692
        }
    },
    "deepliftshap": {
        "sufficiency": {
            "mean": 0.09054120640388995,
            "std": 0.18600122238515168
        },
        "comprehensiveness": {
            "mean": 0.19085882440754556,
            "std": 0.2906251732961468
        },
        "AOPC - sufficiency": {
            "mean": 0.14453680314532924,
            "std": 0.13420087730818472
        },
        "AOPC - comprehensiveness": {
            "mean": 0.2409453716144757,
            "std": 0.17446224427326346
        }
    },
    "attention": {
        "sufficiency": {
            "mean": 0.1532926611650131,
            "std": 0.2664867962069796
        },
        "comprehensiveness": {
            "mean": 0.33113179360597,
            "std": 0.36620981984196127
        },
        "AOPC - sufficiency": {
            "mean": 0.2742811572672806,
            "std": 0.14779683299199498
        },
        "AOPC - comprehensiveness": {
            "mean": 0.36357322610800497,
            "std": 0.18842943058087008
        }
    },
    "gradients": {
        "sufficiency": {
            "mean": 0.19233590894644276,
            "std": 0.30038276266237285
        },
        "comprehensiveness": {
            "mean": 0.4057463173817256,
            "std": 0.39037790266744626
        },
        "AOPC - sufficiency": {
            "mean": 0.26612374607603095,
            "std": 0.16503344385776555
        },
        "AOPC - comprehensiveness": {
            "mean": 0.3968743704759348,
            "std": 0.21672220728468924
        }
    },
    "random": {
        "sufficiency": {
            "mean": 0.09748223347259832,
            "std": 0.19305761114521816
        },
        "comprehensiveness": {
            "mean": 0.1875322999356451,
            "std": 0.2798215820986627
        },
        "AOPC - sufficiency": {
            "mean": 0.14197041166174673,
            "std": 0.13475084970798262
        },
        "AOPC - comprehensiveness": {
            "mean": 0.23238940971043656,
            "std": 0.17379617342964898
        }
    },
    "gradientshap": {
        "sufficiency": {
            "mean": 0.09901757699929882,
            "std": 0.19740617658927098
        },
        "comprehensiveness": {
            "mean": 0.1884957773995883,
            "std": 0.2860890716131577
        },
        "AOPC - sufficiency": {
            "mean": 0.13848351848790091,
            "std": 0.1343928541667183
        },
        "AOPC - comprehensiveness": {
            "mean": 0.22799078988970528,
            "std": 0.17323886785387335
        }
    },
    "lime": {
        "sufficiency": {
            "mean": 0.10598034994361186,
            "std": 0.20544952707079314
        },
        "comprehensiveness": {
            "mean": 0.17126013006634336,
            "std": 0.2835633859799297
        },
        "AOPC - sufficiency": {
            "mean": 0.13404458804661892,
            "std": 0.15475207366171154
        },
        "AOPC - comprehensiveness": {
            "mean": 0.18450007760877246,
            "std": 0.1787557492633502
        }
    },
    "deeplift": {
        "sufficiency": {
            "mean": 0.08855887208848011,
            "std": 0.17865238260278943
        },
        "comprehensiveness": {
            "mean": 0.17534463043905624,
            "std": 0.28725538993818145
        },
        "AOPC - sufficiency": {
            "mean": 0.16540052233873953,
            "std": 0.12458230105525588
        },
        "AOPC - comprehensiveness": {
            "mean": 0.2587975420209677,
            "std": 0.1641459769052507
        }
    },
    "ig": {
        "sufficiency": {
            "mean": 0.18343055471618225,
            "std": 0.2910568071557658
        },
        "comprehensiveness": {
            "mean": 0.38163896394458136,
            "std": 0.38836344666639694
        },
        "AOPC - sufficiency": {
            "mean": 0.2648138229948871,
            "std": 0.16282415817254642
        },
        "AOPC - comprehensiveness": {
            "mean": 0.38820883416227225,
            "std": 0.21384589178184854
        }
    }
}