{
    "ig": {
        "sufficiency": {
            "mean": 0.14927776441461527,
            "std": 0.20444984077535366
        },
        "comprehensiveness": {
            "mean": 0.4324384454933968,
            "std": 0.43887817677278784
        },
        "AOPC - sufficiency": {
            "mean": 0.17903148159448337,
            "std": 0.17232633654012441
        },
        "AOPC - comprehensiveness": {
            "mean": 0.4240656785025828,
            "std": 0.27032114071526353
        }
    },
    "gradientshap": {
        "sufficiency": {
            "mean": 0.14080586732657024,
            "std": 0.1788071173034072
        },
        "comprehensiveness": {
            "mean": 0.32777150651400505,
            "std": 0.42492564098522684
        },
        "AOPC - sufficiency": {
            "mean": 0.1410245545092884,
            "std": 0.16256108574855493
        },
        "AOPC - comprehensiveness": {
            "mean": 0.33715789171233157,
            "std": 0.24639974313550247
        }
    },
    "deeplift": {
        "sufficiency": {
            "mean": 0.18778930615690814,
            "std": 0.26082621660302946
        },
        "comprehensiveness": {
            "mean": 0.3781445780714662,
            "std": 0.4291623380676671
        },
        "AOPC - sufficiency": {
            "mean": 0.1831441184944117,
            "std": 0.20134103018970823
        },
        "AOPC - comprehensiveness": {
            "mean": 0.38368725116373226,
            "std": 0.24768692103329684
        }
    },
    "attention": {
        "sufficiency": {
            "mean": 0.1498096482449002,
            "std": 0.19810205631225178
        },
        "comprehensiveness": {
            "mean": 0.339007845252168,
            "std": 0.4070541137608877
        },
        "AOPC - sufficiency": {
            "mean": 0.2037627859110673,
            "std": 0.16394614371302435
        },
        "AOPC - comprehensiveness": {
            "mean": 0.3662250710342887,
            "std": 0.20386952101196418
        }
    },
    "random": {
        "sufficiency": {
            "mean": 0.14265559682934,
            "std": 0.1821824953062849
        },
        "comprehensiveness": {
            "mean": 0.306123478301085,
            "std": 0.4172434171685661
        },
        "AOPC - sufficiency": {
            "mean": 0.13970928126973106,
            "std": 0.1612065589264458
        },
        "AOPC - comprehensiveness": {
            "mean": 0.32785709962201987,
            "std": 0.2422420035039233
        }
    },
    "gradients": {
        "sufficiency": {
            "mean": 0.15831821128414705,
            "std": 0.2161355451234557
        },
        "comprehensiveness": {
            "mean": 0.4292711709101741,
            "std": 0.43758744871138266
        },
        "AOPC - sufficiency": {
            "mean": 0.18518076485088653,
            "std": 0.1754477340334762
        },
        "AOPC - comprehensiveness": {
            "mean": 0.41607154958940235,
            "std": 0.26633906766470006
        }
    },
    "scaled attention": {
        "sufficiency": {
            "mean": 0.289059766430751,
            "std": 0.33655732849189857
        },
        "comprehensiveness": {
            "mean": 0.6950693431609553,
            "std": 0.36248765387648335
        },
        "AOPC - sufficiency": {
            "mean": 0.30675414674962326,
            "std": 0.20839546862969074
        },
        "AOPC - comprehensiveness": {
            "mean": 0.5760423712735101,
            "std": 0.23008933024554712
        }
    },
    "lime": {
        "sufficiency": {
            "mean": 0.14235400811457383,
            "std": 0.18833793633470078
        },
        "comprehensiveness": {
            "mean": 0.25529388720437096,
            "std": 0.37875480594797234
        },
        "AOPC - sufficiency": {
            "mean": 0.13916091935147865,
            "std": 0.16589131394836187
        },
        "AOPC - comprehensiveness": {
            "mean": 0.286931928250106,
            "std": 0.218873806223182
        }
    },
    "deepliftshap": {
        "sufficiency": {
            "mean": 0.15647310528117037,
            "std": 0.2005736950729052
        },
        "comprehensiveness": {
            "mean": 0.3371561557635631,
            "std": 0.4239651628802674
        },
        "AOPC - sufficiency": {
            "mean": 0.1570489859643895,
            "std": 0.17666847909861277
        },
        "AOPC - comprehensiveness": {
            "mean": 0.3425919881590976,
            "std": 0.24269509430220493
        }
    }
}