{
    "deepliftshap": {
        "sufficiency": {
            "mean": 0.12640957025227975,
            "std": 0.21392471789253098
        },
        "comprehensiveness": {
            "mean": 0.31040311516373814,
            "std": 0.34313932189942986
        },
        "AOPC - sufficiency": {
            "mean": 0.14402270156516817,
            "std": 0.133893262427268
        },
        "AOPC - comprehensiveness": {
            "mean": 0.2409677548694239,
            "std": 0.17432134004294395
        }
    },
    "attention": {
        "sufficiency": {
            "mean": 0.33700027489886886,
            "std": 0.3603565926547881
        },
        "comprehensiveness": {
            "mean": 0.5278157127612768,
            "std": 0.37485577914898655
        },
        "AOPC - sufficiency": {
            "mean": 0.27392493619286873,
            "std": 0.14785002827879942
        },
        "AOPC - comprehensiveness": {
            "mean": 0.3640970849579255,
            "std": 0.18843565938731188
        }
    },
    "random": {
        "sufficiency": {
            "mean": 0.12021184818569301,
            "std": 0.20572844471229051
        },
        "comprehensiveness": {
            "mean": 0.30047039400121717,
            "std": 0.33628237069461436
        },
        "AOPC - sufficiency": {
            "mean": 0.140971954531455,
            "std": 0.1343402673847182
        },
        "AOPC - comprehensiveness": {
            "mean": 0.23335155371960034,
            "std": 0.17445046836923217
        }
    },
    "scaled attention": {
        "sufficiency": {
            "mean": 0.6272310266204298,
            "std": 0.3550370957574867
        },
        "comprehensiveness": {
            "mean": 0.7660600121387713,
            "std": 0.29258162440963564
        },
        "AOPC - sufficiency": {
            "mean": 0.3990775747415134,
            "std": 0.16492105837301288
        },
        "AOPC - comprehensiveness": {
            "mean": 0.5227380051988605,
            "std": 0.1895010580943952
        }
    },
    "gradientshap": {
        "sufficiency": {
            "mean": 0.1254307347917056,
            "std": 0.214808928508002
        },
        "comprehensiveness": {
            "mean": 0.29055123336269445,
            "std": 0.3327157703247612
        },
        "AOPC - sufficiency": {
            "mean": 0.1380502437069147,
            "std": 0.13405771648021858
        },
        "AOPC - comprehensiveness": {
            "mean": 0.228304930873615,
            "std": 0.1731451545059121
        }
    },
    "gradients": {
        "sufficiency": {
            "mean": 0.32809199842112957,
            "std": 0.35346566945955227
        },
        "comprehensiveness": {
            "mean": 0.5467368708859436,
            "std": 0.38735114416796357
        },
        "AOPC - sufficiency": {
            "mean": 0.26725667226800714,
            "std": 0.1650311883792685
        },
        "AOPC - comprehensiveness": {
            "mean": 0.3961309604377371,
            "std": 0.21654004326156184
        }
    },
    "lime": {
        "sufficiency": {
            "mean": 0.1525370086020766,
            "std": 0.25010641054413635
        },
        "comprehensiveness": {
            "mean": 0.22807789956399413,
            "std": 0.30885651170649936
        },
        "AOPC - sufficiency": {
            "mean": 0.12875959408049975,
            "std": 0.14974403061714409
        },
        "AOPC - comprehensiveness": {
            "mean": 0.18083169456520298,
            "std": 0.1781495501840098
        }
    },
    "ig": {
        "sufficiency": {
            "mean": 0.3139058046566702,
            "std": 0.3488915587730853
        },
        "comprehensiveness": {
            "mean": 0.546372573327343,
            "std": 0.38692416904755694
        },
        "AOPC - sufficiency": {
            "mean": 0.26442335398418043,
            "std": 0.162824520749069
        },
        "AOPC - comprehensiveness": {
            "mean": 0.38870325787641713,
            "std": 0.2139247373426546
        }
    },
    "deeplift": {
        "sufficiency": {
            "mean": 0.13122958233237378,
            "std": 0.21546431683043082
        },
        "comprehensiveness": {
            "mean": 0.29706267725650953,
            "std": 0.3439008369744341
        },
        "AOPC - sufficiency": {
            "mean": 0.1658058014574909,
            "std": 0.12474000710051997
        },
        "AOPC - comprehensiveness": {
            "mean": 0.25826464011566486,
            "std": 0.16415153353144485
        }
    }
}