{
    "scaled attention": {
        "sufficiency": {
            "mean": 0.3793594606892664,
            "std": 0.35771883042606684
        },
        "comprehensiveness": {
            "mean": 0.6126050435746163,
            "std": 0.36243101736437655
        },
        "AOPC - sufficiency": {
            "mean": 0.39515048873398223,
            "std": 0.16302799275782487
        },
        "AOPC - comprehensiveness": {
            "mean": 0.5243688227884934,
            "std": 0.19147087201953084
        }
    },
    "deepliftshap": {
        "sufficiency": {
            "mean": 0.0975030342620813,
            "std": 0.1952586156439956
        },
        "comprehensiveness": {
            "mean": 0.19872958185355702,
            "std": 0.3046465521556423
        },
        "AOPC - sufficiency": {
            "mean": 0.14792326918812504,
            "std": 0.1393304984547694
        },
        "AOPC - comprehensiveness": {
            "mean": 0.2446122269661656,
            "std": 0.17608491561818468
        }
    },
    "attention": {
        "sufficiency": {
            "mean": 0.1569634798506881,
            "std": 0.26132757331741224
        },
        "comprehensiveness": {
            "mean": 0.33353991048820825,
            "std": 0.36931379675081644
        },
        "AOPC - sufficiency": {
            "mean": 0.2702553039096563,
            "std": 0.14499967276712353
        },
        "AOPC - comprehensiveness": {
            "mean": 0.3657882300973547,
            "std": 0.19070020707855023
        }
    },
    "gradients": {
        "sufficiency": {
            "mean": 0.18580067901587044,
            "std": 0.289326108520539
        },
        "comprehensiveness": {
            "mean": 0.3955374791653044,
            "std": 0.39222229097517264
        },
        "AOPC - sufficiency": {
            "mean": 0.2614029758344303,
            "std": 0.16128445992069285
        },
        "AOPC - comprehensiveness": {
            "mean": 0.3907091355542946,
            "std": 0.2193087591131091
        }
    },
    "random": {
        "sufficiency": {
            "mean": 0.10098800558772565,
            "std": 0.19492350504185518
        },
        "comprehensiveness": {
            "mean": 0.19540767813444485,
            "std": 0.29398107208682445
        },
        "AOPC - sufficiency": {
            "mean": 0.1445171812140854,
            "std": 0.1372826205224284
        },
        "AOPC - comprehensiveness": {
            "mean": 0.237718248334104,
            "std": 0.17781594374682183
        }
    },
    "gradientshap": {
        "sufficiency": {
            "mean": 0.09845273972949252,
            "std": 0.19299571258484607
        },
        "comprehensiveness": {
            "mean": 0.19227727823866042,
            "std": 0.2945656017166049
        },
        "AOPC - sufficiency": {
            "mean": 0.1394607031708588,
            "std": 0.1365642752603032
        },
        "AOPC - comprehensiveness": {
            "mean": 0.23349210891916755,
            "std": 0.17808073835068755
        }
    },
    "lime": {
        "sufficiency": {
            "mean": 0.11518782394495898,
            "std": 0.21321237907471235
        },
        "comprehensiveness": {
            "mean": 0.17437703259650214,
            "std": 0.2876255299772741
        },
        "AOPC - sufficiency": {
            "mean": 0.13855783811763633,
            "std": 0.1557667529617205
        },
        "AOPC - comprehensiveness": {
            "mean": 0.18551468033080756,
            "std": 0.18314918917804937
        }
    },
    "deeplift": {
        "sufficiency": {
            "mean": 0.09471214323594287,
            "std": 0.18551961570659783
        },
        "comprehensiveness": {
            "mean": 0.1891942657765995,
            "std": 0.30006867131770126
        },
        "AOPC - sufficiency": {
            "mean": 0.16476957666305964,
            "std": 0.1299427148041278
        },
        "AOPC - comprehensiveness": {
            "mean": 0.26565691725158785,
            "std": 0.16897291150614768
        }
    },
    "ig": {
        "sufficiency": {
            "mean": 0.17867313135856489,
            "std": 0.28072754373576086
        },
        "comprehensiveness": {
            "mean": 0.38472478202834687,
            "std": 0.3892327830219391
        },
        "AOPC - sufficiency": {
            "mean": 0.2603060460149121,
            "std": 0.15958898938833116
        },
        "AOPC - comprehensiveness": {
            "mean": 0.3841304714390618,
            "std": 0.21456882894428297
        }
    }
}