{
    "deepliftshap": {
        "sufficiency": {
            "mean": 0.13387413730489026,
            "std": 0.22573765494126186
        },
        "comprehensiveness": {
            "mean": 0.3092168466273794,
            "std": 0.3404485493338985
        },
        "AOPC - sufficiency": {
            "mean": 0.1473617205582793,
            "std": 0.13924327193883285
        },
        "AOPC - comprehensiveness": {
            "mean": 0.244842530063949,
            "std": 0.17618674425400332
        }
    },
    "attention": {
        "sufficiency": {
            "mean": 0.3289996243479709,
            "std": 0.356818032518328
        },
        "comprehensiveness": {
            "mean": 0.532265293855474,
            "std": 0.3719629410264602
        },
        "AOPC - sufficiency": {
            "mean": 0.2697857950454537,
            "std": 0.14507534329221025
        },
        "AOPC - comprehensiveness": {
            "mean": 0.36598416845803755,
            "std": 0.1907006083969727
        }
    },
    "random": {
        "sufficiency": {
            "mean": 0.1284542592604715,
            "std": 0.21444837004497017
        },
        "comprehensiveness": {
            "mean": 0.30337622912141443,
            "std": 0.33821048566809375
        },
        "AOPC - sufficiency": {
            "mean": 0.14371613417265736,
            "std": 0.13697147359298906
        },
        "AOPC - comprehensiveness": {
            "mean": 0.2386942917939745,
            "std": 0.17861125777860992
        }
    },
    "scaled attention": {
        "sufficiency": {
            "mean": 0.6257743836985024,
            "std": 0.35188789634754797
        },
        "comprehensiveness": {
            "mean": 0.7636198843178689,
            "std": 0.29856541537325443
        },
        "AOPC - sufficiency": {
            "mean": 0.3965144937714191,
            "std": 0.16266705129380848
        },
        "AOPC - comprehensiveness": {
            "mean": 0.5229630492371701,
            "std": 0.19156719990285687
        }
    },
    "gradientshap": {
        "sufficiency": {
            "mean": 0.11955490665468596,
            "std": 0.2048735239827319
        },
        "comprehensiveness": {
            "mean": 0.2961372078022624,
            "std": 0.33315887703890773
        },
        "AOPC - sufficiency": {
            "mean": 0.13917513135490672,
            "std": 0.13628543732945367
        },
        "AOPC - comprehensiveness": {
            "mean": 0.23409114229501649,
            "std": 0.17869792795555736
        }
    },
    "gradients": {
        "sufficiency": {
            "mean": 0.3212366824401831,
            "std": 0.3467053687524661
        },
        "comprehensiveness": {
            "mean": 0.5398388144418911,
            "std": 0.3891313021748778
        },
        "AOPC - sufficiency": {
            "mean": 0.26260861749664843,
            "std": 0.16107102955285044
        },
        "AOPC - comprehensiveness": {
            "mean": 0.3897767421603515,
            "std": 0.2189767508603964
        }
    },
    "lime": {
        "sufficiency": {
            "mean": 0.15788514432494352,
            "std": 0.252204573172438
        },
        "comprehensiveness": {
            "mean": 0.23513760215923016,
            "std": 0.3113958873572543
        },
        "AOPC - sufficiency": {
            "mean": 0.13546860380677114,
            "std": 0.1545959730052369
        },
        "AOPC - comprehensiveness": {
            "mean": 0.18290727407344315,
            "std": 0.17739143747002717
        }
    },
    "ig": {
        "sufficiency": {
            "mean": 0.30792488648816707,
            "std": 0.3430138919541409
        },
        "comprehensiveness": {
            "mean": 0.5369740216637562,
            "std": 0.3863251065566306
        },
        "AOPC - sufficiency": {
            "mean": 0.2599431282980994,
            "std": 0.15961130448865452
        },
        "AOPC - comprehensiveness": {
            "mean": 0.38402575932901767,
            "std": 0.21437121521269512
        }
    },
    "deeplift": {
        "sufficiency": {
            "mean": 0.14028517135391358,
            "std": 0.22506816907765778
        },
        "comprehensiveness": {
            "mean": 0.3124009772014066,
            "std": 0.35329754418873194
        },
        "AOPC - sufficiency": {
            "mean": 0.16523733122855452,
            "std": 0.12976541539822248
        },
        "AOPC - comprehensiveness": {
            "mean": 0.26516619846037615,
            "std": 0.16902514291931894
        }
    }
}