{
    "ig": {
        "sufficiency": {
            "mean": 0.15754593144234913,
            "std": 0.23018594693840286
        },
        "comprehensiveness": {
            "mean": 0.4601524120130706,
            "std": 0.44306993746599344
        },
        "AOPC - sufficiency": {
            "mean": 0.18617155201585908,
            "std": 0.19368959231275235
        },
        "AOPC - comprehensiveness": {
            "mean": 0.4221019093945852,
            "std": 0.28104995693615825
        }
    },
    "gradientshap": {
        "sufficiency": {
            "mean": 0.14207588851163716,
            "std": 0.1980524489434638
        },
        "comprehensiveness": {
            "mean": 0.3327938382371588,
            "std": 0.42949917374893015
        },
        "AOPC - sufficiency": {
            "mean": 0.15154221592374462,
            "std": 0.1854824728008644
        },
        "AOPC - comprehensiveness": {
            "mean": 0.33852055000168974,
            "std": 0.2614658954576563
        }
    },
    "deeplift": {
        "sufficiency": {
            "mean": 0.19112162981933617,
            "std": 0.2762153988576142
        },
        "comprehensiveness": {
            "mean": 0.37040948740081536,
            "std": 0.42640253475731105
        },
        "AOPC - sufficiency": {
            "mean": 0.18584611778048885,
            "std": 0.22224930162529044
        },
        "AOPC - comprehensiveness": {
            "mean": 0.37144061797454836,
            "std": 0.24920942113599084
        }
    },
    "attention": {
        "sufficiency": {
            "mean": 0.15162714588849746,
            "std": 0.21390159087795887
        },
        "comprehensiveness": {
            "mean": 0.3276911154901807,
            "std": 0.41249565173832375
        },
        "AOPC - sufficiency": {
            "mean": 0.20988184538240945,
            "std": 0.18393116002585386
        },
        "AOPC - comprehensiveness": {
            "mean": 0.35489768146529704,
            "std": 0.21199724096546288
        }
    },
    "random": {
        "sufficiency": {
            "mean": 0.13879700526678201,
            "std": 0.18972053138708286
        },
        "comprehensiveness": {
            "mean": 0.3146095658613761,
            "std": 0.4197543106340098
        },
        "AOPC - sufficiency": {
            "mean": 0.14594494774272027,
            "std": 0.18138915173479844
        },
        "AOPC - comprehensiveness": {
            "mean": 0.3268650351361566,
            "std": 0.2572717395779151
        }
    },
    "gradients": {
        "sufficiency": {
            "mean": 0.16402886494247135,
            "std": 0.23758110943837854
        },
        "comprehensiveness": {
            "mean": 0.4391773703443417,
            "std": 0.4411788981762668
        },
        "AOPC - sufficiency": {
            "mean": 0.18979445763897948,
            "std": 0.19751682965948666
        },
        "AOPC - comprehensiveness": {
            "mean": 0.4122624881145314,
            "std": 0.2777749801570815
        }
    },
    "scaled attention": {
        "sufficiency": {
            "mean": 0.28947861740228364,
            "std": 0.352111025115112
        },
        "comprehensiveness": {
            "mean": 0.6823163671465023,
            "std": 0.38829276201714463
        },
        "AOPC - sufficiency": {
            "mean": 0.31312218083015697,
            "std": 0.21873252807873342
        },
        "AOPC - comprehensiveness": {
            "mean": 0.5609397181939084,
            "std": 0.2548817459223892
        }
    },
    "lime": {
        "sufficiency": {
            "mean": 0.1458733924104,
            "std": 0.20532741279790137
        },
        "comprehensiveness": {
            "mean": 0.26198437351204296,
            "std": 0.38829090497318863
        },
        "AOPC - sufficiency": {
            "mean": 0.14644463343489394,
            "std": 0.18698053073149232
        },
        "AOPC - comprehensiveness": {
            "mean": 0.28380811773056913,
            "std": 0.22919260153422316
        }
    },
    "deepliftshap": {
        "sufficiency": {
            "mean": 0.16052127231417598,
            "std": 0.2243353814782363
        },
        "comprehensiveness": {
            "mean": 0.3323697299231945,
            "std": 0.41952650814139053
        },
        "AOPC - sufficiency": {
            "mean": 0.16513655268880617,
            "std": 0.19889060959252086
        },
        "AOPC - comprehensiveness": {
            "mean": 0.33379802800463215,
            "std": 0.24687101330594155
        }
    }
}