{
    "ig": {
        "sufficiency": {
            "mean": 0.16274522979966632,
            "std": 0.2357488928252266
        },
        "comprehensiveness": {
            "mean": 0.4639955627212721,
            "std": 0.4459004236586924
        },
        "AOPC - sufficiency": {
            "mean": 0.19154690183419967,
            "std": 0.19844398672174907
        },
        "AOPC - comprehensiveness": {
            "mean": 0.4260398267224721,
            "std": 0.281753536707385
        }
    },
    "gradientshap": {
        "sufficiency": {
            "mean": 0.14326009923139713,
            "std": 0.19498545362769884
        },
        "comprehensiveness": {
            "mean": 0.329705506942372,
            "std": 0.42728246636055417
        },
        "AOPC - sufficiency": {
            "mean": 0.15028937965592262,
            "std": 0.18532156714948037
        },
        "AOPC - comprehensiveness": {
            "mean": 0.33622697298109794,
            "std": 0.2626249275545958
        }
    },
    "deeplift": {
        "sufficiency": {
            "mean": 0.19560751681232394,
            "std": 0.2783256557020516
        },
        "comprehensiveness": {
            "mean": 0.3769626731672831,
            "std": 0.42762459118299057
        },
        "AOPC - sufficiency": {
            "mean": 0.19104877513259694,
            "std": 0.22592650815694856
        },
        "AOPC - comprehensiveness": {
            "mean": 0.37983441949218083,
            "std": 0.25210702531978946
        }
    },
    "attention": {
        "sufficiency": {
            "mean": 0.1584298946458558,
            "std": 0.22265894001005004
        },
        "comprehensiveness": {
            "mean": 0.3317576147363525,
            "std": 0.4129928620218762
        },
        "AOPC - sufficiency": {
            "mean": 0.21060772948612724,
            "std": 0.18814492857731208
        },
        "AOPC - comprehensiveness": {
            "mean": 0.35585515799315115,
            "std": 0.21067578503421364
        }
    },
    "random": {
        "sufficiency": {
            "mean": 0.14369037846451052,
            "std": 0.19503331609439756
        },
        "comprehensiveness": {
            "mean": 0.3166456377866014,
            "std": 0.41756240634930414
        },
        "AOPC - sufficiency": {
            "mean": 0.14869767767323025,
            "std": 0.18323780792975344
        },
        "AOPC - comprehensiveness": {
            "mean": 0.32780291258502486,
            "std": 0.25756298490287793
        }
    },
    "gradients": {
        "sufficiency": {
            "mean": 0.16467717537015703,
            "std": 0.2356276816830907
        },
        "comprehensiveness": {
            "mean": 0.44453955690335584,
            "std": 0.4433522019490499
        },
        "AOPC - sufficiency": {
            "mean": 0.19472526885090286,
            "std": 0.19975468869500632
        },
        "AOPC - comprehensiveness": {
            "mean": 0.41365764191253457,
            "std": 0.27599502868395037
        }
    },
    "scaled attention": {
        "sufficiency": {
            "mean": 0.2804415104777232,
            "std": 0.3464991263218037
        },
        "comprehensiveness": {
            "mean": 0.6848190840216483,
            "std": 0.3834428181367843
        },
        "AOPC - sufficiency": {
            "mean": 0.31389408741344077,
            "std": 0.21693592731105898
        },
        "AOPC - comprehensiveness": {
            "mean": 0.5617696115857097,
            "std": 0.2524542720639137
        }
    },
    "lime": {
        "sufficiency": {
            "mean": 0.1502267733114262,
            "std": 0.2087981114553012
        },
        "comprehensiveness": {
            "mean": 0.2725589685147695,
            "std": 0.3964941270115847
        },
        "AOPC - sufficiency": {
            "mean": 0.14720156943253046,
            "std": 0.18950360226642457
        },
        "AOPC - comprehensiveness": {
            "mean": 0.28180836959491795,
            "std": 0.23276004017397825
        }
    },
    "deepliftshap": {
        "sufficiency": {
            "mean": 0.16687638197819699,
            "std": 0.22927757086072065
        },
        "comprehensiveness": {
            "mean": 0.33714382768383055,
            "std": 0.4194102357526301
        },
        "AOPC - sufficiency": {
            "mean": 0.16819993196918734,
            "std": 0.20124656272702154
        },
        "AOPC - comprehensiveness": {
            "mean": 0.33639598124934594,
            "std": 0.24998385312756882
        }
    }
}