{
    "scaled attention": {
        "sufficiency": {
            "mean": 0.773517928937007,
            "std": 0.2969296596425801
        },
        "comprehensiveness": {
            "mean": 0.429645100952954,
            "std": 0.40585459795402984
        },
        "AOPC - sufficiency": {
            "mean": 0.5545221483400525,
            "std": 0.19983922690629194
        },
        "AOPC - comprehensiveness": {
            "mean": 0.34726198328851,
            "std": 0.2720409910988492
        }
    },
    "random": {
        "sufficiency": {
            "mean": 0.3666046342929042,
            "std": 0.3921408017379438
        },
        "comprehensiveness": {
            "mean": 0.16652324836588936,
            "std": 0.31169927001625514
        },
        "AOPC - sufficiency": {
            "mean": 0.2858883367368827,
            "std": 0.22574861898326165
        },
        "AOPC - comprehensiveness": {
            "mean": 0.14361156872368017,
            "std": 0.19343510082964205
        }
    },
    "attention": {
        "sufficiency": {
            "mean": 0.4041541564307257,
            "std": 0.39593666957871654
        },
        "comprehensiveness": {
            "mean": 0.1610918042534112,
            "std": 0.3087671030026142
        },
        "AOPC - sufficiency": {
            "mean": 0.29507928218243573,
            "std": 0.21506668601351522
        },
        "AOPC - comprehensiveness": {
            "mean": 0.1272139029231998,
            "std": 0.1681906787173633
        }
    },
    "lime": {
        "sufficiency": {
            "mean": 0.35357687036647656,
            "std": 0.3877676653307684
        },
        "comprehensiveness": {
            "mean": 0.15860476218832323,
            "std": 0.30813318238430065
        },
        "AOPC - sufficiency": {
            "mean": 0.2822257331839151,
            "std": 0.22698093317273613
        },
        "AOPC - comprehensiveness": {
            "mean": 0.13755461817595954,
            "std": 0.19625692431923705
        }
    },
    "deeplift": {
        "sufficiency": {
            "mean": 0.3557924292486664,
            "std": 0.3849388156389623
        },
        "comprehensiveness": {
            "mean": 0.13842698856698601,
            "std": 0.2895612230965171
        },
        "AOPC - sufficiency": {
            "mean": 0.2716419266986244,
            "std": 0.2125628706366167
        },
        "AOPC - comprehensiveness": {
            "mean": 0.10984009482666172,
            "std": 0.15937299867538324
        }
    },
    "gradients": {
        "sufficiency": {
            "mean": 0.4819855424222048,
            "std": 0.4012729625420257
        },
        "comprehensiveness": {
            "mean": 0.19115651561271152,
            "std": 0.3300260285780161
        },
        "AOPC - sufficiency": {
            "mean": 0.3561013687701123,
            "std": 0.22673153380481942
        },
        "AOPC - comprehensiveness": {
            "mean": 0.1600422017890948,
            "std": 0.20337044170908855
        }
    }
}