{
    "lime": {
        "sufficiency": {
            "mean": 0.2928036529983395,
            "std": 0.3780880037933234
        },
        "comprehensiveness": {
            "mean": 0.20858742678340453,
            "std": 0.34492287536444555
        },
        "AOPC - sufficiency": {
            "mean": 0.251291306609286,
            "std": 0.2465479745405826
        },
        "AOPC - comprehensiveness": {
            "mean": 0.1849157031026323,
            "std": 0.2204789437551855
        }
    },
    "gradients": {
        "sufficiency": {
            "mean": 0.37707126147049574,
            "std": 0.39583060120356833
        },
        "comprehensiveness": {
            "mean": 0.28393391885920555,
            "std": 0.3800537684488702
        },
        "AOPC - sufficiency": {
            "mean": 0.3049002435388484,
            "std": 0.2366770832853943
        },
        "AOPC - comprehensiveness": {
            "mean": 0.2406260223065321,
            "std": 0.22338858222999103
        }
    },
    "scaled attention": {
        "sufficiency": {
            "mean": 0.7892603979267877,
            "std": 0.3016674883732729
        },
        "comprehensiveness": {
            "mean": 0.6489454299718861,
            "std": 0.38920870177032063
        },
        "AOPC - sufficiency": {
            "mean": 0.5667327707027875,
            "std": 0.21001170096154131
        },
        "AOPC - comprehensiveness": {
            "mean": 0.48378173094621624,
            "std": 0.23933256383896467
        }
    },
    "random": {
        "sufficiency": {
            "mean": 0.3058624505959702,
            "std": 0.37961636704703566
        },
        "comprehensiveness": {
            "mean": 0.21625220800525752,
            "std": 0.3446876458690116
        },
        "AOPC - sufficiency": {
            "mean": 0.26495366316640334,
            "std": 0.24415433019371896
        },
        "AOPC - comprehensiveness": {
            "mean": 0.19118387910673534,
            "std": 0.20925381773214397
        }
    },
    "deeplift": {
        "sufficiency": {
            "mean": 0.2761787157857554,
            "std": 0.3559580457080778
        },
        "comprehensiveness": {
            "mean": 0.18965927384004014,
            "std": 0.33478305528291685
        },
        "AOPC - sufficiency": {
            "mean": 0.2486776547253832,
            "std": 0.21069158108370536
        },
        "AOPC - comprehensiveness": {
            "mean": 0.18056653895976033,
            "std": 0.17727267219249207
        }
    },
    "attention": {
        "sufficiency": {
            "mean": 0.4604741634715747,
            "std": 0.40062984254279854
        },
        "comprehensiveness": {
            "mean": 0.3100222301307842,
            "std": 0.3930132629505788
        },
        "AOPC - sufficiency": {
            "mean": 0.31465634309997914,
            "std": 0.1856639655956557
        },
        "AOPC - comprehensiveness": {
            "mean": 0.22841729227066074,
            "std": 0.1740411847046186
        }
    }
}