{
    "ece": 0.013248980045318604,
    "refinement": 0.0,
    "bins": {
        "1": {
            "acc": 0.0,
            "conf": 0.0
        },
        "2": {
            "acc": 0.0,
            "conf": 0.0
        },
        "3": {
            "acc": 0.0,
            "conf": 0.0
        },
        "4": {
            "acc": 0.0,
            "conf": 0.0
        },
        "5": {
            "acc": 0.0,
            "conf": 0.0
        },
        "6": {
            "acc": 0.0,
            "conf": 0.0
        },
        "7": {
            "acc": 0.0,
            "conf": 0.0
        },
        "8": {
            "acc": 0.0,
            "conf": 0.0
        },
        "9": {
            "acc": 0.0,
            "conf": 0.0
        },
        "10": {
            "acc": 1.0,
            "conf": 0.9869999885559082
        }
    }
}