,AsyD1,AsyD2
Suff_diff,0.11989821789070332,0.1496648389433639
Comp_diff,0.07910549918683563,0.1856530008187005
