,AsyD1,AsyD2
0,0.11989821789070332,0.1496648389433639
1,0.07910549918683563,0.1856530008187005
