,LSTM F1,LSTM std,KUMA F1,KUMA std,SPECTRA F1,SPECTRA std
0,66.83094626231201,0.8474905848252001,64.8559222430685,1.6756614128461003,48.69199999999999,1.43053136980633
1,66.3565694123825,0.9732550742116,64.8559222430685,1.6756614128461003,42.988,2.88750238095139
2,59.0933959716964,0.8867389586446001,70.6825083619807,3.5040835819639002,37.55,3.60882252265195
3,54.402793742602206,1.1524794936303,69.20103716282262,4.692108434934,39.036,3.5661856373441903
