{
    "deeplift": {
        "sufficiency": {
            "mean": 0.3768271587481413,
            "std": 0.3971460867490783
        },
        "comprehensiveness": {
            "mean": 0.2928181875253693,
            "std": 0.39050646162126595
        },
        "AOPC - sufficiency": {
            "mean": 0.2667946013090065,
            "std": 0.20901878830043108
        },
        "AOPC - comprehensiveness": {
            "mean": 0.2140743631949727,
            "std": 0.2155806186877663
        }
    },
    "lime": {
        "sufficiency": {
            "mean": 0.35705250905120967,
            "std": 0.3863415691912093
        },
        "comprehensiveness": {
            "mean": 0.31768411342704983,
            "std": 0.4011030563809154
        },
        "AOPC - sufficiency": {
            "mean": 0.26071009332291706,
            "std": 0.21006190902119265
        },
        "AOPC - comprehensiveness": {
            "mean": 0.22600829014184343,
            "std": 0.22657160985854236
        }
    },
    "scaled attention": {
        "sufficiency": {
            "mean": 0.6756790194023913,
            "std": 0.33326048156910515
        },
        "comprehensiveness": {
            "mean": 0.5446841241900904,
            "std": 0.4166826374075781
        },
        "AOPC - sufficiency": {
            "mean": 0.4667442705228158,
            "std": 0.19808307700103656
        },
        "AOPC - comprehensiveness": {
            "mean": 0.40636872874488295,
            "std": 0.27435933615283564
        }
    },
    "attention": {
        "sufficiency": {
            "mean": 0.5922337002338566,
            "std": 0.3777910752634119
        },
        "comprehensiveness": {
            "mean": 0.42213234800749605,
            "std": 0.42935174169488394
        },
        "AOPC - sufficiency": {
            "mean": 0.41738248041258097,
            "std": 0.2197227631540425
        },
        "AOPC - comprehensiveness": {
            "mean": 0.3295624589955446,
            "std": 0.2670130557996791
        }
    },
    "gradients": {
        "sufficiency": {
            "mean": 0.5047018560473547,
            "std": 0.3921297926010583
        },
        "comprehensiveness": {
            "mean": 0.38906061770877226,
            "std": 0.4259234057977206
        },
        "AOPC - sufficiency": {
            "mean": 0.33073950852294687,
            "std": 0.20697118147702293
        },
        "AOPC - comprehensiveness": {
            "mean": 0.28349195520896087,
            "std": 0.2562834827989138
        }
    },
    "random": {
        "sufficiency": {
            "mean": 0.34649776971654106,
            "std": 0.3810067522450621
        },
        "comprehensiveness": {
            "mean": 0.2737445963892782,
            "std": 0.38649686081929596
        },
        "AOPC - sufficiency": {
            "mean": 0.25541121484297163,
            "std": 0.20642553550013384
        },
        "AOPC - comprehensiveness": {
            "mean": 0.19978676937199188,
            "std": 0.21830937782685828
        }
    }
}