{
    "gradientshap": {
        "sufficiency": {
            "mean": 0.15598367933028456,
            "std": 0.30762374433891654
        },
        "comprehensiveness": {
            "mean": 0.21375213760748818,
            "std": 0.33390621929639547
        },
        "AOPC - sufficiency": {
            "mean": 0.18342349551247053,
            "std": 0.2031172321252782
        },
        "AOPC - comprehensiveness": {
            "mean": 0.20314429650806337,
            "std": 0.1864163271740922
        }
    },
    "gradients": {
        "sufficiency": {
            "mean": 0.2573556662220458,
            "std": 0.35409232401490115
        },
        "comprehensiveness": {
            "mean": 0.4587836359161875,
            "std": 0.4216353758557093
        },
        "AOPC - sufficiency": {
            "mean": 0.25210342399034,
            "std": 0.20279854227607422
        },
        "AOPC - comprehensiveness": {
            "mean": 0.3650856709827711,
            "std": 0.23846372608887245
        }
    },
    "random": {
        "sufficiency": {
            "mean": 0.14768026021450487,
            "std": 0.30650182001714815
        },
        "comprehensiveness": {
            "mean": 0.20052632156807643,
            "std": 0.32890855547798187
        },
        "AOPC - sufficiency": {
            "mean": 0.17886823995034207,
            "std": 0.2091570464410179
        },
        "AOPC - comprehensiveness": {
            "mean": 0.18725012327986335,
            "std": 0.1805154518271699
        }
    },
    "lime": {
        "sufficiency": {
            "mean": 0.2217497288050857,
            "std": 0.34398272419436127
        },
        "comprehensiveness": {
            "mean": 0.2119956948458199,
            "std": 0.33043546914393623
        },
        "AOPC - sufficiency": {
            "mean": 0.18926940015445823,
            "std": 0.2099656906033927
        },
        "AOPC - comprehensiveness": {
            "mean": 0.18012616880774213,
            "std": 0.1863903227879325
        }
    },
    "ig": {
        "sufficiency": {
            "mean": 0.29613534799542457,
            "std": 0.36277706924381925
        },
        "comprehensiveness": {
            "mean": 0.4754286243128674,
            "std": 0.4163267312090424
        },
        "AOPC - sufficiency": {
            "mean": 0.26424829040709563,
            "std": 0.2017708943313538
        },
        "AOPC - comprehensiveness": {
            "mean": 0.36708106782256317,
            "std": 0.23467733109612848
        }
    },
    "attention": {
        "sufficiency": {
            "mean": 0.7076089367739147,
            "std": 0.33518494657155773
        },
        "comprehensiveness": {
            "mean": 0.7443734418143033,
            "std": 0.3630006301594004
        },
        "AOPC - sufficiency": {
            "mean": 0.4288760670255359,
            "std": 0.20182902678895961
        },
        "AOPC - comprehensiveness": {
            "mean": 0.5007804627389897,
            "std": 0.20761387646022764
        }
    },
    "scaled attention": {
        "sufficiency": {
            "mean": 0.7934391786288325,
            "std": 0.29078283322000564
        },
        "comprehensiveness": {
            "mean": 0.7976173845763429,
            "std": 0.3300907019406587
        },
        "AOPC - sufficiency": {
            "mean": 0.5007451353479658,
            "std": 0.18680184054994037
        },
        "AOPC - comprehensiveness": {
            "mean": 0.5332796001706224,
            "std": 0.21093444528684138
        }
    },
    "deeplift": {
        "sufficiency": {
            "mean": 0.18365579952003325,
            "std": 0.31702409953275157
        },
        "comprehensiveness": {
            "mean": 0.35083155423965473,
            "std": 0.3814321218500307
        },
        "AOPC - sufficiency": {
            "mean": 0.20918155394244642,
            "std": 0.1998433835044512
        },
        "AOPC - comprehensiveness": {
            "mean": 0.28440438473324336,
            "std": 0.18791949516249937
        }
    },
    "deepliftshap": {
        "sufficiency": {
            "mean": 0.18402137676745065,
            "std": 0.3244177160909074
        },
        "comprehensiveness": {
            "mean": 0.24582094618677733,
            "std": 0.3416223719177862
        },
        "AOPC - sufficiency": {
            "mean": 0.2025990181309727,
            "std": 0.20919954651330555
        },
        "AOPC - comprehensiveness": {
            "mean": 0.2165256193202609,
            "std": 0.18156178684810875
        }
    }
}