{
    "ig": {
        "sufficiency": {
            "mean": 0.2730511413850917,
            "std": 0.362055176592309
        },
        "comprehensiveness": {
            "mean": 0.4024789537911621,
            "std": 0.42566429118869875
        },
        "AOPC - sufficiency": {
            "mean": 0.2513722373982598,
            "std": 0.21645731180532313
        },
        "AOPC - comprehensiveness": {
            "mean": 0.34845919958378957,
            "std": 0.2421977669819951
        }
    },
    "gradientshap": {
        "sufficiency": {
            "mean": 0.15530566459782286,
            "std": 0.301322960605952
        },
        "comprehensiveness": {
            "mean": 0.19943644622611523,
            "std": 0.28059958669619084
        },
        "AOPC - sufficiency": {
            "mean": 0.1738337192761991,
            "std": 0.2097140607229671
        },
        "AOPC - comprehensiveness": {
            "mean": 0.17019794337187444,
            "std": 0.13133967632417778
        }
    },
    "gradients": {
        "sufficiency": {
            "mean": 0.2962255606100006,
            "std": 0.3857682544925628
        },
        "comprehensiveness": {
            "mean": 0.4167412503304081,
            "std": 0.411997190235622
        },
        "AOPC - sufficiency": {
            "mean": 0.26114826274543956,
            "std": 0.22036536923658526
        },
        "AOPC - comprehensiveness": {
            "mean": 0.336882340874518,
            "std": 0.23178368849060518
        }
    },
    "scaled attention": {
        "sufficiency": {
            "mean": 0.79950643015433,
            "std": 0.24368923480814922
        },
        "comprehensiveness": {
            "mean": 0.9402457505591542,
            "std": 0.16077355395953644
        },
        "AOPC - sufficiency": {
            "mean": 0.5366944381573014,
            "std": 0.18229621375073468
        },
        "AOPC - comprehensiveness": {
            "mean": 0.6122654604803027,
            "std": 0.14908224271232867
        }
    },
    "deepliftshap": {
        "sufficiency": {
            "mean": 0.17755894673554032,
            "std": 0.3415466585830087
        },
        "comprehensiveness": {
            "mean": 0.23410991450865976,
            "std": 0.32029947814921483
        },
        "AOPC - sufficiency": {
            "mean": 0.19342959767409848,
            "std": 0.23958631726690593
        },
        "AOPC - comprehensiveness": {
            "mean": 0.22140615741526454,
            "std": 0.1859448481956711
        }
    },
    "deeplift": {
        "sufficiency": {
            "mean": 0.21218354495027625,
            "std": 0.3563609709795455
        },
        "comprehensiveness": {
            "mean": 0.3298870005512805,
            "std": 0.37546649978590535
        },
        "AOPC - sufficiency": {
            "mean": 0.21344140326483058,
            "std": 0.22959880029791135
        },
        "AOPC - comprehensiveness": {
            "mean": 0.2826617927445528,
            "std": 0.18193236129979226
        }
    },
    "attention": {
        "sufficiency": {
            "mean": 0.6727189835790374,
            "std": 0.3618870828657736
        },
        "comprehensiveness": {
            "mean": 0.7123771538180383,
            "std": 0.40831533098777084
        },
        "AOPC - sufficiency": {
            "mean": 0.4133517915713146,
            "std": 0.20171511665389705
        },
        "AOPC - comprehensiveness": {
            "mean": 0.4771147745242803,
            "std": 0.22147371505161734
        }
    },
    "random": {
        "sufficiency": {
            "mean": 0.19951479925748927,
            "std": 0.35955537437589474
        },
        "comprehensiveness": {
            "mean": 0.2279576840583205,
            "std": 0.3440671427998502
        },
        "AOPC - sufficiency": {
            "mean": 0.21454207506081868,
            "std": 0.2327142293731447
        },
        "AOPC - comprehensiveness": {
            "mean": 0.21223701117018792,
            "std": 0.15602633068585697
        }
    }
}