{
    "ig": {
        "sufficiency": {
            "mean": 0.2666248530904292,
            "std": 0.3606614113938528
        },
        "comprehensiveness": {
            "mean": 0.4024789537911621,
            "std": 0.42566429118869875
        },
        "AOPC - sufficiency": {
            "mean": 0.24999379673365166,
            "std": 0.21614817674454903
        },
        "AOPC - comprehensiveness": {
            "mean": 0.3531374935007738,
            "std": 0.23743346849916103
        }
    },
    "gradientshap": {
        "sufficiency": {
            "mean": 0.1824276405432158,
            "std": 0.30112448318683654
        },
        "comprehensiveness": {
            "mean": 0.22176752080796244,
            "std": 0.338015450368931
        },
        "AOPC - sufficiency": {
            "mean": 0.21373194850406982,
            "std": 0.21222645254829667
        },
        "AOPC - comprehensiveness": {
            "mean": 0.1990694372949351,
            "std": 0.1473454979368654
        }
    },
    "gradients": {
        "sufficiency": {
            "mean": 0.29606415653790935,
            "std": 0.38588020622633995
        },
        "comprehensiveness": {
            "mean": 0.416819782893281,
            "std": 0.4119357146881778
        },
        "AOPC - sufficiency": {
            "mean": 0.2611581896420248,
            "std": 0.2203853494491849
        },
        "AOPC - comprehensiveness": {
            "mean": 0.3404773642764297,
            "std": 0.23479480157214314
        }
    },
    "scaled attention": {
        "sufficiency": {
            "mean": 0.79950643015433,
            "std": 0.24368923480814922
        },
        "comprehensiveness": {
            "mean": 0.9402457505591542,
            "std": 0.16077355395953644
        },
        "AOPC - sufficiency": {
            "mean": 0.5366513813370812,
            "std": 0.1823095290171522
        },
        "AOPC - comprehensiveness": {
            "mean": 0.6121127768259168,
            "std": 0.1492648708896174
        }
    },
    "deepliftshap": {
        "sufficiency": {
            "mean": 0.23587985551980917,
            "std": 0.374740318872128
        },
        "comprehensiveness": {
            "mean": 0.2263752104879826,
            "std": 0.3394421923713473
        },
        "AOPC - sufficiency": {
            "mean": 0.2238726245022897,
            "std": 0.24714092814250865
        },
        "AOPC - comprehensiveness": {
            "mean": 0.22889916360537133,
            "std": 0.17567386483167524
        }
    },
    "deeplift": {
        "sufficiency": {
            "mean": 0.2117498145248379,
            "std": 0.35627271398641397
        },
        "comprehensiveness": {
            "mean": 0.32738667301071117,
            "std": 0.3768645879455949
        },
        "AOPC - sufficiency": {
            "mean": 0.21391392287384067,
            "std": 0.2289481094272761
        },
        "AOPC - comprehensiveness": {
            "mean": 0.27729181071875025,
            "std": 0.1778300180490173
        }
    },
    "attention": {
        "sufficiency": {
            "mean": 0.6727189835790374,
            "std": 0.3618870828657736
        },
        "comprehensiveness": {
            "mean": 0.7123771538180383,
            "std": 0.40831533098777084
        },
        "AOPC - sufficiency": {
            "mean": 0.41424127825448354,
            "std": 0.2021103531548229
        },
        "AOPC - comprehensiveness": {
            "mean": 0.47722967117860216,
            "std": 0.22151320438760375
        }
    },
    "random": {
        "sufficiency": {
            "mean": 0.2038940870207088,
            "std": 0.3418125550000407
        },
        "comprehensiveness": {
            "mean": 0.26687029282804403,
            "std": 0.3745708250911808
        },
        "AOPC - sufficiency": {
            "mean": 0.20763807123176753,
            "std": 0.23781516472931555
        },
        "AOPC - comprehensiveness": {
            "mean": 0.23176229134215348,
            "std": 0.2062863774287617
        }
    }
}