{
    "gradientshap": {
        "sufficiency": {
            "mean": 0.18962146549831263,
            "std": 0.3439126724290647
        },
        "comprehensiveness": {
            "mean": 0.185553703664702,
            "std": 0.31394019205314844
        },
        "AOPC - sufficiency": {
            "mean": 0.18369402351347777,
            "std": 0.23667322540082242
        },
        "AOPC - comprehensiveness": {
            "mean": 0.19083015999161657,
            "std": 0.18187334879638553
        }
    },
    "gradients": {
        "sufficiency": {
            "mean": 0.26551652276891163,
            "std": 0.377038101093315
        },
        "comprehensiveness": {
            "mean": 0.27183156085805943,
            "std": 0.3712785039760775
        },
        "AOPC - sufficiency": {
            "mean": 0.23285651533971577,
            "std": 0.24122688027007907
        },
        "AOPC - comprehensiveness": {
            "mean": 0.19394123804429417,
            "std": 0.18610907096835053
        }
    },
    "random": {
        "sufficiency": {
            "mean": 0.19424098278360213,
            "std": 0.34883695150575533
        },
        "comprehensiveness": {
            "mean": 0.23729140248792568,
            "std": 0.3658360579755272
        },
        "AOPC - sufficiency": {
            "mean": 0.19108180270894487,
            "std": 0.23217200271219912
        },
        "AOPC - comprehensiveness": {
            "mean": 0.19416170613430897,
            "std": 0.19851981696320908
        }
    },
    "lime": {
        "sufficiency": {
            "mean": 0.30721314929786986,
            "std": 0.3872493339205822
        },
        "comprehensiveness": {
            "mean": 0.22180260460473036,
            "std": 0.3359817164738416
        },
        "AOPC - sufficiency": {
            "mean": 0.2366082724476535,
            "std": 0.23888458536879165
        },
        "AOPC - comprehensiveness": {
            "mean": 0.19427024405848242,
            "std": 0.17556749856995
        }
    },
    "ig": {
        "sufficiency": {
            "mean": 0.2976973324639072,
            "std": 0.4009379536539852
        },
        "comprehensiveness": {
            "mean": 0.20591639037814796,
            "std": 0.3170060706783893
        },
        "AOPC - sufficiency": {
            "mean": 0.23516125287259387,
            "std": 0.2525745690299056
        },
        "AOPC - comprehensiveness": {
            "mean": 0.17751219702887347,
            "std": 0.16861500687687844
        }
    },
    "attention": {
        "sufficiency": {
            "mean": 0.24186809190812056,
            "std": 0.36188747189642223
        },
        "comprehensiveness": {
            "mean": 0.29985504929207524,
            "std": 0.40052704522923993
        },
        "AOPC - sufficiency": {
            "mean": 0.21574484117411263,
            "std": 0.23049659074882448
        },
        "AOPC - comprehensiveness": {
            "mean": 0.22854712503998723,
            "std": 0.2205508393192493
        }
    },
    "scaled attention": {
        "sufficiency": {
            "mean": 0.2988905688994192,
            "std": 0.3996211372578095
        },
        "comprehensiveness": {
            "mean": 0.25921191891125916,
            "std": 0.36291851028910227
        },
        "AOPC - sufficiency": {
            "mean": 0.23990833020306862,
            "std": 0.24200054334088494
        },
        "AOPC - comprehensiveness": {
            "mean": 0.2065016527662274,
            "std": 0.2217142512650576
        }
    },
    "deeplift": {
        "sufficiency": {
            "mean": 0.19077041492278085,
            "std": 0.35452826310843527
        },
        "comprehensiveness": {
            "mean": 0.16831128019612496,
            "std": 0.28441196311891737
        },
        "AOPC - sufficiency": {
            "mean": 0.19047382484562358,
            "std": 0.2352254942494148
        },
        "AOPC - comprehensiveness": {
            "mean": 0.16088100815511006,
            "std": 0.12176867525807666
        }
    },
    "deepliftshap": {
        "sufficiency": {
            "mean": 0.17873091708618602,
            "std": 0.3449343809127074
        },
        "comprehensiveness": {
            "mean": 0.29502974831769874,
            "std": 0.3838706782482898
        },
        "AOPC - sufficiency": {
            "mean": 0.20591827811708657,
            "std": 0.24154174653380153
        },
        "AOPC - comprehensiveness": {
            "mean": 0.20281693811824442,
            "std": 0.15416957352852134
        }
    }
}