{
    "lime": {
        "sufficiency": {
            "mean": 0.22362801769377194,
            "std": 0.3489841790179276
        },
        "comprehensiveness": {
            "mean": 0.24096247082516956,
            "std": 0.3516434839554998
        },
        "AOPC - sufficiency": {
            "mean": 0.1963809184726605,
            "std": 0.2135164233776466
        },
        "AOPC - comprehensiveness": {
            "mean": 0.20199824039012004,
            "std": 0.20212139213222421
        }
    },
    "attention": {
        "sufficiency": {
            "mean": 0.690562504871509,
            "std": 0.3419738509069558
        },
        "comprehensiveness": {
            "mean": 0.7645013099795231,
            "std": 0.3519761165440578
        },
        "AOPC - sufficiency": {
            "mean": 0.4289426975428771,
            "std": 0.20548564875346753
        },
        "AOPC - comprehensiveness": {
            "mean": 0.5169816420559532,
            "std": 0.21032205241567034
        }
    },
    "deeplift": {
        "sufficiency": {
            "mean": 0.16338907208476913,
            "std": 0.3089650304258655
        },
        "comprehensiveness": {
            "mean": 0.29613929264680766,
            "std": 0.3659747559532668
        },
        "AOPC - sufficiency": {
            "mean": 0.18955480813049438,
            "std": 0.1975409147378071
        },
        "AOPC - comprehensiveness": {
            "mean": 0.26540340451755123,
            "std": 0.18602610380347856
        }
    },
    "gradients": {
        "sufficiency": {
            "mean": 0.22387460330843445,
            "std": 0.34066121507967195
        },
        "comprehensiveness": {
            "mean": 0.3949325727846552,
            "std": 0.41164014565579593
        },
        "AOPC - sufficiency": {
            "mean": 0.24291049632576428,
            "std": 0.19946473297952758
        },
        "AOPC - comprehensiveness": {
            "mean": 0.34241129677810567,
            "std": 0.2319361470902759
        }
    },
    "scaled attention": {
        "sufficiency": {
            "mean": 0.8380175537596208,
            "std": 0.2380048773346595
        },
        "comprehensiveness": {
            "mean": 0.9041842752235295,
            "std": 0.22221952552907873
        },
        "AOPC - sufficiency": {
            "mean": 0.5362676580167391,
            "std": 0.16238191977817387
        },
        "AOPC - comprehensiveness": {
            "mean": 0.6072084879016013,
            "std": 0.168322904691728
        }
    },
    "random": {
        "sufficiency": {
            "mean": 0.15554047357606318,
            "std": 0.3076060275816282
        },
        "comprehensiveness": {
            "mean": 0.20764289074750586,
            "std": 0.3262310115633331
        },
        "AOPC - sufficiency": {
            "mean": 0.17929993918177087,
            "std": 0.20481640123276418
        },
        "AOPC - comprehensiveness": {
            "mean": 0.1857265923219648,
            "std": 0.17429603051021708
        }
    }
}