{
    "lime": {
        "sufficiency": {
            "mean": 0.22362801769377194,
            "std": 0.3489841790179276
        },
        "comprehensiveness": {
            "mean": 0.24096247082516956,
            "std": 0.3516434839554998
        },
        "AOPC - sufficiency": {
            "mean": 0.1963809184726605,
            "std": 0.2135164233776466
        },
        "AOPC - comprehensiveness": {
            "mean": 0.20199824039012004,
            "std": 0.20212139213222421
        }
    },
    "random": {
        "sufficiency": {
            "mean": 0.1515291767641833,
            "std": 0.30632694407980954
        },
        "comprehensiveness": {
            "mean": 0.21138879519582163,
            "std": 0.3302811912712738
        },
        "AOPC - sufficiency": {
            "mean": 0.17625583882564308,
            "std": 0.20452853432286536
        },
        "AOPC - comprehensiveness": {
            "mean": 0.18963718482007436,
            "std": 0.17751718727831692
        }
    },
    "deeplift": {
        "sufficiency": {
            "mean": 0.16338907208476913,
            "std": 0.3089650304258655
        },
        "comprehensiveness": {
            "mean": 0.29613929264680766,
            "std": 0.3659747559532668
        },
        "AOPC - sufficiency": {
            "mean": 0.18955480813049438,
            "std": 0.1975409147378071
        },
        "AOPC - comprehensiveness": {
            "mean": 0.26540340451755123,
            "std": 0.18602610380347856
        }
    },
    "scaled attention": {
        "sufficiency": {
            "mean": 0.8371666234785988,
            "std": 0.2389966280586404
        },
        "comprehensiveness": {
            "mean": 0.9046819142703818,
            "std": 0.2217825367112107
        },
        "AOPC - sufficiency": {
            "mean": 0.5353839851009388,
            "std": 0.16286576279652631
        },
        "AOPC - comprehensiveness": {
            "mean": 0.6076765209583339,
            "std": 0.1682138902928211
        }
    },
    "gradients": {
        "sufficiency": {
            "mean": 0.22582626253658458,
            "std": 0.34069192417934707
        },
        "comprehensiveness": {
            "mean": 0.3937761874079498,
            "std": 0.41114667538548816
        },
        "AOPC - sufficiency": {
            "mean": 0.2439169660063397,
            "std": 0.19954693174665633
        },
        "AOPC - comprehensiveness": {
            "mean": 0.341482448161724,
            "std": 0.2315638103274442
        }
    },
    "attention": {
        "sufficiency": {
            "mean": 0.6957733204897887,
            "std": 0.33848835636490104
        },
        "comprehensiveness": {
            "mean": 0.7614951649879556,
            "std": 0.35299528298239274
        },
        "AOPC - sufficiency": {
            "mean": 0.4335925327803648,
            "std": 0.20407742225340017
        },
        "AOPC - comprehensiveness": {
            "mean": 0.5141796916729141,
            "std": 0.21054170698965657
        }
    }
}