{
    "gradientshap": {
        "sufficiency": {
            "mean": 0.15461619940032656,
            "std": 0.3011725328355775
        },
        "comprehensiveness": {
            "mean": 0.20024258947690432,
            "std": 0.2813040929269758
        },
        "AOPC - sufficiency": {
            "mean": 0.17339741989117902,
            "std": 0.209784491352096
        },
        "AOPC - comprehensiveness": {
            "mean": 0.1727978083540574,
            "std": 0.13121891308619252
        }
    },
    "gradients": {
        "sufficiency": {
            "mean": 0.29513461291563614,
            "std": 0.3857158577101429
        },
        "comprehensiveness": {
            "mean": 0.41752736564504805,
            "std": 0.4121437275787499
        },
        "AOPC - sufficiency": {
            "mean": 0.2604877658260169,
            "std": 0.2205148797846821
        },
        "AOPC - comprehensiveness": {
            "mean": 0.33753516341241435,
            "std": 0.23199431350053515
        }
    },
    "ig": {
        "sufficiency": {
            "mean": 0.2766124553997926,
            "std": 0.36143496929053065
        },
        "comprehensiveness": {
            "mean": 0.400782277255017,
            "std": 0.4247943619971571
        },
        "AOPC - sufficiency": {
            "mean": 0.2552075368284606,
            "std": 0.2204103183734635
        },
        "AOPC - comprehensiveness": {
            "mean": 0.34728756386565984,
            "std": 0.24179507877375306
        }
    },
    "attention": {
        "sufficiency": {
            "mean": 0.6697056194151103,
            "std": 0.3636208021695335
        },
        "comprehensiveness": {
            "mean": 0.7142529489555289,
            "std": 0.4083338823739169
        },
        "AOPC - sufficiency": {
            "mean": 0.40899652979117357,
            "std": 0.2014750124053072
        },
        "AOPC - comprehensiveness": {
            "mean": 0.47838628512765546,
            "std": 0.2214178970546384
        }
    },
    "scaled attention": {
        "sufficiency": {
            "mean": 0.8012919920571586,
            "std": 0.24007179662193345
        },
        "comprehensiveness": {
            "mean": 0.9398742716370291,
            "std": 0.1612656885232145
        },
        "AOPC - sufficiency": {
            "mean": 0.5379283966265261,
            "std": 0.1809756662422246
        },
        "AOPC - comprehensiveness": {
            "mean": 0.6111639582647495,
            "std": 0.1485439957237174
        }
    },
    "random": {
        "sufficiency": {
            "mean": 0.19824573456659883,
            "std": 0.35966998210400297
        },
        "comprehensiveness": {
            "mean": 0.2292882666692099,
            "std": 0.34542081492974847
        },
        "AOPC - sufficiency": {
            "mean": 0.21284930156875828,
            "std": 0.23231371304603549
        },
        "AOPC - comprehensiveness": {
            "mean": 0.21353475773552374,
            "std": 0.15638802689028974
        }
    },
    "deepliftshap": {
        "sufficiency": {
            "mean": 0.17918641400278948,
            "std": 0.3414172170133262
        },
        "comprehensiveness": {
            "mean": 0.23230355850145884,
            "std": 0.3185550842814937
        },
        "AOPC - sufficiency": {
            "mean": 0.19452900758741948,
            "std": 0.2393376676600293
        },
        "AOPC - comprehensiveness": {
            "mean": 0.21747636874823795,
            "std": 0.18257802547341187
        }
    },
    "deeplift": {
        "sufficiency": {
            "mean": 0.21555583441235102,
            "std": 0.3591041811921229
        },
        "comprehensiveness": {
            "mean": 0.3281987564896076,
            "std": 0.37456370071097206
        },
        "AOPC - sufficiency": {
            "mean": 0.21556824758932286,
            "std": 0.23127830580459752
        },
        "AOPC - comprehensiveness": {
            "mean": 0.2797523217349913,
            "std": 0.18333439170641275
        }
    }
}