{
    "ig": {
        "sufficiency": {
            "mean": 0.2684253977892234,
            "std": 0.3768308053117248
        },
        "comprehensiveness": {
            "mean": 0.2701428194233819,
            "std": 0.3641746173320402
        },
        "AOPC - sufficiency": {
            "mean": 0.22956093996684282,
            "std": 0.24202215848048345
        },
        "AOPC - comprehensiveness": {
            "mean": 0.2283021335265417,
            "std": 0.21516544823755848
        }
    },
    "gradientshap": {
        "sufficiency": {
            "mean": 0.23370895153480542,
            "std": 0.3901478640078352
        },
        "comprehensiveness": {
            "mean": 0.16675519930868127,
            "std": 0.3061159966792313
        },
        "AOPC - sufficiency": {
            "mean": 0.22803579380639152,
            "std": 0.2698049855782877
        },
        "AOPC - comprehensiveness": {
            "mean": 0.17555081379415627,
            "std": 0.20867288657094396
        }
    },
    "gradients": {
        "sufficiency": {
            "mean": 0.27173305756793753,
            "std": 0.37164312725611526
        },
        "comprehensiveness": {
            "mean": 0.24638412486052486,
            "std": 0.36343009549525507
        },
        "AOPC - sufficiency": {
            "mean": 0.22796009351698618,
            "std": 0.23689394128516328
        },
        "AOPC - comprehensiveness": {
            "mean": 0.20764517822995376,
            "std": 0.21030501291911874
        }
    },
    "scaled attention": {
        "sufficiency": {
            "mean": 0.2646545467479612,
            "std": 0.35791097504757485
        },
        "comprehensiveness": {
            "mean": 0.23005828407603807,
            "std": 0.34498604557291523
        },
        "AOPC - sufficiency": {
            "mean": 0.22735531429778338,
            "std": 0.24266382316193075
        },
        "AOPC - comprehensiveness": {
            "mean": 0.18179716736145338,
            "std": 0.17400661647529597
        }
    },
    "deepliftshap": {
        "sufficiency": {
            "mean": 0.23174053268443973,
            "std": 0.3644366122617093
        },
        "comprehensiveness": {
            "mean": 0.21703955581442966,
            "std": 0.3528031965245582
        },
        "AOPC - sufficiency": {
            "mean": 0.2060512379853387,
            "std": 0.24686304823950384
        },
        "AOPC - comprehensiveness": {
            "mean": 0.18246299233825145,
            "std": 0.18662499166726657
        }
    },
    "deeplift": {
        "sufficiency": {
            "mean": 0.20113885294710016,
            "std": 0.34449721847493286
        },
        "comprehensiveness": {
            "mean": 0.2258695009822823,
            "std": 0.34029521357142106
        },
        "AOPC - sufficiency": {
            "mean": 0.2133175115329109,
            "std": 0.25380811146615717
        },
        "AOPC - comprehensiveness": {
            "mean": 0.19844417527495314,
            "std": 0.19550266954808962
        }
    },
    "attention": {
        "sufficiency": {
            "mean": 0.29581404059189376,
            "std": 0.3851689230484143
        },
        "comprehensiveness": {
            "mean": 0.3151708106954518,
            "std": 0.3989223068894127
        },
        "AOPC - sufficiency": {
            "mean": 0.2634874931237793,
            "std": 0.25576095694050976
        },
        "AOPC - comprehensiveness": {
            "mean": 0.22839182461412413,
            "std": 0.20797263952804923
        }
    },
    "random": {
        "sufficiency": {
            "mean": 0.16395399448211692,
            "std": 0.323149327475354
        },
        "comprehensiveness": {
            "mean": 0.19724727330366806,
            "std": 0.29951403464478893
        },
        "AOPC - sufficiency": {
            "mean": 0.178449114971737,
            "std": 0.22832965029474273
        },
        "AOPC - comprehensiveness": {
            "mean": 0.19420597037630405,
            "std": 0.16583393891758236
        }
    }
}