{
    "lime": {
        "sufficiency": {
            "mean": 0.25665316779113156,
            "std": 0.37509891641569076
        },
        "comprehensiveness": {
            "mean": 0.23462792130830792,
            "std": 0.33901506841743867
        },
        "AOPC - sufficiency": {
            "mean": 0.2113882644670833,
            "std": 0.24489525714781493
        },
        "AOPC - comprehensiveness": {
            "mean": 0.1857325073157814,
            "std": 0.18831744832448205
        }
    },
    "random": {
        "sufficiency": {
            "mean": 0.2077837511773864,
            "std": 0.35298146321934926
        },
        "comprehensiveness": {
            "mean": 0.21700601710391984,
            "std": 0.3298127718802056
        },
        "AOPC - sufficiency": {
            "mean": 0.20983694011503604,
            "std": 0.2428642462650588
        },
        "AOPC - comprehensiveness": {
            "mean": 0.1959411966320333,
            "std": 0.1755878433168942
        }
    },
    "deeplift": {
        "sufficiency": {
            "mean": 0.19603998232967274,
            "std": 0.34292409258168516
        },
        "comprehensiveness": {
            "mean": 0.30101745150687775,
            "std": 0.3684300480752211
        },
        "AOPC - sufficiency": {
            "mean": 0.20511224921545082,
            "std": 0.23650608960427116
        },
        "AOPC - comprehensiveness": {
            "mean": 0.26015305227407,
            "std": 0.18783954953858029
        }
    },
    "scaled attention": {
        "sufficiency": {
            "mean": 0.8387487867777038,
            "std": 0.2527260081091831
        },
        "comprehensiveness": {
            "mean": 0.9081313664540851,
            "std": 0.2104402189084239
        },
        "AOPC - sufficiency": {
            "mean": 0.5462868702659289,
            "std": 0.1737288385891099
        },
        "AOPC - comprehensiveness": {
            "mean": 0.6202972287168997,
            "std": 0.16458600044299068
        }
    },
    "gradients": {
        "sufficiency": {
            "mean": 0.20847235357889765,
            "std": 0.35532891341045547
        },
        "comprehensiveness": {
            "mean": 0.3271847460217249,
            "std": 0.39189966188151326
        },
        "AOPC - sufficiency": {
            "mean": 0.25411065033485547,
            "std": 0.23202348888909324
        },
        "AOPC - comprehensiveness": {
            "mean": 0.2901151747099603,
            "std": 0.20851596757621843
        }
    },
    "attention": {
        "sufficiency": {
            "mean": 0.7032351377289635,
            "std": 0.3531121255934067
        },
        "comprehensiveness": {
            "mean": 0.7303070338578493,
            "std": 0.36871769609068494
        },
        "AOPC - sufficiency": {
            "mean": 0.4509915342302639,
            "std": 0.22015551385898074
        },
        "AOPC - comprehensiveness": {
            "mean": 0.504454554759911,
            "std": 0.21572715646177743
        }
    }
}