{
    "deeplift": {
        "sufficiency": {
            "mean": 0.19101691150372957,
            "std": 0.35671490812026335
        },
        "comprehensiveness": {
            "mean": 0.3263030574920466,
            "std": 0.3598444496612902
        },
        "AOPC - sufficiency": {
            "mean": 0.22429572666909384,
            "std": 0.24923653079195562
        },
        "AOPC - comprehensiveness": {
            "mean": 0.26839955161920476,
            "std": 0.17641458538403884
        }
    },
    "attention": {
        "sufficiency": {
            "mean": 0.7576693102781754,
            "std": 0.3354072711989424
        },
        "comprehensiveness": {
            "mean": 0.7164948610421421,
            "std": 0.3615948000303357
        },
        "AOPC - sufficiency": {
            "mean": 0.48210314339300125,
            "std": 0.21969657798843586
        },
        "AOPC - comprehensiveness": {
            "mean": 0.5014311149718966,
            "std": 0.21069880171300776
        }
    },
    "deepliftshap": {
        "sufficiency": {
            "mean": 0.19833536417245784,
            "std": 0.36372137724948045
        },
        "comprehensiveness": {
            "mean": 0.2194775108897051,
            "std": 0.3103686945322273
        },
        "AOPC - sufficiency": {
            "mean": 0.2305672684496135,
            "std": 0.2517030334656335
        },
        "AOPC - comprehensiveness": {
            "mean": 0.19947488998089014,
            "std": 0.16306467139153125
        }
    },
    "scaled attention": {
        "sufficiency": {
            "mean": 0.8240102328159182,
            "std": 0.28858127388327465
        },
        "comprehensiveness": {
            "mean": 0.8362512897323259,
            "std": 0.2888832773755955
        },
        "AOPC - sufficiency": {
            "mean": 0.5379417533789823,
            "std": 0.1941497123956803
        },
        "AOPC - comprehensiveness": {
            "mean": 0.5737514584800649,
            "std": 0.18186856038317942
        }
    },
    "gradients": {
        "sufficiency": {
            "mean": 0.23933477698628772,
            "std": 0.3821491405560719
        },
        "comprehensiveness": {
            "mean": 0.4617824853025728,
            "std": 0.40464811477550083
        },
        "AOPC - sufficiency": {
            "mean": 0.2762786881259453,
            "std": 0.23528318062432835
        },
        "AOPC - comprehensiveness": {
            "mean": 0.3641487875901984,
            "std": 0.226888566176027
        }
    },
    "ig": {
        "sufficiency": {
            "mean": 0.2612252526146306,
            "std": 0.3880333886317733
        },
        "comprehensiveness": {
            "mean": 0.4717141297322489,
            "std": 0.40202446913199336
        },
        "AOPC - sufficiency": {
            "mean": 0.28297496124338434,
            "std": 0.23344351979050912
        },
        "AOPC - comprehensiveness": {
            "mean": 0.3684363660849391,
            "std": 0.2262013791915602
        }
    },
    "gradientshap": {
        "sufficiency": {
            "mean": 0.19917217011581304,
            "std": 0.36192871779085944
        },
        "comprehensiveness": {
            "mean": 0.1836884838667432,
            "std": 0.2919381972625429
        },
        "AOPC - sufficiency": {
            "mean": 0.23036597285000787,
            "std": 0.24978687063516233
        },
        "AOPC - comprehensiveness": {
            "mean": 0.18015619271796007,
            "std": 0.16077817746556416
        }
    },
    "random": {
        "sufficiency": {
            "mean": 0.1925887737948761,
            "std": 0.35834751294828415
        },
        "comprehensiveness": {
            "mean": 0.16160665526872303,
            "std": 0.27223283340819987
        },
        "AOPC - sufficiency": {
            "mean": 0.22182995639206507,
            "std": 0.25162891383068064
        },
        "AOPC - comprehensiveness": {
            "mean": 0.1627541481161808,
            "std": 0.15191918694518494
        }
    }
}