{
    "gradientshap": {
        "sufficiency": {
            "mean": 0.15299644046272512,
            "std": 0.32229527756959764
        },
        "comprehensiveness": {
            "mean": 0.18955556300648557,
            "std": 0.3244909647525774
        },
        "AOPC - sufficiency": {
            "mean": 0.1897839365014817,
            "std": 0.2302562657206188
        },
        "AOPC - comprehensiveness": {
            "mean": 0.19683119886749384,
            "std": 0.2025158638260645
        }
    },
    "gradients": {
        "sufficiency": {
            "mean": 0.20189266568120895,
            "std": 0.33697712013225617
        },
        "comprehensiveness": {
            "mean": 0.27840826224708737,
            "std": 0.384615921777407
        },
        "AOPC - sufficiency": {
            "mean": 0.20625640141401674,
            "std": 0.2293848217231885
        },
        "AOPC - comprehensiveness": {
            "mean": 0.21503741926134395,
            "std": 0.2244695773904096
        }
    },
    "random": {
        "sufficiency": {
            "mean": 0.22418176272082316,
            "std": 0.36670904784310077
        },
        "comprehensiveness": {
            "mean": 0.2081359751097441,
            "std": 0.338327153131055
        },
        "AOPC - sufficiency": {
            "mean": 0.2146835562792767,
            "std": 0.24730935877839028
        },
        "AOPC - comprehensiveness": {
            "mean": 0.19565192603346243,
            "std": 0.15592137660023955
        }
    },
    "lime": {
        "sufficiency": {
            "mean": 0.2974691524000054,
            "std": 0.39371937263644863
        },
        "comprehensiveness": {
            "mean": 0.2352743377720417,
            "std": 0.31828235314799636
        },
        "AOPC - sufficiency": {
            "mean": 0.22229347863541135,
            "std": 0.2549755060488593
        },
        "AOPC - comprehensiveness": {
            "mean": 0.20054585310375192,
            "std": 0.17590630302483048
        }
    },
    "ig": {
        "sufficiency": {
            "mean": 0.24509723223544122,
            "std": 0.358378979951126
        },
        "comprehensiveness": {
            "mean": 0.19945836657251945,
            "std": 0.33347091448515215
        },
        "AOPC - sufficiency": {
            "mean": 0.21445651452747494,
            "std": 0.2285530922102827
        },
        "AOPC - comprehensiveness": {
            "mean": 0.18309101530314298,
            "std": 0.18191572838851958
        }
    },
    "attention": {
        "sufficiency": {
            "mean": 0.30092264711334665,
            "std": 0.3964690629600598
        },
        "comprehensiveness": {
            "mean": 0.29379636500267386,
            "std": 0.3707322485005713
        },
        "AOPC - sufficiency": {
            "mean": 0.2570409170008458,
            "std": 0.26211615738696814
        },
        "AOPC - comprehensiveness": {
            "mean": 0.219278767592166,
            "std": 0.22098028467818304
        }
    },
    "scaled attention": {
        "sufficiency": {
            "mean": 0.3104375430297334,
            "std": 0.36973556429760424
        },
        "comprehensiveness": {
            "mean": 0.25609292512177534,
            "std": 0.34663927631268304
        },
        "AOPC - sufficiency": {
            "mean": 0.24704373481813202,
            "std": 0.262487806552517
        },
        "AOPC - comprehensiveness": {
            "mean": 0.1930010230302698,
            "std": 0.18944135195621997
        }
    },
    "deeplift": {
        "sufficiency": {
            "mean": 0.1887805055923718,
            "std": 0.32930241069034
        },
        "comprehensiveness": {
            "mean": 0.1673037069280695,
            "std": 0.30075796435594987
        },
        "AOPC - sufficiency": {
            "mean": 0.20256336661977023,
            "std": 0.23634149411423888
        },
        "AOPC - comprehensiveness": {
            "mean": 0.16474275957007678,
            "std": 0.149379617956819
        }
    },
    "deepliftshap": {
        "sufficiency": {
            "mean": 0.19787917457949014,
            "std": 0.3597761619631795
        },
        "comprehensiveness": {
            "mean": 0.2315632013563075,
            "std": 0.33945049583433745
        },
        "AOPC - sufficiency": {
            "mean": 0.1958572268647227,
            "std": 0.2455292569974995
        },
        "AOPC - comprehensiveness": {
            "mean": 0.2251782474073221,
            "std": 0.20075811956492484
        }
    }
}