,mean-acc,std-acc,mean-f1,std-f1,mean-ece,std-ece,Domain
model,0.8895522388059701,0.010710970219706,0.883441587405535,0.012034985734892001,0.021594844246978002,0.006687949082273,Full size
model,0.8985074626865671,0.010394319609838,0.8928873097636341,0.011730652325977002,0.026919075090493003,0.006185922306941,InDomain
model,0.8936329588014981,0.0065301856832060004,0.840368533852291,0.008301302867188,0.026376293035928002,0.004612299027478,OOD1
model,0.8861423220973781,0.009355802244791002,0.841143825972669,0.010840604877209,0.031996060444621,0.0058476974482400005,OOD2
