,mean-acc,std-acc,mean-f1,std-f1,mean-ece,std-ece,Domain
model,0.862686567164179,0.011657089068517,0.8526521782593981,0.011712295023151001,0.06070969038045201,0.009743302702296001,Full size
model,0.8589552238805971,0.016075118827267,0.851669390581621,0.016611217064986,0.037913719575796,0.011507398858163001,InDomain
model,0.888389513108614,0.015783750940603,0.850488296127452,0.014822841755783002,0.024856274583366002,0.006035493898555001,OOD1
model,0.8629213483146061,0.010215866439689001,0.8055006144652631,0.009919111668505001,0.033858113387104004,0.016066519538025,OOD2
