,Domain,Bert F1,Bert std,FRESH F1,FRESH std,KUMA F1,KUMA std,LSTM F1,LSTM std
0,Full,0.892789992225631,0.009915725995158001,0.8334678121143401,0.011366441778051,0.48679463245279303,0.059604640521464004,0.7133639339971011,0.016581433355921
1,InDomain,0.8957116060924201,0.005904094779976001,0.8502223483275081,0.019482644569131003,0.47789737108510005,0.022391262843118,0.7279769335649361,0.013433647250124001
2,OOD1,0.837104788047852,0.01186462456742,0.702894690239637,0.05044591763259101,0.5214298374651061,0.056520186498963,0.6964080335925731,0.033121109268964
3,OOD2,0.8374081973241551,0.011755567256441,0.7153722668569421,0.040094340824913005,0.517855498954915,0.05446521217225601,0.7268081600992391,0.017282922816297
