,mean-acc,std-acc,mean-f1,std-f1,mean-ece,std-ece,domain,Model
model,0.648507462686567,0.040422694220748005,0.5158723246785261,0.091320039119929,0.13448674554255402,0.040282509170344004,Full data,Kuma
model,0.5619402985074621,0.046878503804595004,0.489907943076042,0.036873024499237,0.058888268292839004,0.027181615876995004,InDomain,Kuma
model,0.7168539325842691,0.10990068573971101,0.46653553978008505,0.044927948954496005,0.17872542133938502,0.08833820975638201,OOD1,Kuma
model,0.717602996254681,0.128516275663036,0.45988921467666305,0.040271854388518005,0.189176459437452,0.077491264658039,OOD2,Kuma
model,0.7858208955223881,0.031976545202430005,0.7422264651918951,0.05372598250441601,0.129214383950873,0.055353320894242004,Full data,LSTM
model,0.7835820895522381,0.0216289205167,0.775393717299899,0.020011524828532003,0.088431656227182,0.033259852105257004,InDomain,LSTM
model,0.8097378277153551,0.012399210005428,0.7241632463266781,0.020439623636289,0.05030708964844301,0.014264616746438,OOD1,LSTM
model,0.7977528089887641,0.017406666724527002,0.715333521554754,0.021005712785377002,0.067374128661352,0.010797476674337001,OOD2,LSTM
