{
    "scaled attention": {
        "sufficiency": {
            "mean": 0.9598147459639709,
            "std": 0.16703633354431244
        },
        "comprehensiveness": {
            "mean": 0.3382833558046832,
            "std": 0.3621807845296802
        },
        "AOPC - sufficiency": {
            "mean": 0.764301505792979,
            "std": 0.12994153607877357
        },
        "AOPC - comprehensiveness": {
            "mean": 0.2034152308859271,
            "std": 0.19008829128828794
        }
    },
    "random": {
        "sufficiency": {
            "mean": 0.9497504461121007,
            "std": 0.17529999516637737
        },
        "comprehensiveness": {
            "mean": 0.17515426941383225,
            "std": 0.27912258384435723
        },
        "AOPC - sufficiency": {
            "mean": 0.753451836736738,
            "std": 0.13323696059454984
        },
        "AOPC - comprehensiveness": {
            "mean": 0.1125709858829318,
            "std": 0.13491729515193165
        }
    },
    "deeplift": {
        "sufficiency": {
            "mean": 0.954833879300633,
            "std": 0.17057798708740707
        },
        "comprehensiveness": {
            "mean": 0.19736456826341325,
            "std": 0.2884137545291373
        },
        "AOPC - sufficiency": {
            "mean": 0.7572995971744435,
            "std": 0.13191233453515813
        },
        "AOPC - comprehensiveness": {
            "mean": 0.10858695486986929,
            "std": 0.12818137973362678
        }
    },
    "gradients": {
        "sufficiency": {
            "mean": 0.9518739318875375,
            "std": 0.17060543650102675
        },
        "comprehensiveness": {
            "mean": 0.19746598224429282,
            "std": 0.2899664871647341
        },
        "AOPC - sufficiency": {
            "mean": 0.7576645637494588,
            "std": 0.13292933612563002
        },
        "AOPC - comprehensiveness": {
            "mean": 0.12137798760664009,
            "std": 0.14924161250999568
        }
    },
    "lime": {
        "sufficiency": {
            "mean": 0.9511208349613707,
            "std": 0.17096285344893025
        },
        "comprehensiveness": {
            "mean": 0.14429844866231606,
            "std": 0.24332291842997994
        },
        "AOPC - sufficiency": {
            "mean": 0.7514212243428594,
            "std": 0.1342139236062746
        },
        "AOPC - comprehensiveness": {
            "mean": 0.09400341157116689,
            "std": 0.12157988939358601
        }
    },
    "attention": {
        "sufficiency": {
            "mean": 0.9587270023175148,
            "std": 0.16815307672830682
        },
        "comprehensiveness": {
            "mean": 0.18213401764979545,
            "std": 0.28198120042206787
        },
        "AOPC - sufficiency": {
            "mean": 0.7613514126244509,
            "std": 0.1320598024396313
        },
        "AOPC - comprehensiveness": {
            "mean": 0.09121154244946765,
            "std": 0.12491875664330561
        }
    }
}