{
    "scaled attention": {
        "sufficiency": {
            "mean": 0.9638371936234197,
            "std": 0.13740860007127584
        },
        "comprehensiveness": {
            "mean": 0.2991150103416825,
            "std": 0.33689254784504663
        },
        "AOPC - sufficiency": {
            "mean": 0.7680195084583841,
            "std": 0.1050667890007367
        },
        "AOPC - comprehensiveness": {
            "mean": 0.18274980909991143,
            "std": 0.1801230785018699
        }
    },
    "random": {
        "sufficiency": {
            "mean": 0.9521617286321963,
            "std": 0.14466475489137975
        },
        "comprehensiveness": {
            "mean": 0.17933356922038152,
            "std": 0.2811491981965263
        },
        "AOPC - sufficiency": {
            "mean": 0.7545583776937179,
            "std": 0.10959281203411175
        },
        "AOPC - comprehensiveness": {
            "mean": 0.11031516113274739,
            "std": 0.13499516719165774
        }
    },
    "deeplift": {
        "sufficiency": {
            "mean": 0.9592314417624984,
            "std": 0.13940832061009936
        },
        "comprehensiveness": {
            "mean": 0.20125081129182393,
            "std": 0.2904430400941111
        },
        "AOPC - sufficiency": {
            "mean": 0.7594834857101679,
            "std": 0.10736832154881
        },
        "AOPC - comprehensiveness": {
            "mean": 0.1092080546423951,
            "std": 0.12869984055060232
        }
    },
    "gradients": {
        "sufficiency": {
            "mean": 0.9596710073141229,
            "std": 0.13878470938590345
        },
        "comprehensiveness": {
            "mean": 0.18397907925855872,
            "std": 0.27449164412840027
        },
        "AOPC - sufficiency": {
            "mean": 0.7631302966033386,
            "std": 0.10581725047104161
        },
        "AOPC - comprehensiveness": {
            "mean": 0.11479764601614732,
            "std": 0.14011726089385182
        }
    },
    "lime": {
        "sufficiency": {
            "mean": 0.9543214142027511,
            "std": 0.14420255180656052
        },
        "comprehensiveness": {
            "mean": 0.1480239267166842,
            "std": 0.2487659527136291
        },
        "AOPC - sufficiency": {
            "mean": 0.7541258432531102,
            "std": 0.10953831950332528
        },
        "AOPC - comprehensiveness": {
            "mean": 0.09294392241053843,
            "std": 0.12015514583103785
        }
    },
    "attention": {
        "sufficiency": {
            "mean": 0.9645428535837293,
            "std": 0.13608784320003076
        },
        "comprehensiveness": {
            "mean": 0.16493325977475679,
            "std": 0.2672283152625708
        },
        "AOPC - sufficiency": {
            "mean": 0.7674387742428066,
            "std": 0.10360291643615359
        },
        "AOPC - comprehensiveness": {
            "mean": 0.08568557632887826,
            "std": 0.11494636378483852
        }
    }
}