{
    "deeplift": {
        "sufficiency": {
            "mean": 0.9572640307860242,
            "std": 0.13816566544361014
        },
        "comprehensiveness": {
            "mean": 0.2454032859490746,
            "std": 0.29694903255098765
        },
        "AOPC - sufficiency": {
            "mean": 0.7541698343793403,
            "std": 0.10947436163786382
        },
        "AOPC - comprehensiveness": {
            "mean": 0.13773057838877156,
            "std": 0.14135302122630997
        }
    },
    "scaled attention": {
        "sufficiency": {
            "mean": 0.9626511271793159,
            "std": 0.13769937301570698
        },
        "comprehensiveness": {
            "mean": 0.4105600676882077,
            "std": 0.3647083230862719
        },
        "AOPC - sufficiency": {
            "mean": 0.767738545509503,
            "std": 0.10436311905119518
        },
        "AOPC - comprehensiveness": {
            "mean": 0.23855863414920675,
            "std": 0.20252663445191257
        }
    },
    "attention": {
        "sufficiency": {
            "mean": 0.9626729611973026,
            "std": 0.13732722754952728
        },
        "comprehensiveness": {
            "mean": 0.184361702511548,
            "std": 0.27536520146780824
        },
        "AOPC - sufficiency": {
            "mean": 0.7536254367236845,
            "std": 0.10594182963590133
        },
        "AOPC - comprehensiveness": {
            "mean": 0.0896307581389608,
            "std": 0.1140922621572187
        }
    },
    "random": {
        "sufficiency": {
            "mean": 0.9530034763512362,
            "std": 0.14602299351814788
        },
        "comprehensiveness": {
            "mean": 0.19239194853605074,
            "std": 0.262621453738591
        },
        "AOPC - sufficiency": {
            "mean": 0.746419492907937,
            "std": 0.11178925623035581
        },
        "AOPC - comprehensiveness": {
            "mean": 0.11849337980317161,
            "std": 0.13957481280135292
        }
    },
    "lime": {
        "sufficiency": {
            "mean": 0.9461930436949711,
            "std": 0.15269830952828967
        },
        "comprehensiveness": {
            "mean": 0.14181160275553423,
            "std": 0.23526953561298106
        },
        "AOPC - sufficiency": {
            "mean": 0.7386549317040616,
            "std": 0.11373250501041746
        },
        "AOPC - comprehensiveness": {
            "mean": 0.09201535493529103,
            "std": 0.12156260245612635
        }
    },
    "gradients": {
        "sufficiency": {
            "mean": 0.9584863088293991,
            "std": 0.13786740429924402
        },
        "comprehensiveness": {
            "mean": 0.1602707328140032,
            "std": 0.2513689609887428
        },
        "AOPC - sufficiency": {
            "mean": 0.7540697058809097,
            "std": 0.10927373831187844
        },
        "AOPC - comprehensiveness": {
            "mean": 0.10330716378580376,
            "std": 0.1366903726567221
        }
    }
}