,mean-acc,std-acc,mean-f1,std-f1,mean-ece,std-ece,Domain
model,0.906582603120324,0.002555193792234,0.90823276003224,0.0025017230049240004,0.04554694271936,0.006971024414314001,Full
model,0.8947852105150671,0.005841895197188,0.891472038381489,0.005468678806846001,0.059834681135081,0.006219370215996001,SynD
model,0.8678777516563361,0.007599452918225001,0.8746312844045031,0.006572831048340001,0.079302078649818,0.007805840680118001,AsyD1
model,0.8464201752511211,0.005924117672351001,0.8554671901224481,0.004710645364709,0.096344088397237,0.009097797633727001,AsyD2
