,AsyD1,AsyD2
Suff_diff,0.028250738560933186,0.023195894986537402
Comp_diff,-0.018974657414388307,-0.1382582115128841
