,mean-acc,std-acc,mean-f1,std-f1,mean-ece,std-ece,Domain,Model
model,0.8511647787988881,0.005458215387884001,0.853762861109422,0.0055094549609500006,0.041193865808724,0.014072094602124,Full data,Kuma
model,0.819626001780944,0.010443926375395,0.8243002214361601,0.011663595819497,0.030007983378183,0.020070274371598,InDomain,Kuma
model,0.771917076298354,0.025229349386466003,0.762080201708323,0.022916976530854002,0.04573751616857501,0.039032469303884,OOD1,Kuma
model,0.7716178670656121,0.018953005794225,0.758126145850002,0.016342686326293,0.044010678998016,0.035800469710947004,OOD2,Kuma
model,0.8562085915793971,0.003336100111801,0.859077192659446,0.002960076375757,0.06131080982203001,0.028043643412326003,Full data,LSTM
model,0.836473731077471,0.006118157949373,0.8426342020898001,0.005461688699204,0.078561103778127,0.031602446150749,InDomain,LSTM
model,0.7862150032058131,0.020132075869473003,0.7753602337816281,0.020802781467115002,0.09704752618633601,0.042855871184068,OOD1,LSTM
model,0.7887796537721731,0.015353818725263,0.773031130776428,0.014274940887708,0.10064655996191801,0.045129199866783,OOD2,LSTM
