,Domain,Bert F1,Bert std,FRESH F1,FRESH std,LSTM F1,LSTM std,KUMA F1,KUMA std,SPECTRA F1,SPECTRA std
0,Full,0.90823276003224,0.0025017230049240004,0.9009635299400921,0.001122374580593,86.8416766968318,0.08724981085160001,85.00687696977911,0.3984103746818,83.212,0.36423893257036
1,SynD,0.891472038381489,0.005468678806846001,0.8701139958556431,0.005634232223911,84.4038491845625,0.1171253112276,81.8791361926484,1.0751136802623,80.396,0.7847483673127299
2,AsyD1,0.8746312844045031,0.006572831048340001,0.8457201998546061,0.007661862231555,82.3851978340239,0.5043506491312,79.07053653361871,1.7283298317682,78.33,1.67930044959203
3,AsyD2,0.8554671901224481,0.004710645364709,0.833421586985969,0.0033880759953190003,79.43657101844181,0.62502196933,77.3546307122801,1.4544405634730002,77.74600000000001,1.85100783358688
