,LSTM F1,LSTM std,KUMA F1,KUMA std,SPECTRA F1,SPECTRA std
0,86.8416766968318,0.08724981085160001,85.00687696977911,0.3984103746818,83.212,0.36423893257036
1,84.4038491845625,0.1171253112276,81.8791361926484,1.0751136802623,80.396,0.7847483673127299
2,82.3851978340239,0.5043506491312,79.07053653361871,1.7283298317682,78.33,1.67930044959203
3,79.43657101844181,0.62502196933,77.3546307122801,1.4544405634730002,77.74600000000001,1.85100783358688
